case_id,converged,q_kN_m,E_GPa,damage_target,damage_pct,damage_pct_percent,total_load_kN,reaction_vertical_total_kN,reaction_horizontal_total_kN,u_total_max_mm,uz_min_mm,ux_max_abs_mm,max_P_kN,max_V_kN,max_M_kNm,max_sigma_MPa,max_sigma_arco_MPa,max_sigma_tablero_MPa,max_sigma_pilar_MPa,norm_disp,norm_stress,norm_load,norm_damage,risk_index,estado
S0001,True,0,40,sin_danio,0.0,0.0,-0.0,0.0,0.0,0.0,0.0,0.0,0.0,0.0,0.0,0.0,0.0,0.0,0.0,0.0,0.0,0.0,0.0,0.0,seguro
S0002,True,0,40,arco_a1_a2,0.1,10.0,-0.0,0.0,0.0,0.0,0.0,0.0,0.0,0.0,0.0,0.0,0.0,0.0,0.0,0.0,0.0,0.0,0.25,0.0375,seguro
S0003,True,0,40,arco_a1_a2,0.2,20.0,-0.0,0.0,0.0,0.0,0.0,0.0,0.0,0.0,0.0,0.0,0.0,0.0,0.0,0.0,0.0,0.0,0.5,0.075,seguro
S0004,True,0,40,arco_a1_a2,0.3,30.0,-0.0,0.0,0.0,0.0,0.0,0.0,0.0,0.0,0.0,0.0,0.0,0.0,0.0,0.0,0.0,0.0,0.7499999999999999,0.11249999999999998,seguro
S0005,True,0,40,arco_a1_a2,0.4,40.0,-0.0,0.0,0.0,0.0,0.0,0.0,0.0,0.0,0.0,0.0,0.0,0.0,0.0,0.0,0.0,0.0,1.0,0.15,seguro
S0006,True,0,40,arco_a2_a3,0.1,10.0,-0.0,0.0,0.0,0.0,0.0,0.0,0.0,0.0,0.0,0.0,0.0,0.0,0.0,0.0,0.0,0.0,0.25,0.0375,seguro
S0007,True,0,40,arco_a2_a3,0.2,20.0,-0.0,0.0,0.0,0.0,0.0,0.0,0.0,0.0,0.0,0.0,0.0,0.0,0.0,0.0,0.0,0.0,0.5,0.075,seguro
S0008,True,0,40,arco_a2_a3,0.3,30.0,-0.0,0.0,0.0,0.0,0.0,0.0,0.0,0.0,0.0,0.0,0.0,0.0,0.0,0.0,0.0,0.0,0.7499999999999999,0.11249999999999998,seguro
S0009,True,0,40,arco_a2_a3,0.4,40.0,-0.0,0.0,0.0,0.0,0.0,0.0,0.0,0.0,0.0,0.0,0.0,0.0,0.0,0.0,0.0,0.0,1.0,0.15,seguro
S0010,True,0,40,arco_a3_a4,0.1,10.0,-0.0,0.0,0.0,0.0,0.0,0.0,0.0,0.0,0.0,0.0,0.0,0.0,0.0,0.0,0.0,0.0,0.25,0.0375,seguro
S0011,True,0,40,arco_a3_a4,0.2,20.0,-0.0,0.0,0.0,0.0,0.0,0.0,0.0,0.0,0.0,0.0,0.0,0.0,0.0,0.0,0.0,0.0,0.5,0.075,seguro
S0012,True,0,40,arco_a3_a4,0.3,30.0,-0.0,0.0,0.0,0.0,0.0,0.0,0.0,0.0,0.0,0.0,0.0,0.0,0.0,0.0,0.0,0.0,0.7499999999999999,0.11249999999999998,seguro
S0013,True,0,40,arco_a3_a4,0.4,40.0,-0.0,0.0,0.0,0.0,0.0,0.0,0.0,0.0,0.0,0.0,0.0,0.0,0.0,0.0,0.0,0.0,1.0,0.15,seguro
S0014,True,0,40,tablero,0.1,10.0,-0.0,0.0,0.0,0.0,0.0,0.0,0.0,0.0,0.0,0.0,0.0,0.0,0.0,0.0,0.0,0.0,0.25,0.0375,seguro
S0015,True,0,40,tablero,0.2,20.0,-0.0,0.0,0.0,0.0,0.0,0.0,0.0,0.0,0.0,0.0,0.0,0.0,0.0,0.0,0.0,0.0,0.5,0.075,seguro
S0016,True,0,40,tablero,0.3,30.0,-0.0,0.0,0.0,0.0,0.0,0.0,0.0,0.0,0.0,0.0,0.0,0.0,0.0,0.0,0.0,0.0,0.7499999999999999,0.11249999999999998,seguro
S0017,True,0,40,tablero,0.4,40.0,-0.0,0.0,0.0,0.0,0.0,0.0,0.0,0.0,0.0,0.0,0.0,0.0,0.0,0.0,0.0,0.0,1.0,0.15,seguro
S0018,True,0,40,pilares,0.1,10.0,-0.0,0.0,0.0,0.0,0.0,0.0,0.0,0.0,0.0,0.0,0.0,0.0,0.0,0.0,0.0,0.0,0.25,0.0375,seguro
S0019,True,0,40,pilares,0.2,20.0,-0.0,0.0,0.0,0.0,0.0,0.0,0.0,0.0,0.0,0.0,0.0,0.0,0.0,0.0,0.0,0.0,0.5,0.075,seguro
S0020,True,0,40,pilares,0.3,30.0,-0.0,0.0,0.0,0.0,0.0,0.0,0.0,0.0,0.0,0.0,0.0,0.0,0.0,0.0,0.0,0.0,0.7499999999999999,0.11249999999999998,seguro
S0021,True,0,40,pilares,0.4,40.0,-0.0,0.0,0.0,0.0,0.0,0.0,0.0,0.0,0.0,0.0,0.0,0.0,0.0,0.0,0.0,0.0,1.0,0.15,seguro
S0022,True,0,40,montantes,0.1,10.0,-0.0,0.0,0.0,0.0,0.0,0.0,0.0,0.0,0.0,0.0,0.0,0.0,0.0,0.0,0.0,0.0,0.25,0.0375,seguro
S0023,True,0,40,montantes,0.2,20.0,-0.0,0.0,0.0,0.0,0.0,0.0,0.0,0.0,0.0,0.0,0.0,0.0,0.0,0.0,0.0,0.0,0.5,0.075,seguro
S0024,True,0,40,montantes,0.3,30.0,-0.0,0.0,0.0,0.0,0.0,0.0,0.0,0.0,0.0,0.0,0.0,0.0,0.0,0.0,0.0,0.0,0.7499999999999999,0.11249999999999998,seguro
S0025,True,0,40,montantes,0.4,40.0,-0.0,0.0,0.0,0.0,0.0,0.0,0.0,0.0,0.0,0.0,0.0,0.0,0.0,0.0,0.0,0.0,1.0,0.15,seguro
S0026,True,0,50,sin_danio,0.0,0.0,-0.0,0.0,0.0,0.0,0.0,0.0,0.0,0.0,0.0,0.0,0.0,0.0,0.0,0.0,0.0,0.0,0.0,0.0,seguro
S0027,True,0,50,arco_a1_a2,0.1,10.0,-0.0,0.0,0.0,0.0,0.0,0.0,0.0,0.0,0.0,0.0,0.0,0.0,0.0,0.0,0.0,0.0,0.25,0.0375,seguro
S0028,True,0,50,arco_a1_a2,0.2,20.0,-0.0,0.0,0.0,0.0,0.0,0.0,0.0,0.0,0.0,0.0,0.0,0.0,0.0,0.0,0.0,0.0,0.5,0.075,seguro
S0029,True,0,50,arco_a1_a2,0.3,30.0,-0.0,0.0,0.0,0.0,0.0,0.0,0.0,0.0,0.0,0.0,0.0,0.0,0.0,0.0,0.0,0.0,0.7499999999999999,0.11249999999999998,seguro
S0030,True,0,50,arco_a1_a2,0.4,40.0,-0.0,0.0,0.0,0.0,0.0,0.0,0.0,0.0,0.0,0.0,0.0,0.0,0.0,0.0,0.0,0.0,1.0,0.15,seguro
S0031,True,0,50,arco_a2_a3,0.1,10.0,-0.0,0.0,0.0,0.0,0.0,0.0,0.0,0.0,0.0,0.0,0.0,0.0,0.0,0.0,0.0,0.0,0.25,0.0375,seguro
S0032,True,0,50,arco_a2_a3,0.2,20.0,-0.0,0.0,0.0,0.0,0.0,0.0,0.0,0.0,0.0,0.0,0.0,0.0,0.0,0.0,0.0,0.0,0.5,0.075,seguro
S0033,True,0,50,arco_a2_a3,0.3,30.0,-0.0,0.0,0.0,0.0,0.0,0.0,0.0,0.0,0.0,0.0,0.0,0.0,0.0,0.0,0.0,0.0,0.7499999999999999,0.11249999999999998,seguro
S0034,True,0,50,arco_a2_a3,0.4,40.0,-0.0,0.0,0.0,0.0,0.0,0.0,0.0,0.0,0.0,0.0,0.0,0.0,0.0,0.0,0.0,0.0,1.0,0.15,seguro
S0035,True,0,50,arco_a3_a4,0.1,10.0,-0.0,0.0,0.0,0.0,0.0,0.0,0.0,0.0,0.0,0.0,0.0,0.0,0.0,0.0,0.0,0.0,0.25,0.0375,seguro
S0036,True,0,50,arco_a3_a4,0.2,20.0,-0.0,0.0,0.0,0.0,0.0,0.0,0.0,0.0,0.0,0.0,0.0,0.0,0.0,0.0,0.0,0.0,0.5,0.075,seguro
S0037,True,0,50,arco_a3_a4,0.3,30.0,-0.0,0.0,0.0,0.0,0.0,0.0,0.0,0.0,0.0,0.0,0.0,0.0,0.0,0.0,0.0,0.0,0.7499999999999999,0.11249999999999998,seguro
S0038,True,0,50,arco_a3_a4,0.4,40.0,-0.0,0.0,0.0,0.0,0.0,0.0,0.0,0.0,0.0,0.0,0.0,0.0,0.0,0.0,0.0,0.0,1.0,0.15,seguro
S0039,True,0,50,tablero,0.1,10.0,-0.0,0.0,0.0,0.0,0.0,0.0,0.0,0.0,0.0,0.0,0.0,0.0,0.0,0.0,0.0,0.0,0.25,0.0375,seguro
S0040,True,0,50,tablero,0.2,20.0,-0.0,0.0,0.0,0.0,0.0,0.0,0.0,0.0,0.0,0.0,0.0,0.0,0.0,0.0,0.0,0.0,0.5,0.075,seguro
S0041,True,0,50,tablero,0.3,30.0,-0.0,0.0,0.0,0.0,0.0,0.0,0.0,0.0,0.0,0.0,0.0,0.0,0.0,0.0,0.0,0.0,0.7499999999999999,0.11249999999999998,seguro
S0042,True,0,50,tablero,0.4,40.0,-0.0,0.0,0.0,0.0,0.0,0.0,0.0,0.0,0.0,0.0,0.0,0.0,0.0,0.0,0.0,0.0,1.0,0.15,seguro
S0043,True,0,50,pilares,0.1,10.0,-0.0,0.0,0.0,0.0,0.0,0.0,0.0,0.0,0.0,0.0,0.0,0.0,0.0,0.0,0.0,0.0,0.25,0.0375,seguro
S0044,True,0,50,pilares,0.2,20.0,-0.0,0.0,0.0,0.0,0.0,0.0,0.0,0.0,0.0,0.0,0.0,0.0,0.0,0.0,0.0,0.0,0.5,0.075,seguro
S0045,True,0,50,pilares,0.3,30.0,-0.0,0.0,0.0,0.0,0.0,0.0,0.0,0.0,0.0,0.0,0.0,0.0,0.0,0.0,0.0,0.0,0.7499999999999999,0.11249999999999998,seguro
S0046,True,0,50,pilares,0.4,40.0,-0.0,0.0,0.0,0.0,0.0,0.0,0.0,0.0,0.0,0.0,0.0,0.0,0.0,0.0,0.0,0.0,1.0,0.15,seguro
S0047,True,0,50,montantes,0.1,10.0,-0.0,0.0,0.0,0.0,0.0,0.0,0.0,0.0,0.0,0.0,0.0,0.0,0.0,0.0,0.0,0.0,0.25,0.0375,seguro
S0048,True,0,50,montantes,0.2,20.0,-0.0,0.0,0.0,0.0,0.0,0.0,0.0,0.0,0.0,0.0,0.0,0.0,0.0,0.0,0.0,0.0,0.5,0.075,seguro
S0049,True,0,50,montantes,0.3,30.0,-0.0,0.0,0.0,0.0,0.0,0.0,0.0,0.0,0.0,0.0,0.0,0.0,0.0,0.0,0.0,0.0,0.7499999999999999,0.11249999999999998,seguro
S0050,True,0,50,montantes,0.4,40.0,-0.0,0.0,0.0,0.0,0.0,0.0,0.0,0.0,0.0,0.0,0.0,0.0,0.0,0.0,0.0,0.0,1.0,0.15,seguro
S0051,True,0,60,sin_danio,0.0,0.0,-0.0,0.0,0.0,0.0,0.0,0.0,0.0,0.0,0.0,0.0,0.0,0.0,0.0,0.0,0.0,0.0,0.0,0.0,seguro
S0052,True,0,60,arco_a1_a2,0.1,10.0,-0.0,0.0,0.0,0.0,0.0,0.0,0.0,0.0,0.0,0.0,0.0,0.0,0.0,0.0,0.0,0.0,0.25,0.0375,seguro
S0053,True,0,60,arco_a1_a2,0.2,20.0,-0.0,0.0,0.0,0.0,0.0,0.0,0.0,0.0,0.0,0.0,0.0,0.0,0.0,0.0,0.0,0.0,0.5,0.075,seguro
S0054,True,0,60,arco_a1_a2,0.3,30.0,-0.0,0.0,0.0,0.0,0.0,0.0,0.0,0.0,0.0,0.0,0.0,0.0,0.0,0.0,0.0,0.0,0.7499999999999999,0.11249999999999998,seguro
S0055,True,0,60,arco_a1_a2,0.4,40.0,-0.0,0.0,0.0,0.0,0.0,0.0,0.0,0.0,0.0,0.0,0.0,0.0,0.0,0.0,0.0,0.0,1.0,0.15,seguro
S0056,True,0,60,arco_a2_a3,0.1,10.0,-0.0,0.0,0.0,0.0,0.0,0.0,0.0,0.0,0.0,0.0,0.0,0.0,0.0,0.0,0.0,0.0,0.25,0.0375,seguro
S0057,True,0,60,arco_a2_a3,0.2,20.0,-0.0,0.0,0.0,0.0,0.0,0.0,0.0,0.0,0.0,0.0,0.0,0.0,0.0,0.0,0.0,0.0,0.5,0.075,seguro
S0058,True,0,60,arco_a2_a3,0.3,30.0,-0.0,0.0,0.0,0.0,0.0,0.0,0.0,0.0,0.0,0.0,0.0,0.0,0.0,0.0,0.0,0.0,0.7499999999999999,0.11249999999999998,seguro
S0059,True,0,60,arco_a2_a3,0.4,40.0,-0.0,0.0,0.0,0.0,0.0,0.0,0.0,0.0,0.0,0.0,0.0,0.0,0.0,0.0,0.0,0.0,1.0,0.15,seguro
S0060,True,0,60,arco_a3_a4,0.1,10.0,-0.0,0.0,0.0,0.0,0.0,0.0,0.0,0.0,0.0,0.0,0.0,0.0,0.0,0.0,0.0,0.0,0.25,0.0375,seguro
S0061,True,0,60,arco_a3_a4,0.2,20.0,-0.0,0.0,0.0,0.0,0.0,0.0,0.0,0.0,0.0,0.0,0.0,0.0,0.0,0.0,0.0,0.0,0.5,0.075,seguro
S0062,True,0,60,arco_a3_a4,0.3,30.0,-0.0,0.0,0.0,0.0,0.0,0.0,0.0,0.0,0.0,0.0,0.0,0.0,0.0,0.0,0.0,0.0,0.7499999999999999,0.11249999999999998,seguro
S0063,True,0,60,arco_a3_a4,0.4,40.0,-0.0,0.0,0.0,0.0,0.0,0.0,0.0,0.0,0.0,0.0,0.0,0.0,0.0,0.0,0.0,0.0,1.0,0.15,seguro
S0064,True,0,60,tablero,0.1,10.0,-0.0,0.0,0.0,0.0,0.0,0.0,0.0,0.0,0.0,0.0,0.0,0.0,0.0,0.0,0.0,0.0,0.25,0.0375,seguro
S0065,True,0,60,tablero,0.2,20.0,-0.0,0.0,0.0,0.0,0.0,0.0,0.0,0.0,0.0,0.0,0.0,0.0,0.0,0.0,0.0,0.0,0.5,0.075,seguro
S0066,True,0,60,tablero,0.3,30.0,-0.0,0.0,0.0,0.0,0.0,0.0,0.0,0.0,0.0,0.0,0.0,0.0,0.0,0.0,0.0,0.0,0.7499999999999999,0.11249999999999998,seguro
S0067,True,0,60,tablero,0.4,40.0,-0.0,0.0,0.0,0.0,0.0,0.0,0.0,0.0,0.0,0.0,0.0,0.0,0.0,0.0,0.0,0.0,1.0,0.15,seguro
S0068,True,0,60,pilares,0.1,10.0,-0.0,0.0,0.0,0.0,0.0,0.0,0.0,0.0,0.0,0.0,0.0,0.0,0.0,0.0,0.0,0.0,0.25,0.0375,seguro
S0069,True,0,60,pilares,0.2,20.0,-0.0,0.0,0.0,0.0,0.0,0.0,0.0,0.0,0.0,0.0,0.0,0.0,0.0,0.0,0.0,0.0,0.5,0.075,seguro
S0070,True,0,60,pilares,0.3,30.0,-0.0,0.0,0.0,0.0,0.0,0.0,0.0,0.0,0.0,0.0,0.0,0.0,0.0,0.0,0.0,0.0,0.7499999999999999,0.11249999999999998,seguro
S0071,True,0,60,pilares,0.4,40.0,-0.0,0.0,0.0,0.0,0.0,0.0,0.0,0.0,0.0,0.0,0.0,0.0,0.0,0.0,0.0,0.0,1.0,0.15,seguro
S0072,True,0,60,montantes,0.1,10.0,-0.0,0.0,0.0,0.0,0.0,0.0,0.0,0.0,0.0,0.0,0.0,0.0,0.0,0.0,0.0,0.0,0.25,0.0375,seguro
S0073,True,0,60,montantes,0.2,20.0,-0.0,0.0,0.0,0.0,0.0,0.0,0.0,0.0,0.0,0.0,0.0,0.0,0.0,0.0,0.0,0.0,0.5,0.075,seguro
S0074,True,0,60,montantes,0.3,30.0,-0.0,0.0,0.0,0.0,0.0,0.0,0.0,0.0,0.0,0.0,0.0,0.0,0.0,0.0,0.0,0.0,0.7499999999999999,0.11249999999999998,seguro
S0075,True,0,60,montantes,0.4,40.0,-0.0,0.0,0.0,0.0,0.0,0.0,0.0,0.0,0.0,0.0,0.0,0.0,0.0,0.0,0.0,0.0,1.0,0.15,seguro
S0076,True,25,40,sin_danio,0.0,0.0,-1928.275,1928.2749999999999,5.820766091346741e-14,1.2011191439268885,-1.2011128237603481,0.172278806507228,652.4074312173278,724.8321069073289,571.4093239080429,3.527720257971325,3.527720257971325,0.9746928287717844,0.5575811609321623,0.0957975670845449,0.11408378607122897,0.125,0.0,0.09366859525029361,seguro
S0077,True,25,40,arco_a1_a2,0.1,10.0,-1928.275,1928.275,0.0,1.20287020788305,-1.2028670927483864,0.17159361277444524,652.045958993299,724.9962781753143,573.512222164803,3.5291225368216153,3.5291225368216153,0.9741253614284021,0.559359936271313,0.09593748291738048,0.11412913470112876,0.125,0.25,0.1312264420206092,seguro
S0078,True,25,40,arco_a1_a2,0.2,20.0,-1928.275,1928.2749999999996,-1.1641532182693482e-13,1.2048412257776664,-1.2048404388072131,0.1707895229892608,651.6184281628427,725.1821931897961,575.9844349603078,3.530779770559619,3.530779770559619,0.973441769899026,0.5614513274381097,0.09609487175522474,0.11418272837789756,0.125,0.5,0.16879241645883158,seguro
S0079,True,25,40,arco_a1_a2,0.3,30.0,-1928.275,1928.2749999999999,0.0,1.2070697439364688,-1.2070697213172406,0.1698378697703525,651.1083099508835,725.3939504507956,578.9157977596108,3.5327555111866413,3.5327555111866413,0.9726109091420688,0.563931417615232,0.09627267340431225,0.11424662232484988,0.125,0.7499999999999999,0.2063681198349911,seguro
S0080,True,25,40,arco_a1_a2,0.4,40.0,-1928.275,1928.2749999999999,1.7462298274040223e-13,1.2095965798885349,-1.209594649526264,0.16869971363311978,650.4927592237717,725.6363556453833,582.4288538065606,3.535137447274029,3.535137447274029,0.9715884075349872,0.5669040165424637,0.09647405496872709,0.11432365232359053,0.125,1.0,0.2439554948038748,seguro
S0081,True,25,40,arco_a2_a3,0.1,10.0,-1928.275,1928.2749999999999,-5.820766091346741e-14,1.2686974964262387,-1.2686930648557784,0.1725024288519518,649.8592118325357,724.7456812945709,570.4105349276983,3.5261362526067512,3.5261362526067512,0.9890856120686752,0.5567122642498147,0.10118758753213353,0.11403256054427871,0.125,0.25,0.1327676724501376,seguro
S0082,True,25,40,arco_a2_a3,0.2,20.0,-1928.275,1928.2749999999999,0.0,1.3490847704064621,-1.3490819679458699,0.17270074101391483,646.7420323738653,724.6472867998464,569.4299601648682,3.524381872238754,3.524381872238754,1.0131900026738445,0.5558539861325562,0.10759919282372983,0.1139758252194927,0.125,0.5,0.17217129667394138,seguro
S0083,True,25,40,arco_a2_a3,0.3,30.0,-1928.275,1928.2749999999999,-1.1641532182693482e-13,1.4464944617282198,-1.4464929748159356,0.17286356404744738,642.855630603995,724.5361576235155,568.4715173912793,3.5223828478787707,3.5223828478787707,1.0427865523652937,0.5550076286349039,0.11536843587967617,0.11391117829435168,0.125,0.7499999999999999,0.2119794431669259,seguro
S0084,True,25,40,arco_a2_a3,0.4,40.0,-1928.275,1928.275,-5.820766091346741e-14,1.567254367607749,-1.5672538201052664,0.17297511696473153,637.8920021631291,724.4122792464202,567.5377770809824,3.520015251546404,3.520015251546404,1.0801482377406177,0.5541720808804605,0.125,0.1138346120323658,0.125,1.0,0.252342114211328,seguro
S0085,True,25,40,arco_a3_a4,0.1,10.0,-1928.275,1928.2749999999996,0.0,1.2027979371057935,-1.202784676760193,0.1869146364820012,641.9734693078799,723.9962115399363,579.019609418357,3.4599742784273544,3.4599742784273544,0.989681272446408,0.5633841794213363,0.09593090963716766,0.11189293269502484,0.125,0.25,0.130441799334409,seguro
S0086,True,25,40,arco_a3_a4,0.2,20.0,-1928.275,1928.2749999999999,1.1641532182693482e-13,1.2527712574477974,-1.2485390102346012,0.20420740692318787,629.6816719799566,723.0352964726305,587.9596632197408,3.385618571521774,3.385618571521774,1.0079118499466104,0.5702440169549738,0.09958015369127811,0.10948832577058877,0.125,0.5,0.1681949601270895,seguro
S0087,True,25,40,arco_a3_a4,0.3,30.0,-1928.275,1928.2749999999999,5.820766091346741e-14,1.341753769551916,-1.3372572024977907,0.22497974892299685,614.9476893166069,721.9274169589539,598.579621924576,3.302703771640842,3.302703771640842,1.0306577231250207,0.5784265941682263,0.10665608095375166,0.10680692429880805,0.125,0.7499999999999999,0.20687924779070826,seguro
S0088,True,25,40,arco_a3_a4,0.4,40.0,-1928.275,1928.275,5.820766091346741e-14,1.4524594863156692,-1.447684460205718,0.2504508540914347,596.8993768897019,720.64799157768,611.3854749873018,3.2082283492287567,3.2082283492287567,1.0599498412641126,0.5883086911026674,0.11546346558820977,0.10375166110011907,0.125,1.0,0.2459521210615046,seguro
S0089,True,25,40,tablero,0.1,10.0,-1928.275,1928.275,0.0,1.2565572749850562,-1.2565510169989396,0.17845169715434003,665.5459469896406,725.308968772886,573.2518461270033,3.5928477652288104,3.5928477652288104,0.9473156507272493,0.5595291128984085,0.10021917006035291,0.11618996004818374,0.125,0.25,0.1332322370349702,seguro
S0090,True,25,40,tablero,0.2,20.0,-1928.275,1928.275,0.0,1.321793143145321,-1.3217869462739782,0.19360850103832053,679.513100248432,725.8142678980345,575.6083083004094,3.668099938565267,3.668099938565267,0.9186829305808801,0.562016611598095,0.10542221442672882,0.11862355801415408,0.125,0.5,0.17314490963297258,seguro
S0091,True,25,40,tablero,0.3,30.0,-1928.275,1928.275,-1.1641532182693482e-13,1.4005128869762915,-1.400506716820588,0.21185331464651402,694.418963253687,726.3344137615808,578.8913662952806,3.7570539840131008,3.7570539840131008,0.8884638115981209,0.5654394326900053,0.11170069414207277,0.121500264087463,0.125,0.7499999999999999,0.21353530067323384,seguro
S0092,True,25,40,tablero,0.4,40.0,-1928.275,1928.2749999999999,-1.1641532182693482e-13,1.4986782873301296,-1.4986720389441017,0.23437325868305145,710.3980671324064,726.8401544513571,583.8595251371772,3.865273475155322,3.865273475155322,0.8561173205841099,0.5705133748989317,0.11953009937817871,0.12499999999999997,0.125,1.0,0.25460902981345357,seguro
S0093,True,25,40,pilares,0.1,10.0,-1928.275,1928.2749999999999,0.0,1.2047610419423518,-1.20475379100428,0.17250447545498865,651.9344008463477,725.0994161398074,561.3048677182534,3.5318161197846694,3.5318161197846694,0.9759188899346324,0.5493202051226344,0.09608796095671356,0.11421624312244641,0.125,0.25,0.13130207337987032,seguro
S0094,True,25,40,pilares,0.2,20.0,-1928.275,1928.2749999999999,-5.820766091346741e-14,1.2093928932336862,-1.2093846367340322,0.17271625682406802,651.4303682131194,725.4190498415744,550.1726969360808,3.535512554470164,3.535512554470164,0.9774020821123796,0.5401967485115016,0.09645730490648943,0.11433578300459363,0.125,0.5,0.16895471552355457,seguro
S0095,True,25,40,pilares,0.3,30.0,-1928.275,1928.275,5.820766091346741e-14,1.2154475308674508,-1.2154382169170144,0.17290202535815816,650.8946458242865,725.8107663707893,537.8096704141901,3.5384068048500104,3.5384068048500104,0.979237278721439,0.530031466732511,0.09694012237559725,0.11442938085732156,0.125,0.7499999999999999,0.20663232001274168,seguro
S0096,True,25,40,pilares,0.4,40.0,-1928.275,1928.275,5.820766091346741e-14,1.2236470636815466,-1.223636691097549,0.1730413098995643,650.3287117821285,726.3064914016971,523.9361845951746,3.539774173320393,3.539774173320393,0.9815756102144564,0.5185728881186241,0.09759401089028467,0.11447360051212645,0.125,1.0,0.24434396344632967,seguro
S0097,True,25,40,montantes,0.1,10.0,-1928.275,1928.275,0.0,1.2092650107188072,-1.2092585984353519,0.1718895161961634,651.3200782883808,725.2637140511574,586.1960080661219,3.543558051527796,3.543558051527796,0.9761097021823699,0.5688366249933321,0.09644725242671053,0.11459596825116626,0.125,0.25,0.13154276461592135,seguro
S0098,True,25,40,montantes,0.2,20.0,-1928.275,1928.275,0.0,1.2191848138874566,-1.2191782898669565,0.17131789723207422,649.845747275013,725.7182795819083,602.1788816621607,3.56070398958142,3.56070398958142,0.9780976035147791,0.5810335980436282,0.09723842065552192,0.11515045482772522,0.125,0.5,0.1694741853863604,seguro
S0099,True,25,40,montantes,0.3,30.0,-1928.275,1928.2749999999996,-5.820766091346741e-14,1.23158210118895,-1.231575441220262,0.1704785414898669,647.833127290542,726.1951841461192,619.5429648795396,3.57979294438545,3.57979294438545,0.9808680731128424,0.5943287031835478,0.09822718450428963,0.11576777708599258,0.125,0.7499999999999999,0.20748687733138427,seguro
S0100,True,25,40,montantes,0.4,40.0,-1928.275,1928.275,-5.820766091346741e-14,1.2475981631247666,-1.2475913375674996,0.16923013906302425,645.0471134676508,726.691243348516,638.5250963505699,3.6019169501282677,3.6019169501282677,0.984745387449516,0.6089285105206154,0.0995045698376176,0.11648325057981596,0.125,1.0,0.24562050865422086,seguro
S0101,True,25,50,sin_danio,0.0,0.0,-1928.275,1928.275,-5.820766091346741e-14,0.960895315141511,-0.9608902590082787,0.1378230452057824,652.4074312173278,724.8321069073289,571.4093239080429,3.527720257971324,3.527720257971324,0.9746928287717852,0.5575811609321623,0.07663805366763593,0.11408378607122893,0.125,0.0,0.0879207412252209,seguro
S0102,True,25,50,arco_a1_a2,0.1,10.0,-1928.275,1928.275,0.0,0.9622961663064398,-0.962293674198709,0.13727489021955622,652.0459589932989,724.9962781753142,573.5122221648031,3.5291225368216157,3.5291225368216157,0.9741253614284008,0.5593599362713131,0.07674998633390438,0.11412913470112877,0.125,0.25,0.1254701930455664,seguro
S0103,True,25,50,arco_a1_a2,0.2,20.0,-1928.275,1928.2749999999999,5.820766091346741e-14,0.9638729806221331,-0.9638723510457706,0.1366316183914086,651.618428162843,725.1821931897962,575.9844349603075,3.5307797705596182,3.5307797705596182,0.9734417698990268,0.5614513274381093,0.0768758974041798,0.11418272837789753,0.125,0.5,0.16302672415351804,seguro
S0104,True,25,50,arco_a1_a2,0.3,30.0,-1928.275,1928.2749999999999,5.820766091346741e-14,0.9656557951491749,-0.9656557770537922,0.13587029581628202,651.1083099508836,725.3939504507956,578.9157977596107,3.532755511186641,3.532755511186641,0.9726109091420669,0.5639314176152319,0.07701813872344979,0.11424662232484986,0.125,0.7499999999999999,0.20059175943073237,seguro
S0105,True,25,50,arco_a1_a2,0.4,40.0,-1928.275,1928.275,-5.820766091346741e-14,0.967677263910828,-0.9676757196210112,0.13495977090649586,650.4927592237715,725.6363556453833,582.4288538065608,3.535137447274028,3.535137447274028,0.9715884075349878,0.5669040165424639,0.07717924397498167,0.11432365232359049,0.125,1.0,0.23816705150575115,seguro
S0106,True,25,50,arco_a2_a3,0.1,10.0,-1928.275,1928.2749999999996,-1.1641532182693482e-13,1.0149579971409912,-1.0149544518846227,0.13800194308156147,649.8592118325355,724.7456812945708,570.4105349276986,3.5261362526067512,3.5261362526067512,0.9890856120686738,0.5567122642498149,0.08095007002570682,0.11403256054427871,0.125,0.25,0.1266964171982096,seguro
S0107,True,25,50,arco_a2_a3,0.2,20.0,-1928.275,1928.2749999999999,5.820766091346741e-14,1.0792678163251697,-1.079265574356696,0.1381605928111319,646.7420323738652,724.6472867998464,569.4299601648682,3.5243818722387554,3.5243818722387554,1.0131900026738452,0.5558539861325562,0.08607935425898386,0.11397582521949275,0.125,0.5,0.16571534510451763,seguro
S0108,True,25,50,arco_a2_a3,0.3,30.0,-1928.275,1928.275,0.0,1.1571955693825757,-1.1571943798527482,0.13829085123795795,642.8556306039952,724.5361576235155,568.4715173912793,3.5223828478787707,3.5223828478787707,1.0427865523652926,0.5550076286349039,0.09229474870374091,0.11391117829435168,0.125,0.7499999999999999,0.20505733701414536,seguro
S0109,True,25,50,arco_a2_a3,0.4,40.0,-1928.275,1928.275,-5.820766091346741e-14,1.253803494086199,-1.253803056084213,0.13838009357178524,637.8920021631288,724.4122792464201,567.5377770809824,3.5200152515464045,3.5200152515464045,1.080148237740617,0.5541720808804605,0.09999999999999999,0.11383461203236582,0.125,1.0,0.24484211421132804,seguro
S0110,True,25,50,arco_a3_a4,0.1,10.0,-1928.275,1928.2749999999999,0.0,0.9622383496846352,-0.9622277414081548,0.149531709185601,641.9734693078798,723.9962115399363,579.019609418357,3.459974278427355,3.459974278427355,0.9896812724464068,0.5633841794213363,0.07674472770973416,0.11189293269502486,0.125,0.25,0.12468594475617895,seguro
S0111,True,25,50,arco_a3_a4,0.2,20.0,-1928.275,1928.275,5.820766091346741e-14,1.0022170059582383,-0.9988312081876812,0.16336592553855028,629.6816719799565,723.0352964726306,587.9596632197408,3.385618571521774,3.385618571521774,1.0079118499466098,0.5702440169549738,0.0796641229530225,0.10948832577058877,0.125,0.5,0.16222015090561281,seguro
S0112,True,25,50,arco_a3_a4,0.3,30.0,-1928.275,1928.2749999999999,5.820766091346741e-14,1.0734030156415326,-1.0698057619982326,0.1799837991383975,614.9476893166068,721.9274169589539,598.5796219245761,3.302703771640841,3.302703771640841,1.0306577231250222,0.5784265941682264,0.08532486476300134,0.10680692429880802,0.125,0.7499999999999999,0.20047988293348318,seguro
S0113,True,25,50,arco_a3_a4,0.4,40.0,-1928.275,1928.2749999999999,0.0,1.1619675890525356,-1.1581475681645743,0.2003606832731478,596.8993768897019,720.64799157768,611.3854749873019,3.2082283492287553,3.2082283492287553,1.0599498412641126,0.5883086911026674,0.09237077247056782,0.10375166110011903,0.125,1.0,0.239024313126212,seguro
S0114,True,25,50,tablero,0.1,10.0,-1928.275,1928.275,0.0,1.0052458199880452,-1.005240813599152,0.142761357723472,665.5459469896404,725.3089687728859,573.2518461270034,3.592847765228811,3.592847765228811,0.9473156507272481,0.5595291128984086,0.08017533604828235,0.11618996004818376,0.125,0.25,0.12721908683134903,seguro
S0115,True,25,50,tablero,0.2,20.0,-1928.275,1928.2749999999999,0.0,1.0574345145162567,-1.0574295570191825,0.15488680083065642,679.5131002484321,725.8142678980344,575.6083083004091,3.6680999385652684,3.6680999385652684,0.9186829305808775,0.5620166115980949,0.08433777154138306,0.11862355801415413,0.125,0.5,0.16681957676736886,seguro
S0116,True,25,50,tablero,0.3,30.0,-1928.275,1928.2749999999996,-5.820766091346741e-14,1.120410309581033,-1.1204053734564703,0.16948265171721125,694.418963253687,726.3344137615807,578.8913662952807,3.7570539840131003,3.7570539840131003,0.88846381159812,0.5654394326900053,0.0893605553136582,0.12150026408746299,0.125,0.7499999999999999,0.2068332590247095,seguro
S0117,True,25,50,tablero,0.4,40.0,-1928.275,1928.2749999999999,0.0,1.198942629864104,-1.1989376311552817,0.1874986069464412,710.3980671324067,726.840154451357,583.8595251371771,3.865273475155321,3.865273475155321,0.8561173205841097,0.5705133748989316,0.095624079502543,0.12499999999999994,0.125,1.0,0.24743722385076286,seguro
S0118,True,25,50,pilares,0.1,10.0,-1928.275,1928.2749999999999,5.820766091346741e-14,0.9638088335538816,-0.9638030328034242,0.1380035803639909,651.9344008463477,725.0994161398073,561.3048677182534,3.531816119784669,3.531816119784669,0.9759188899346346,0.5493202051226344,0.07687036876537086,0.1142162431224464,0.125,0.25,0.1255367957224675,seguro
S0119,True,25,50,pilares,0.2,20.0,-1928.275,1928.2749999999999,5.820766091346741e-14,0.9675143145869489,-0.9675077093872257,0.13817300545925446,651.4303682131194,725.4190498415743,550.1726969360807,3.535512554470164,3.535512554470164,0.9774020821123807,0.5401967485115013,0.07716584392519155,0.11433578300459363,0.125,0.5,0.16316727722916524,seguro
S0120,True,25,50,pilares,0.3,30.0,-1928.275,1928.275,-5.820766091346741e-14,0.9723580246939606,-0.9723505735336115,0.1383216202865265,650.8946458242865,725.8107663707893,537.8096704141902,3.538406804850009,3.538406804850009,0.979237278721439,0.5300314667325111,0.0775520979004778,0.11442938085732152,0.125,0.7499999999999999,0.20081591267020582,seguro
S0121,True,25,50,pilares,0.4,40.0,-1928.275,1928.275,-5.820766091346741e-14,0.9789176509452371,-0.9789093528780389,0.13843304791965147,650.3287117821284,726.3064914016973,523.9361845951747,3.5397741733203922,3.5397741733203922,0.9815756102144578,0.5185728881186242,0.07807520871222771,0.11447360051212642,0.125,1.0,0.23848832279291254,seguro
S0122,True,25,50,montantes,0.1,10.0,-1928.275,1928.275,5.820766091346741e-14,0.9674120085750458,-0.9674068787482814,0.13751161295693073,651.3200782883811,725.2637140511574,586.1960080661217,3.5435580515277927,3.5435580515277927,0.9761097021823688,0.568836624993332,0.0771578019413684,0.11459596825116616,0.125,0.25,0.1257559294703187,seguro
S0123,True,25,50,montantes,0.2,20.0,-1928.275,1928.2750000000003,1.1641532182693482e-13,0.9753478511099652,-0.9753426318935653,0.13705431778565938,649.845747275013,725.7182795819084,602.1788816621606,3.560703989581422,3.560703989581422,0.9780976035147783,0.5810335980436281,0.07779073652441754,0.11515045482772529,0.125,0.5,0.16363988014702913,seguro
S0124,True,25,50,montantes,0.3,30.0,-1928.275,1928.2749999999996,-5.820766091346741e-14,0.98526568095116,-0.9852603529762094,0.1363828331918935,647.8331272905424,726.1951841461193,619.5429648795396,3.5797929443854506,3.5797929443854506,0.9808680731128442,0.5943287031835478,0.07858174760343169,0.11576777708599259,0.125,0.7499999999999999,0.2015932462611269,seguro
S0125,True,25,50,montantes,0.4,40.0,-1928.275,1928.275,1.7462298274040223e-13,0.9980785304998134,-0.9980730700539998,0.13538411125041944,645.0471134676508,726.6912433485159,638.5250963505697,3.601916950128266,3.601916950128266,0.9847453874495143,0.6089285105206151,0.07960365587009409,0.11648325057981589,0.125,1.0,0.23965023446396377,seguro
S0126,True,25,60,sin_danio,0.0,0.0,-1928.275,1928.275,5.820766091346741e-14,0.8007460959512591,-0.8007418825068988,0.1148525376714853,652.407431217328,724.8321069073289,571.4093239080429,3.527720257971323,3.527720257971323,0.9746928287717856,0.5575811609321623,0.06386504472302994,0.1140837860712289,0.125,0.0,0.0840888385418391,seguro
S0127,True,25,60,arco_a1_a2,0.1,10.0,-1928.275,1928.275,-5.820766091346741e-14,0.8019134719220331,-0.8019113951655908,0.11439574184963018,652.045958993299,724.9962781753142,573.5122221648031,3.529122536821615,3.529122536821615,0.9741253614284008,0.5593599362713131,0.06395832194492032,0.11412913470112875,0.125,0.25,0.12163269372887117,seguro
S0128,True,25,60,arco_a1_a2,0.2,20.0,-1928.275,1928.275,-5.820766091346741e-14,0.8032274838517776,-0.8032269592048088,0.11385968199284054,651.618428162843,725.1821931897963,575.9844349603077,3.530779770559619,3.530779770559619,0.9734417698990265,0.5614513274381095,0.0640632478368165,0.11418272837789756,0.125,0.5,0.15918292928330907,seguro
S0129,True,25,60,arco_a1_a2,0.3,30.0,-1928.275,1928.2749999999999,5.820766091346741e-14,0.8047131626243126,-0.804713147544827,0.11322524651356831,651.1083099508835,725.3939504507956,578.9157977596108,3.5327555111866404,3.5327555111866404,0.9726109091420676,0.563931417615232,0.0641817822695415,0.11424662232484985,0.125,0.7499999999999999,0.19674085249455986,seguro
S0130,True,25,60,arco_a1_a2,0.4,40.0,-1928.275,1928.2749999999999,-5.820766091346741e-14,0.80639771992569,-0.8063964330175093,0.1124664757554132,650.4927592237715,725.6363556453833,582.4288538065607,3.535137447274029,3.535137447274029,0.9715884075349889,0.5669040165424638,0.06431603664581806,0.11432365232359053,0.125,1.0,0.2343080893070021,seguro
S0131,True,25,60,arco_a2_a3,0.1,10.0,-1928.275,1928.2749999999999,-5.820766091346741e-14,0.8457983309508262,-0.8457953765705192,0.11500161923463453,649.8592118325355,724.7456812945709,570.4105349276983,3.5261362526067535,3.5261362526067535,0.9890856120686741,0.5567122642498147,0.06745839168808904,0.11403256054427878,0.125,0.25,0.1226489136969243,seguro
S0132,True,25,60,arco_a2_a3,0.2,20.0,-1928.275,1928.2749999999999,5.820766091346741e-14,0.8993898469376411,-0.8993879786305797,0.11513382734260987,646.7420323738652,724.6472867998463,569.4299601648682,3.5243818722387554,3.5243818722387554,1.0131900026738463,0.5558539861325562,0.07173279521581986,0.11397582521949275,0.125,0.5,0.1614113773915684,seguro
S0133,True,25,60,arco_a2_a3,0.3,30.0,-1928.275,1928.275,-1.1641532182693482e-13,0.9643296411521466,-0.9643286498772903,0.1152423760316316,642.8556306039952,724.5361576235155,568.4715173912793,3.5223828478787698,3.5223828478787698,1.042786552365294,0.5550076286349039,0.07691229058645077,0.11391117829435166,0.125,0.7499999999999999,0.20044259957895827,seguro
S0134,True,25,60,arco_a2_a3,0.4,40.0,-1928.275,1928.275,0.0,1.0448362450718325,-1.0448358800701776,0.11531674464315433,637.8920021631288,724.4122792464202,567.5377770809824,3.5200152515464045,3.5200152515464045,1.0801482377406173,0.5541720808804605,0.08333333333333333,0.11383461203236582,0.125,1.0,0.23984211421132803,seguro
S0135,True,25,60,arco_a3_a4,0.1,10.0,-1928.275,1928.275,1.7462298274040223e-13,0.8018652914038626,-0.8018564511734623,0.12460975765466749,641.97346930788,723.9962115399364,579.0196094183567,3.459974278427354,3.459974278427354,0.9896812724464072,0.563384179421336,0.0639539397581118,0.11189293269502483,0.125,0.25,0.12084870837069223,seguro
S0136,True,25,60,arco_a3_a4,0.2,20.0,-1928.275,1928.2749999999999,-5.820766091346741e-14,0.8351808382985318,-0.8323593401564009,0.13613827128212524,629.6816719799563,723.0352964726306,587.9596632197412,3.385618571521775,3.385618571521775,1.00791184994661,0.5702440169549741,0.06638676912751874,0.1094883257705888,0.125,0.5,0.15823694475796168,seguro
S0137,True,25,60,arco_a3_a4,0.3,30.0,-1928.275,1928.2749999999999,1.1641532182693482e-13,0.8945025130346107,-0.891504801665194,0.1499864992819979,614.947689316607,721.9274169589539,598.579621924576,3.302703771640843,3.302703771640843,1.0306577231250236,0.5784265941682263,0.07110405396916779,0.10680692429880807,0.125,0.7499999999999999,0.19621363969533312,seguro
S0138,True,25,60,arco_a3_a4,0.4,40.0,-1928.275,1928.2749999999999,-1.7462298274040223e-13,0.968306324210446,-0.9651229734704785,0.16696723606095648,596.8993768897019,720.64799157768,611.3854749873021,3.2082283492287558,3.2082283492287558,1.0599498412641142,0.5883086911026677,0.07697564372547318,0.10375166110011905,0.125,1.0,0.2344057745026836,seguro
S0139,True,25,60,tablero,0.1,10.0,-1928.275,1928.275,0.0,0.8377048499900376,-0.8377006779992932,0.11896779810289336,665.5459469896404,725.308968772886,573.2518461270035,3.5928477652288118,3.5928477652288118,0.9473156507272489,0.5595291128984087,0.06681278004023529,0.11618996004818379,0.125,0.25,0.12321032002893492,seguro
S0140,True,25,60,tablero,0.2,20.0,-1928.275,1928.2749999999999,5.820766091346741e-14,0.8811954287635472,-0.8811912975159854,0.12907233402554705,679.5131002484321,725.8142678980344,575.6083083004089,3.668099938565267,3.668099938565267,0.9186829305808777,0.5620166115980947,0.07028147628448587,0.11862355801415408,0.125,0.5,0.16260268819029966,seguro
S0141,True,25,60,tablero,0.3,30.0,-1928.275,1928.275,0.0,0.9336752579841943,-0.9336711445470587,0.14123554309767603,694.418963253687,726.3344137615808,578.8913662952806,3.757053984013102,3.757053984013102,0.8884638115981202,0.5654394326900052,0.07446712942804852,0.12150026408746305,0.125,0.7499999999999999,0.2023652312590266,seguro
S0142,True,25,60,tablero,0.4,40.0,-1928.275,1928.2749999999999,-5.820766091346741e-14,0.9991188582200864,-0.9991146926294012,0.15624883912203433,710.3980671324065,726.8401544513571,583.859525137177,3.865273475155323,3.865273475155323,0.8561173205841095,0.5705133748989315,0.07968673291878582,0.125,0.125,1.0,0.24265601987563573,seguro
S0143,True,25,60,pilares,0.1,10.0,-1928.275,1928.2749999999999,0.0,0.8031740279615681,-0.8031691940028536,0.11500298363665908,651.9344008463479,725.0994161398074,561.3048677182535,3.531816119784668,3.531816119784668,0.975918889934634,0.5493202051226344,0.06405864063780906,0.11421624312244637,0.125,0.25,0.12169327728419896,seguro
S0144,True,25,60,pilares,0.2,20.0,-1928.275,1928.2749999999999,0.0,0.8062619288224574,-0.8062564244893548,0.11514417121604535,651.4303682131194,725.4190498415744,550.1726969360808,3.535512554470164,3.535512554470164,0.9774020821123807,0.5401967485115016,0.06430486993765962,0.11433578300459363,0.125,0.5,0.15930898503290564,seguro
S0145,True,25,60,pilares,0.3,30.0,-1928.275,1928.275,1.7462298274040223e-13,0.810298353911634,-0.810292144611343,0.11526801690543878,650.8946458242863,725.8107663707893,537.8096704141899,3.5384068048500104,3.5384068048500104,0.9792372787214381,0.5300314667325107,0.06462674825039817,0.11442938085732156,0.125,0.7499999999999999,0.19693830777518195,seguro
S0146,True,25,60,pilares,0.4,40.0,-1928.275,1928.275,-5.820766091346741e-14,0.8157647091210308,-0.8157577940650325,0.1153608732663762,650.3287117821284,726.3064914016971,523.9361845951748,3.5397741733203922,3.5397741733203922,0.9815756102144573,0.5185728881186242,0.06506267392685644,0.11447360051212642,0.125,1.0,0.23458456235730119,seguro
S0147,True,25,60,montantes,0.1,10.0,-1928.275,1928.2749999999999,0.0,0.8061766738125383,-0.8061723989569012,0.11459301079744229,651.320078288381,725.2637140511573,586.1960080661217,3.543558051527795,3.543558051527795,0.976109702182369,0.568836624993332,0.06429816828447367,0.11459596825116623,0.125,0.25,0.12189803937325028,seguro
S0148,True,25,60,montantes,0.2,20.0,-1928.275,1928.2749999999999,-5.820766091346741e-14,0.8127898759249711,-0.8127855265779711,0.11421193148804945,649.845747275013,725.7182795819083,602.1788816621608,3.5607039895814214,3.5607039895814214,0.9780976035147783,0.5810335980436283,0.06482561377034796,0.11515045482772528,0.125,0.5,0.15975034332080823,seguro
S0149,True,25,60,montantes,0.3,30.0,-1928.275,1928.275,-5.820766091346741e-14,0.8210547341259667,-0.8210502941468414,0.11365236099324463,647.8331272905423,726.1951841461193,619.5429648795397,3.5797929443854515,3.5797929443854515,0.9808680731128433,0.5943287031835478,0.06548478966952642,0.11576777708599262,0.125,0.7499999999999999,0.19766415888095532,seguro
S0150,True,25,60,montantes,0.4,40.0,-1928.275,1928.275,5.820766091346741e-14,0.8317321087498447,-0.8317275583783332,0.11282009270868283,645.0471134676507,726.691243348516,638.5250963505698,3.6019169501282686,3.6019169501282686,0.9847453874495159,0.6089285105206151,0.06633637989174508,0.11648325057981598,0.125,1.0,0.2356700516704591,seguro
S0151,True,50,40,sin_danio,0.0,0.0,-3856.55,3856.5499999999997,1.1641532182693482e-13,2.402238287853777,-2.4022256475206962,0.344557613014456,1304.8148624346557,1449.6642138146578,1142.8186478160858,7.05544051594265,7.05544051594265,1.9493856575435689,1.1151623218643245,0.1915951341690898,0.22816757214245795,0.25,0.0,0.18733719050058723,seguro
S0152,True,50,40,arco_a1_a2,0.1,10.0,-3856.55,3856.55,0.0,2.4057404157661,-2.405734185496773,0.3431872255488905,1304.091917986598,1449.9925563506285,1147.024444329606,7.0582450736432305,7.0582450736432305,1.9482507228568042,1.118719872542626,0.19187496583476096,0.22825826940225752,0.25,0.25,0.2249528840412184,seguro
S0153,True,50,40,arco_a1_a2,0.2,20.0,-3856.55,3856.5499999999993,-2.3283064365386963e-13,2.409682451555333,-2.4096808776144263,0.3415790459785216,1303.2368563256855,1450.3643863795921,1151.9688699206156,7.061559541119238,7.061559541119238,1.946883539798052,1.1229026548762193,0.19218974351044948,0.22836545675579512,0.25,0.5,0.26258483291766316,seguro
S0154,True,50,40,arco_a1_a2,0.3,30.0,-3856.55,3856.5499999999997,0.0,2.4141394878729376,-2.414139442634481,0.339675739540705,1302.216619901767,1450.7879009015912,1157.8315955192215,7.065511022373283,7.065511022373283,1.9452218182841376,1.127862835230464,0.1925453468086245,0.22849324464969975,0.25,0.7499999999999999,0.30023623966998225,seguro
S0155,True,50,40,arco_a1_a2,0.4,40.0,-3856.55,3856.5499999999997,3.4924596548080445e-13,2.4191931597770697,-2.419189299052528,0.33739942726623956,1300.9855184475434,1451.2727112907667,1164.8577076131212,7.070274894548058,7.070274894548058,1.9431768150699744,1.1338080330849274,0.19294810993745418,0.22864730464718105,0.25,1.0,0.33791098960774957,seguro
S0156,True,50,40,arco_a2_a3,0.1,10.0,-3856.55,3856.5499999999997,-1.1641532182693482e-13,2.5373949928524775,-2.5373861297115567,0.3450048577039036,1299.7184236650714,1449.4913625891418,1140.8210698553967,7.0522725052135025,7.0522725052135025,1.9781712241373504,1.1134245284996294,0.20237517506426705,0.22806512108855742,0.25,0.25,0.2280353449002752,seguro
S0157,True,50,40,arco_a2_a3,0.2,20.0,-3856.55,3856.5499999999997,0.0,2.6981695408129243,-2.6981639358917398,0.34540148202782966,1293.4840647477306,1449.2945735996927,1138.8599203297365,7.048763744477508,7.048763744477508,2.026380005347689,1.1117079722651124,0.21519838564745966,0.2279516504389854,0.25,0.5,0.2693425933478828,seguro
S0158,True,50,40,arco_a2_a3,0.3,30.0,-3856.55,3856.5499999999997,-2.3283064365386963e-13,2.8929889234564397,-2.8929859496318713,0.34572712809489475,1285.71126120799,1449.072315247031,1136.9430347825587,7.044765695757541,7.044765695757541,2.0855731047305874,1.1100152572698079,0.23073687175935234,0.22782235658870337,0.25,0.7499999999999999,0.3114588863338519,seguro
S0159,True,50,40,arco_a2_a3,0.4,40.0,-3856.55,3856.55,-1.1641532182693482e-13,3.134508735215498,-3.1345076402105327,0.34595023392946306,1275.7840043262581,1448.8245584928404,1135.0755541619649,7.040030503092808,7.040030503092808,2.1602964754812355,1.108344161760921,0.25,0.2276692240647316,0.25,1.0,0.354684228422656,moderado
S0160,True,50,40,arco_a3_a4,0.1,10.0,-3856.55,3856.5499999999993,0.0,2.405595874211587,-2.405569353520386,0.3738292729640024,1283.9469386157598,1447.9924230798727,1158.039218836714,6.919948556854709,6.919948556854709,1.979362544892816,1.1267683588426727,0.19186181927433532,0.2237858653900497,0.25,0.25,0.223383598668818,seguro
S0161,True,50,40,arco_a3_a4,0.2,20.0,-3856.55,3856.5499999999997,2.3283064365386963e-13,2.5055425148955948,-2.4970780204692025,0.40841481384637573,1259.3633439599132,1446.070592945261,1175.9193264394817,6.771237143043548,6.771237143043548,2.015823699893221,1.1404880339099477,0.19916030738255622,0.21897665154117754,0.25,0.5,0.261389920254179,seguro
S0162,True,50,40,arco_a3_a4,0.3,30.0,-3856.55,3856.5499999999997,1.1641532182693482e-13,2.683507539103832,-2.6745144049955814,0.4499594978459937,1229.8953786332138,1443.8548339179079,1197.159243849152,6.605407543281684,6.605407543281684,2.0613154462500414,1.1568531883364526,0.21331216190750332,0.2136138485976161,0.25,0.7499999999999999,0.3012584955814166,seguro
S0163,True,50,40,arco_a3_a4,0.4,40.0,-3856.55,3856.55,1.1641532182693482e-13,2.9049189726313385,-2.895368920411436,0.5009017081828694,1193.7987537794038,1441.29598315536,1222.7709499746036,6.416456698457513,6.416456698457513,2.1198996825282252,1.1766173822053347,0.23092693117641955,0.20750332220023815,0.25,1.0,0.3419042421230092,seguro
S0164,True,50,40,tablero,0.1,10.0,-3856.55,3856.55,0.0,2.5131145499701124,-2.513102033997879,0.35690339430868007,1331.0918939792812,1450.617937545772,1146.5036922540066,7.185695530457621,7.185695530457621,1.8946313014544987,1.119058225796817,0.20043834012070583,0.2323799200963675,0.25,0.25,0.2289644740699404,seguro
S0165,True,50,40,tablero,0.2,20.0,-3856.55,3856.55,0.0,2.643586286290642,-2.6435738925479564,0.38721700207664106,1359.026200496864,1451.628535796069,1151.2166166008187,7.336199877130534,7.336199877130534,1.8373658611617603,1.12403322319619,0.21084442885345764,0.23724711602830817,0.25,0.5,0.27128981926594514,seguro
S0166,True,50,40,tablero,0.3,30.0,-3856.55,3856.55,-2.3283064365386963e-13,2.801025773952583,-2.801013433641176,0.42370662929302805,1388.837926507374,1452.6688275231616,1157.7827325905612,7.5141079680262015,7.5141079680262015,1.7769276231962419,1.1308788653800106,0.22340138828414555,0.243000528174926,0.25,0.7499999999999999,0.31457060134646775,seguro
S0167,True,50,40,tablero,0.4,40.0,-3856.55,3856.5499999999997,-2.3283064365386963e-13,2.9973565746602593,-2.9973440778882035,0.4687465173661029,1420.7961342648127,1453.6803089027142,1167.7190502743545,7.730546950310644,7.730546950310644,1.7122346411682199,1.1410267497978634,0.23906019875635742,0.24999999999999994,0.25,1.0,0.3592180596269072,moderado
S0168,True,50,40,pilares,0.1,10.0,-3856.55,3856.5499999999997,0.0,2.4095220838847036,-2.40950758200856,0.3450089509099773,1303.8688016926953,1450.1988322796149,1122.6097354365068,7.063632239569339,7.063632239569339,1.9518377798692648,1.0986404102452687,0.1921759219134271,0.22843248624489282,0.25,0.25,0.22510414675974064,seguro
S0169,True,50,40,pilares,0.2,20.0,-3856.55,3856.5499999999997,-1.1641532182693482e-13,2.4187857864673723,-2.4187692734680644,0.34543251364813604,1302.8607364262389,1450.8380996831488,1100.3453938721616,7.071025108940328,7.071025108940328,1.954804164224759,1.0803934970230031,0.19291460981297887,0.22867156600918725,0.25,0.5,0.2629094310471092,seguro
S0170,True,50,40,pilares,0.3,30.0,-3856.55,3856.55,1.1641532182693482e-13,2.4308950617349017,-2.4308764338340287,0.3458040507163163,1301.789291648573,1451.6215327415787,1075.6193408283802,7.076813609700021,7.076813609700021,1.958474557442878,1.060062933465022,0.1938802447511945,0.22885876171464312,0.25,0.7499999999999999,0.3007646400254834,seguro
S0171,True,50,40,pilares,0.4,40.0,-3856.55,3856.55,1.1641532182693482e-13,2.4472941273630933,-2.447273382195098,0.3460826197991286,1300.657423564257,1452.6129828033943,1047.8723691903492,7.079548346640786,7.079548346640786,1.9631512204289128,1.0371457762372482,0.19518802178056935,0.2289472010242529,0.25,1.0,0.33868792689265936,seguro
S0172,True,50,40,montantes,0.1,10.0,-3856.55,3856.55,0.0,2.4185300214376144,-2.4185171968707038,0.3437790323923268,1302.6401565767617,1450.5274281023148,1172.3920161322437,7.087116103055592,7.087116103055592,1.9522194043647398,1.1376732499866642,0.19289450485342105,0.22919193650233252,0.25,0.25,0.2255855292318427,seguro
S0173,True,50,40,montantes,0.2,20.0,-3856.55,3856.55,0.0,2.438369627774913,-2.438356579733913,0.34263579446414844,1299.691494550026,1451.4365591638166,1204.3577633243215,7.12140797916284,7.12140797916284,1.9561952070295583,1.1620671960872564,0.19447684131104384,0.23030090965545044,0.25,0.5,0.2639483707727208,seguro
S0174,True,50,40,montantes,0.3,30.0,-3856.55,3856.5499999999993,-1.1641532182693482e-13,2.4631642023779,-2.463150882440524,0.3409570829797338,1295.666254581084,1452.3903682922385,1239.0859297590791,7.1595858887709,7.1595858887709,1.9617361462256848,1.1886574063670956,0.19645436900857927,0.23153555417198515,0.25,0.7499999999999999,0.30247375466276855,seguro
S0175,True,50,40,montantes,0.4,40.0,-3856.55,3856.55,-1.1641532182693482e-13,2.495196326249533,-2.4951826751349993,0.3384602781260485,1290.0942269353015,1453.382486697032,1277.0501927011398,7.2038339002565355,7.2038339002565355,1.969490774899032,1.2178570210412307,0.1990091396752352,0.2329665011596319,0.25,1.0,0.3412410173084417,seguro
S0176,True,50,50,sin_danio,0.0,0.0,-3856.55,3856.55,-1.1641532182693482e-13,1.921790630283022,-1.9217805180165575,0.2756460904115648,1304.8148624346557,1449.6642138146578,1142.8186478160858,7.055440515942648,7.055440515942648,1.9493856575435704,1.1151623218643245,0.15327610733527186,0.22816757214245786,0.25,0.0,0.1758414824504418,seguro
S0177,True,50,50,arco_a1_a2,0.1,10.0,-3856.55,3856.55,0.0,1.9245923326128795,-1.924587348397418,0.27454978043911243,1304.0919179865978,1449.9925563506283,1147.0244443296062,7.058245073643231,7.058245073643231,1.9482507228568016,1.1187198725426262,0.15349997266780877,0.22825826940225755,0.25,0.25,0.21344038609113278,seguro
S0178,True,50,50,arco_a1_a2,0.2,20.0,-3856.55,3856.5499999999997,1.1641532182693482e-13,1.9277459612442662,-1.9277447020915413,0.2732632367828172,1303.236856325686,1450.3643863795924,1151.968869920615,7.0615595411192364,7.0615595411192364,1.9468835397980535,1.1229026548762187,0.1537517948083596,0.22836545675579506,0.25,0.5,0.25105344830703613,seguro
S0179,True,50,50,arco_a1_a2,0.3,30.0,-3856.55,3856.5499999999997,1.1641532182693482e-13,1.9313115902983498,-1.9313115541075845,0.27174059163256403,1302.2166199017672,1450.7879009015912,1157.8315955192213,7.065511022373282,7.065511022373282,1.9452218182841339,1.1278628352304638,0.15403627744689957,0.22849324464969972,0.25,0.7499999999999999,0.28868351886146476,seguro
S0180,True,50,50,arco_a1_a2,0.4,40.0,-3856.55,3856.55,-1.1641532182693482e-13,1.935354527821656,-1.9353514392420224,0.2699195418129917,1300.985518447543,1451.2727112907667,1164.8577076131216,7.070274894548056,7.070274894548056,1.9431768150699755,1.1338080330849278,0.15435848794996335,0.22864730464718097,0.25,1.0,0.32633410301150234,seguro
S0181,True,50,50,arco_a2_a3,0.1,10.0,-3856.55,3856.5499999999993,-2.3283064365386963e-13,2.0299159942819824,-2.0299089037692455,0.27600388616312294,1299.718423665071,1449.4913625891415,1140.8210698553971,7.0522725052135025,7.0522725052135025,1.9781712241373477,1.1134245284996298,0.16190014005141365,0.22806512108855742,0.25,0.25,0.21589283439641918,seguro
S0182,True,50,50,arco_a2_a3,0.2,20.0,-3856.55,3856.5499999999997,1.1641532182693482e-13,2.1585356326503393,-2.158531148713392,0.2763211856222638,1293.4840647477304,1449.2945735996927,1138.8599203297365,7.048763744477511,7.048763744477511,2.0263800053476904,1.1117079722651124,0.17215870851796772,0.2279516504389855,0.25,0.5,0.25643069020903525,seguro
S0183,True,50,50,arco_a2_a3,0.3,30.0,-3856.55,3856.55,0.0,2.3143911387651515,-2.3143887597054964,0.2765817024759159,1285.7112612079904,1449.072315247031,1136.9430347825587,7.044765695757541,7.044765695757541,2.085573104730585,1.1100152572698079,0.18458949740748182,0.22782235658870337,0.25,0.7499999999999999,0.2976146740282907,seguro
S0184,True,50,50,arco_a2_a3,0.4,40.0,-3856.55,3856.55,-1.1641532182693482e-13,2.507606988172398,-2.507606112168426,0.2767601871435705,1275.7840043262577,1448.8245584928402,1135.0755541619649,7.040030503092809,7.040030503092809,2.160296475481234,1.108344161760921,0.19999999999999998,0.22766922406473164,0.25,1.0,0.3396842284226561,seguro
S0185,True,50,50,arco_a3_a4,0.1,10.0,-3856.55,3856.5499999999997,0.0,1.9244766993692703,-1.9244554828163096,0.299063418371202,1283.9469386157596,1447.9924230798727,1158.039218836714,6.91994855685471,6.91994855685471,1.9793625448928136,1.1267683588426727,0.15348945541946832,0.22378586539004972,0.25,0.25,0.21187188951235789,seguro
S0186,True,50,50,arco_a3_a4,0.2,20.0,-3856.55,3856.55,1.1641532182693482e-13,2.0044340119164765,-1.9976624163753625,0.32673185107710057,1259.363343959913,1446.0705929452613,1175.9193264394817,6.771237143043548,6.771237143043548,2.0158236998932195,1.1404880339099477,0.159328245906045,0.21897665154117754,0.25,0.5,0.24944030181122562,seguro
S0187,True,50,50,arco_a3_a4,0.3,30.0,-3856.55,3856.5499999999997,1.1641532182693482e-13,2.1468060312830652,-2.1396115239964653,0.359967598276795,1229.8953786332136,1443.8548339179079,1197.1592438491523,6.605407543281682,6.605407543281682,2.0613154462500445,1.1568531883364528,0.17064972952600269,0.21361384859761604,0.25,0.7499999999999999,0.2884597658669664,seguro
S0188,True,50,50,arco_a3_a4,0.4,40.0,-3856.55,3856.5499999999997,0.0,2.323935178105071,-2.3162951363291486,0.4007213665462956,1193.7987537794038,1441.29598315536,1222.7709499746038,6.416456698457511,6.416456698457511,2.1198996825282252,1.1766173822053347,0.18474154494113565,0.20750332220023807,0.25,1.0,0.32804862625242404,seguro
S0189,True,50,50,tablero,0.1,10.0,-3856.55,3856.55,0.0,2.0104916399760904,-2.010481627198304,0.285522715446944,1331.0918939792807,1450.6179375457718,1146.5036922540069,7.185695530457622,7.185695530457622,1.8946313014544962,1.1190582257968171,0.1603506720965647,0.23237992009636751,0.25,0.25,0.21693817366269805,seguro
S0190,True,50,50,tablero,0.2,20.0,-3856.55,3856.5499999999997,0.0,2.1148690290325134,-2.114859114038365,0.30977360166131285,1359.0262004968642,1451.6285357960687,1151.2166166008183,7.336199877130537,7.336199877130537,1.837365861161755,1.1240332231961898,0.1686755430827661,0.23724711602830825,0.25,0.5,0.2586391535347377,seguro
S0191,True,50,50,tablero,0.3,30.0,-3856.55,3856.5499999999993,-1.1641532182693482e-13,2.240820619162066,-2.2408107469129406,0.3389653034344225,1388.837926507374,1452.6688275231613,1157.7827325905614,7.514107968026201,7.514107968026201,1.77692762319624,1.1308788653800106,0.1787211106273164,0.24300052817492598,0.25,0.7499999999999999,0.301166518049419,seguro
S0192,True,50,50,tablero,0.4,40.0,-3856.55,3856.5499999999997,0.0,2.397885259728208,-2.3978752623105635,0.3749972138928824,1420.7961342648134,1453.680308902714,1167.7190502743542,7.730546950310642,7.730546950310642,1.7122346411682194,1.1410267497978632,0.191248159005086,0.2499999999999999,0.25,1.0,0.34487444770152575,seguro
S0193,True,50,50,pilares,0.1,10.0,-3856.55,3856.5499999999997,1.1641532182693482e-13,1.9276176671077632,-1.9276060656068483,0.2760071607279818,1303.8688016926953,1450.1988322796146,1122.6097354365068,7.063632239569338,7.063632239569338,1.9518377798692692,1.0986404102452687,0.15374073753074172,0.2284324862448928,0.25,0.25,0.213573591444935,seguro
S0194,True,50,50,pilares,0.2,20.0,-3856.55,3856.5499999999997,1.1641532182693482e-13,1.9350286291738978,-1.9350154187744515,0.2763460109185089,1302.8607364262389,1450.8380996831486,1100.3453938721614,7.071025108940328,7.071025108940328,1.9548041642247613,1.0803934970230027,0.1543316878503831,0.22867156600918725,0.25,0.5,0.2513345544583305,seguro
S0195,True,50,50,pilares,0.3,30.0,-3856.55,3856.55,-1.1641532182693482e-13,1.9447160493879212,-1.944701147067223,0.276643240573053,1301.789291648573,1451.6215327415787,1075.6193408283805,7.076813609700018,7.076813609700018,1.958474557442878,1.0600629334650222,0.1551041958009556,0.22885876171464303,0.25,0.7499999999999999,0.2891318253404117,seguro
S0196,True,50,50,pilares,0.4,40.0,-3856.55,3856.55,-1.1641532182693482e-13,1.9578353018904742,-1.9578187057560779,0.27686609583930294,1300.6574235642568,1452.6129828033945,1047.8723691903494,7.0795483466407845,7.0795483466407845,1.9631512204289157,1.0371457762372485,0.15615041742445543,0.22894720102425284,0.25,1.0,0.32697664558582507,seguro
S0197,True,50,50,montantes,0.1,10.0,-3856.55,3856.55,1.1641532182693482e-13,1.9348240171500917,-1.9348137574965627,0.27502322591386147,1302.6401565767621,1450.5274281023148,1172.3920161322435,7.087116103055585,7.087116103055585,1.9522194043647376,1.137673249986664,0.1543156038827368,0.22919193650233233,0.25,0.25,0.21401185894063737,seguro
S0198,True,50,50,montantes,0.2,20.0,-3856.55,3856.5500000000006,2.3283064365386963e-13,1.9506957022199305,-1.9506852637871306,0.27410863557131876,1299.691494550026,1451.4365591638168,1204.3577633243212,7.121407979162844,7.121407979162844,1.9561952070295565,1.1620671960872562,0.15558147304883507,0.23030090965545058,0.25,0.5,0.25227976029405824,seguro
S0199,True,50,50,montantes,0.3,30.0,-3856.55,3856.5499999999993,-1.1641532182693482e-13,1.97053136190232,-1.9705207059524188,0.272765666383787,1295.6662545810848,1452.3903682922387,1239.0859297590791,7.159585888770901,7.159585888770901,1.9617361462256884,1.1886574063670956,0.15716349520686337,0.23153555417198518,0.25,0.7499999999999999,0.2906864925222538,seguro
S0200,True,50,50,montantes,0.4,40.0,-3856.55,3856.55,3.4924596548080445e-13,1.9961570609996269,-1.9961461401079996,0.2707682225008389,1290.0942269353015,1453.3824866970317,1277.0501927011394,7.203833900256532,7.203833900256532,1.9694907748990287,1.2178570210412303,0.15920731174018818,0.23296650115963177,0.25,1.0,0.3293004689279275,seguro
S0201,True,50,60,sin_danio,0.0,0.0,-3856.55,3856.55,1.1641532182693482e-13,1.6014921919025182,-1.6014837650137976,0.2297050753429706,1304.814862434656,1449.6642138146578,1142.8186478160858,7.055440515942646,7.055440515942646,1.9493856575435713,1.1151623218643245,0.12773008944605987,0.2281675721424578,0.25,0.0,0.1681776770836782,seguro
S0202,True,50,60,arco_a1_a2,0.1,10.0,-3856.55,3856.55,-1.1641532182693482e-13,1.6038269438440662,-1.6038227903311817,0.22879148369926036,1304.091917986598,1449.9925563506283,1147.0244443296062,7.05824507364323,7.05824507364323,1.9482507228568016,1.1187198725426262,0.12791664388984064,0.2282582694022575,0.25,0.25,0.20576538745774234,seguro
S0203,True,50,60,arco_a1_a2,0.2,20.0,-3856.55,3856.55,-1.1641532182693482e-13,1.6064549677035551,-1.6064539184096176,0.22771936398568107,1303.236856325686,1450.3643863795926,1151.9688699206154,7.061559541119238,7.061559541119238,1.946883539798053,1.122902654876219,0.128126495673633,0.22836545675579512,0.25,0.5,0.2433658585666182,seguro
S0204,True,50,60,arco_a1_a2,0.3,30.0,-3856.55,3856.5499999999997,1.1641532182693482e-13,1.6094263252486252,-1.609426295089654,0.22645049302713663,1302.216619901767,1450.7879009015912,1157.8315955192215,7.065511022373281,7.065511022373281,1.9452218182841352,1.127862835230464,0.128363564539083,0.2284932446496997,0.25,0.7499999999999999,0.2809817049891198,seguro
S0205,True,50,60,arco_a1_a2,0.4,40.0,-3856.55,3856.5499999999997,-1.1641532182693482e-13,1.61279543985138,-1.6127928660350186,0.2249329515108264,1300.985518447543,1451.2727112907667,1164.8577076131214,7.070274894548058,7.070274894548058,1.9431768150699777,1.1338080330849276,0.12863207329163612,0.22864730464718105,0.25,1.0,0.31861617861400415,seguro
S0206,True,50,60,arco_a2_a3,0.1,10.0,-3856.55,3856.5499999999997,-1.1641532182693482e-13,1.6915966619016525,-1.6915907531410384,0.23000323846926907,1299.718423665071,1449.4913625891418,1140.8210698553967,7.052272505213507,7.052272505213507,1.9781712241373481,1.1134245284996294,0.13491678337617807,0.22806512108855756,0.25,0.25,0.20779782739384858,seguro
S0207,True,50,60,arco_a2_a3,0.2,20.0,-3856.55,3856.5499999999997,1.1641532182693482e-13,1.7987796938752822,-1.7987759572611595,0.23026765468521973,1293.4840647477304,1449.2945735996925,1138.8599203297365,7.048763744477511,7.048763744477511,2.0263800053476926,1.1117079722651124,0.14346559043163973,0.2279516504389855,0.25,0.5,0.24782275478313687,seguro
S0208,True,50,60,arco_a2_a3,0.3,30.0,-3856.55,3856.55,-2.3283064365386963e-13,1.9286592823042932,-1.9286572997545806,0.2304847520632632,1285.7112612079904,1449.072315247031,1136.9430347825587,7.0447656957575395,7.0447656957575395,2.085573104730588,1.1100152572698079,0.15382458117290154,0.2278223565887033,0.25,0.7499999999999999,0.2883851991579166,seguro
S0209,True,50,60,arco_a2_a3,0.4,40.0,-3856.55,3856.55,0.0,2.089672490143665,-2.089671760140355,0.23063348928630867,1275.7840043262577,1448.8245584928404,1135.0755541619649,7.040030503092809,7.040030503092809,2.1602964754812346,1.108344161760921,0.16666666666666666,0.22766922406473164,0.25,1.0,0.3296842284226561,seguro
S0210,True,50,60,arco_a3_a4,0.1,10.0,-3856.55,3856.55,3.4924596548080445e-13,1.6037305828077253,-1.6037129023469245,0.24921951530933498,1283.94693861576,1447.9924230798729,1158.0392188367134,6.919948556854708,6.919948556854708,1.9793625448928145,1.126768358842672,0.1279078795162236,0.22378586539004966,0.25,0.25,0.20419741674138445,seguro
S0211,True,50,60,arco_a3_a4,0.2,20.0,-3856.55,3856.5499999999997,-1.1641532182693482e-13,1.6703616765970637,-1.6647186803128018,0.2722765425642505,1259.3633439599125,1446.0705929452613,1175.9193264394823,6.77123714304355,6.77123714304355,2.01582369989322,1.1404880339099481,0.1327735382550375,0.2189766515411776,0.25,0.5,0.2414738895159234,seguro
S0212,True,50,60,arco_a3_a4,0.3,30.0,-3856.55,3856.5499999999997,2.3283064365386963e-13,1.7890050260692214,-1.783009603330388,0.2999729985639958,1229.895378633214,1443.8548339179079,1197.159243849152,6.605407543281686,6.605407543281686,2.061315446250047,1.1568531883364526,0.14220810793833558,0.21361384859761615,0.25,0.7499999999999999,0.2799272793906663,seguro
S0213,True,50,60,arco_a3_a4,0.4,40.0,-3856.55,3856.5499999999997,-3.4924596548080445e-13,1.936612648420892,-1.930245946940957,0.33393447212191296,1193.7987537794038,1441.29598315536,1222.7709499746043,6.4164566984575115,6.4164566984575115,2.1198996825282284,1.1766173822053354,0.15395128745094636,0.2075033222002381,0.25,1.0,0.31881154900536723,seguro
S0214,True,50,60,tablero,0.1,10.0,-3856.55,3856.55,0.0,1.6754096999800752,-1.6754013559985863,0.23793559620578672,1331.0918939792807,1450.617937545772,1146.503692254007,7.1856955304576235,7.1856955304576235,1.8946313014544978,1.1190582257968174,0.13362556008047058,0.23237992009636757,0.25,0.25,0.20892064005786984,seguro
S0215,True,50,60,tablero,0.2,20.0,-3856.55,3856.5499999999997,1.1641532182693482e-13,1.7623908575270943,-1.7623825950319707,0.2581446680510941,1359.0262004968642,1451.6285357960687,1151.2166166008178,7.336199877130534,7.336199877130534,1.8373658611617554,1.1240332231961894,0.14056295256897175,0.23724711602830817,0.25,0.5,0.25020537638059936,seguro
S0216,True,50,60,tablero,0.3,30.0,-3856.55,3856.55,0.0,1.8673505159683885,-1.8673422890941174,0.28247108619535205,1388.837926507374,1452.6688275231616,1157.7827325905612,7.514107968026204,7.514107968026204,1.7769276231962403,1.1308788653800104,0.14893425885609704,0.2430005281749261,0.25,0.7499999999999999,0.29223046251805324,seguro
S0217,True,50,60,tablero,0.4,40.0,-3856.55,3856.5499999999997,-1.1641532182693482e-13,1.9982377164401728,-1.9982293852588024,0.31249767824406866,1420.796134264813,1453.6803089027142,1167.719050274354,7.730546950310646,7.730546950310646,1.712234641168219,1.141026749797863,0.15937346583757164,0.25,0.25,1.0,0.33531203975127144,seguro
S0218,True,50,60,pilares,0.1,10.0,-3856.55,3856.5499999999997,0.0,1.6063480559231362,-1.6063383880057072,0.23000596727331815,1303.8688016926958,1450.1988322796149,1122.609735436507,7.063632239569336,7.063632239569336,1.951837779869268,1.0986404102452687,0.1281172812756181,0.22843248624489274,0.25,0.25,0.2058865545683979,seguro
S0219,True,50,60,pilares,0.2,20.0,-3856.55,3856.5499999999997,0.0,1.6125238576449148,-1.6125128489787095,0.2302883424320907,1302.8607364262389,1450.8380996831488,1100.3453938721616,7.071025108940328,7.071025108940328,1.9548041642247613,1.0803934970230031,0.12860973987531923,0.22867156600918725,0.25,0.5,0.24361797006581132,seguro
S0220,True,50,60,pilares,0.3,30.0,-3856.55,3856.55,3.4924596548080445e-13,1.620596707823268,-1.620584289222686,0.23053603381087756,1301.7892916485725,1451.6215327415787,1075.6193408283798,7.076813609700021,7.076813609700021,1.9584745574428761,1.0600629334650213,0.12925349650079634,0.22885876171464312,0.25,0.7499999999999999,0.281376615550364,seguro
S0221,True,50,60,pilares,0.4,40.0,-3856.55,3856.55,-1.1641532182693482e-13,1.6315294182420617,-1.631515588130065,0.2307217465327524,1300.6574235642568,1452.6129828033943,1047.8723691903497,7.0795483466407845,7.0795483466407845,1.9631512204289145,1.0371457762372485,0.13012534785371288,0.22894720102425284,0.25,1.0,0.31916912471460235,seguro
S0222,True,50,60,montantes,0.1,10.0,-3856.55,3856.5499999999997,0.0,1.6123533476250766,-1.6123447979138024,0.22918602159488458,1302.640156576762,1450.5274281023146,1172.3920161322435,7.08711610305559,7.08711610305559,1.952219404364738,1.137673249986664,0.12859633656894734,0.22919193650233247,0.25,0.25,0.20629607874650055,seguro
S0223,True,50,60,montantes,0.2,20.0,-3856.55,3856.5499999999997,-1.1641532182693482e-13,1.6255797518499422,-1.6255710531559422,0.2284238629760989,1299.691494550026,1451.4365591638166,1204.3577633243217,7.121407979162843,7.121407979162843,1.9561952070295565,1.1620671960872566,0.1296512275406959,0.23030090965545055,0.25,0.5,0.2445006866416165,seguro
S0224,True,50,60,montantes,0.3,30.0,-3856.55,3856.55,-1.1641532182693482e-13,1.6421094682519335,-1.6421005882936828,0.22730472198648927,1295.6662545810846,1452.3903682922387,1239.0859297590794,7.159585888770903,7.159585888770903,1.9617361462256866,1.1886574063670956,0.13096957933905284,0.23153555417198524,0.25,0.7499999999999999,0.28282831776191064,seguro
S0225,True,50,60,montantes,0.4,40.0,-3856.55,3856.55,1.1641532182693482e-13,1.6634642174996894,-1.6634551167566665,0.22564018541736566,1290.0942269353013,1453.382486697032,1277.0501927011396,7.203833900256537,7.203833900256537,1.9694907748990318,1.2178570210412303,0.13267275978349016,0.23296650115963197,0.25,1.0,0.3213401033409182,seguro
S0226,True,75,40,sin_danio,0.0,0.0,-5784.825,5784.825,-1.1641532182693482e-13,3.603357431780666,-3.6033384712810443,0.516836419521684,1957.2222936519843,2174.4963207219866,1714.2279717241292,10.583160773913969,10.583160773913969,2.924078486315355,1.6727434827964873,0.2873927012536347,0.34225135821368674,0.375,0.0,0.28100578575088075,seguro
S0227,True,75,40,arco_a1_a2,0.1,10.0,-5784.825,5784.824999999999,2.3283064365386963e-13,3.608610623649149,-3.6086012782451586,0.5147808383233358,1956.1378769798973,2174.9888345259424,1720.536666494409,10.587367610464845,10.587367610464845,2.922376084285206,1.6780798088139393,0.2878124487521414,0.34238740410338625,0.375,0.25,0.3186793260618276,seguro
S0228,True,75,40,arco_a1_a2,0.2,20.0,-5784.825,5784.824999999998,0.0,3.6145236773329983,-3.614521316421639,0.5123685689677824,1954.8552844885282,2175.546579569388,1727.9533048809235,10.592339311678858,10.592339311678858,2.9203253096970747,1.6843539823143294,0.28828461526567417,0.3425481851336927,0.375,0.5,0.3563772493764947,moderado
S0229,True,75,40,arco_a1_a2,0.3,30.0,-5784.825,5784.825,-1.1641532182693482e-13,3.621209231809406,-3.621209163951721,0.5095136093110575,1953.3249298526503,2176.1818513523867,1736.7473932788328,10.59826653355992,10.59826653355992,2.9178327274262,1.6917942528456966,0.28881802021293673,0.3427398669745495,0.375,0.7499999999999999,0.39410435950497336,moderado
S0230,True,75,40,arco_a1_a2,0.4,40.0,-5784.825,5784.825,2.3283064365386963e-13,3.6287897396656046,-3.628783948578792,0.5060991408993595,1951.4782776713148,2176.9090669361503,1747.2865614196826,10.605412341822086,10.605412341822086,2.914765222604964,1.7007120496273915,0.2894221649061813,0.34297095697077157,0.375,1.0,0.43186648441162445,moderado
S0231,True,75,40,arco_a2_a3,0.1,10.0,-5784.825,5784.825,2.3283064365386963e-13,3.8060924892787162,-3.8060791945673347,0.5175072865558554,1949.5776354976058,2174.237043883713,1711.2316047830952,10.578408757820252,10.578408757820252,2.967256836206029,1.6701367927494446,0.3035627625964005,0.34209768163283605,0.375,0.25,0.3233030173504128,seguro
S0232,True,75,40,arco_a2_a3,0.2,20.0,-5784.825,5784.824999999999,0.0,4.047254311219385,-4.047245903837609,0.5181022230417445,1940.2260971215953,2173.9418603995387,1708.2898804946049,10.573145616716262,10.573145616716262,3.039570008021539,1.6675619583976689,0.32279757847118945,0.34192747565847814,0.375,0.5,0.3665138900218242,moderado
S0233,True,75,40,arco_a2_a3,0.3,30.0,-5784.825,5784.825,0.0,4.33948338518466,-4.339478924447806,0.5185906921423422,1928.5668918119854,2173.6084728705464,1705.414552173838,10.567148543636312,10.567148543636312,3.1283596570958783,1.6650228859047116,0.3461053076390284,0.3417335348830551,0.375,0.7499999999999999,0.4109383295007778,moderado
S0234,True,75,40,arco_a2_a3,0.4,40.0,-5784.825,5784.825,2.3283064365386963e-13,4.7017631028232465,-4.701761460315799,0.5189253508941946,1913.676006489387,2173.236837739261,1702.6133312429467,10.560045754639212,10.560045754639212,3.2404447132218497,1.662516242641381,0.375,0.34150383609709745,0.375,1.0,0.4570263426339841,moderado
S0235,True,75,40,arco_a3_a4,0.1,10.0,-5784.825,5784.824999999999,1.1641532182693482e-13,3.6083938113173817,-3.6083540302805805,0.5607439094460037,1925.9204079236395,2171.988634619809,1737.0588282550707,10.379922835282066,10.379922835282066,2.969043817339223,1.690152538264009,0.2877927289115031,0.3356787980850746,0.375,0.25,0.316325398003227,seguro
S0236,True,75,40,arco_a3_a4,0.2,20.0,-5784.825,5784.824999999999,0.0,3.758313772343392,-3.7456170307038033,0.6126222207695635,1889.0450159398688,2169.105889417892,1763.878989659223,10.156855714565319,10.156855714565319,3.0237355498398317,1.7107320508649217,0.2987404610738343,0.3284649773117662,0.375,0.5,0.35458488038126845,moderado
S0237,True,75,40,arco_a3_a4,0.3,30.0,-5784.825,5784.825,3.4924596548080445e-13,4.0252613086557485,-4.0117716074933725,0.6749392467689906,1844.8430679498208,2165.7822508768622,1795.7388657737274,9.908111314922525,9.908111314922525,3.091973169375063,1.7352797825046784,0.319968242861255,0.3204207728964241,0.375,0.7499999999999999,0.39563774337212493,moderado
S0238,True,75,40,arco_a3_a4,0.4,40.0,-5784.825,5784.825000000001,0.0,4.357378458947007,-4.343053380617153,0.7513525622743042,1790.6981306691064,2161.9439747330402,1834.1564249619055,9.624685047686267,9.624685047686267,3.1798495237923388,1.764926073308002,0.3463903967646293,0.3112549833003571,0.375,1.0,0.4378563631845138,moderado
S0239,True,75,40,tablero,0.1,10.0,-5784.825,5784.825,0.0,3.7696718249551684,-3.7696530509968187,0.5353550914630201,1996.637840968922,2175.926906318658,1719.7555383810106,10.77854329568643,10.77854329568643,2.841946952181744,1.678587338695226,0.30065751018105874,0.3485698801445512,0.375,0.25,0.3246967111049105,seguro
S0240,True,75,40,tablero,0.2,20.0,-5784.825,5784.825,1.1641532182693482e-13,3.9653794294359623,-3.965360838821934,0.5808255031149617,2038.5393007452972,2177.442803694103,1726.8249249012276,11.004299815695807,11.004299815695807,2.7560487917426375,1.686049834794285,0.31626664328018644,0.3558706740424624,0.375,0.5,0.36943472889891776,moderado
S0241,True,75,40,tablero,0.3,30.0,-5784.825,5784.824999999999,1.1641532182693482e-13,4.2015386609288745,-4.201520150461764,0.6355599439395421,2083.256889761061,2179.0032412847427,1736.6740988858419,11.271161952039312,11.271161952039312,2.6653914347943646,1.6963182980700156,0.33510208242621836,0.36450079226238935,0.375,0.7499999999999999,0.41560590201970177,moderado
S0242,True,75,40,tablero,0.4,40.0,-5784.825,5784.824999999999,3.4924596548080445e-13,4.496034861990389,-4.496016116832306,0.7031197760491545,2131.1942013972193,2180.5204633540707,1751.5785754115311,11.595820425465968,11.595820425465968,2.5683519617523305,1.7115401246967945,0.3585902981345362,0.375,0.375,1.0,0.4638270894403609,moderado
S0243,True,75,40,pilares,0.1,10.0,-5784.825,5784.824999999998,3.4924596548080445e-13,3.614283125827057,-3.6142613730128414,0.5175134263649659,1955.8032025390437,2175.2982484194217,1683.91460315476,10.595448359354004,10.595448359354004,2.927756669803903,1.6479606153679025,0.28826388287014076,0.3426487293673391,0.375,0.25,0.3189062201396109,seguro
S0244,True,75,40,pilares,0.2,20.0,-5784.825,5784.824999999999,-2.3283064365386963e-13,3.6281786797010582,-3.628153910202096,0.5181487704722041,1954.291104639359,2176.2571495247225,1650.5180908082423,10.606537663410494,10.606537663410494,2.9322062463371426,1.6205902455345045,0.28937191471946827,0.34300734901378094,0.375,0.5,0.35686414657066384,moderado
S0245,True,75,40,pilares,0.3,30.0,-5784.825,5784.825,1.1641532182693482e-13,3.646342592602352,-3.646314650751042,0.5187060760744744,1952.683937472859,2177.432299112368,1613.4290112425708,10.615220414550027,10.615220414550027,2.9377118361643144,1.590094400197533,0.29082036712679166,0.34328814257196455,0.375,0.7499999999999999,0.3948969600382251,moderado
S0246,True,75,40,pilares,0.4,40.0,-5784.825,5784.825,-1.1641532182693482e-13,3.670941191044639,-3.6709100732926463,0.5191239296986927,1950.9861353463853,2178.9194742050922,1571.8085537855243,10.619322519961177,10.619322519961177,2.9447268306433734,1.5557186643558727,0.29278203267085395,0.34342080153637927,0.375,1.0,0.4330318903389889,moderado
S0247,True,75,40,montantes,0.1,10.0,-5784.825,5784.824999999999,2.3283064365386963e-13,3.6277950321564214,-3.6277757953060545,0.5156685485884902,1953.960234865143,2175.791142153472,1758.5880241983655,10.630674154583385,10.630674154583385,2.9283291065471118,1.706509874979996,0.28934175728013145,0.34378790475349874,0.375,0.25,0.319628293847764,seguro
S0248,True,75,40,montantes,0.2,20.0,-5784.825,5784.825,1.1641532182693482e-13,3.65755444166237,-3.65753486960087,0.5139536916962226,1949.537241825039,2177.154838745725,1806.5366449864819,10.682111968744262,10.682111968744262,2.934292810544339,1.743100794130884,0.2917152619665658,0.34545136448317576,0.375,0.5,0.35842255615908125,moderado
S0249,True,75,40,montantes,0.3,30.0,-5784.825,5784.824999999999,0.0,3.6947463035668493,-3.6947263236607855,0.5114356244696008,1943.499381871627,2178.5855524383583,1858.6288946386192,10.739378833156357,10.739378833156357,2.942604219338533,1.7829861095506436,0.29468155351286884,0.3473033312579779,0.375,0.7499999999999999,0.3974606319941529,moderado
S0250,True,75,40,montantes,0.4,40.0,-5784.825,5784.824999999999,-1.1641532182693482e-13,3.7427944893743006,-3.7427740127024993,0.5076904171890729,1935.141340402951,2180.0737300455476,1915.5752890517101,10.8057508503848,10.8057508503848,2.954236162348548,1.8267855315618464,0.29851370951285283,0.34944975173944776,0.375,1.0,0.4368615259626626,moderado
S0251,True,75,50,sin_danio,0.0,0.0,-5784.825,5784.825,-1.1641532182693482e-13,2.8826859454245337,-2.8826707770248365,0.41346913561734705,1957.2222936519838,2174.496320721987,1714.2279717241292,10.583160773913967,10.583160773913967,2.924078486315354,1.6727434827964873,0.22991416100290785,0.3422513582136867,0.375,0.0,0.2637622236756627,seguro
S0252,True,75,50,arco_a1_a2,0.1,10.0,-5784.825,5784.825000000001,-1.1641532182693482e-13,2.886888498919319,-2.8868810225961274,0.4118246706586686,1956.1378769798969,2174.988834525943,1720.5366664944092,10.587367610464844,10.587367610464844,2.922376084285207,1.6780798088139393,0.23024995900171316,0.3423874041033862,0.375,0.25,0.3014105791366991,seguro
S0253,True,75,50,arco_a1_a2,0.2,20.0,-5784.825,5784.824999999999,-1.1641532182693482e-13,2.891618941866399,-2.891617053137312,0.40989485517422586,1954.855284488529,2175.546579569388,1727.953304880923,10.592339311678856,10.592339311678856,2.920325309697076,1.684353982314329,0.23062769221253943,0.3425481851336926,0.375,0.5,0.3390801724605543,seguro
S0254,True,75,50,arco_a1_a2,0.3,30.0,-5784.825,5784.825,1.1641532182693482e-13,2.8969673854475246,-2.8969673311613766,0.407610887448846,1953.3249298526505,2176.1818513523867,1736.7473932788328,10.59826653355992,10.59826653355992,2.9178327274262004,1.6917942528456966,0.23105441617034936,0.3427398669745495,0.375,0.7499999999999999,0.37677527829219715,moderado
S0255,True,75,50,arco_a1_a2,0.4,40.0,-5784.825,5784.825,2.3283064365386963e-13,2.9030317917324844,-2.9030271588630336,0.40487931271948746,1951.4782776713141,2176.9090669361503,1747.2865614196824,10.605412341822088,10.605412341822088,2.914765222604965,1.7007120496273913,0.23153773192494503,0.3429709569707716,0.375,1.0,0.41450115451725356,moderado
S0256,True,75,50,arco_a2_a3,0.1,10.0,-5784.825,5784.825,2.3283064365386963e-13,3.0448739914229743,-3.044863355653869,0.4140058292446843,1949.5776354976053,2174.2370438837124,1711.2316047830948,10.578408757820256,10.578408757820256,2.967256836206024,1.670136792749444,0.24285021007712054,0.3420976816328362,0.375,0.25,0.3050892515946288,seguro
S0257,True,75,50,arco_a2_a3,0.2,20.0,-5784.825,5784.824999999999,3.4924596548080445e-13,3.2378034489755088,-3.2377967230700877,0.4144817784333956,1940.2260971215958,2173.941860399539,1708.2898804946046,10.573145616716262,10.573145616716262,3.039570008021537,1.6675619583976689,0.2582380627769516,0.34192747565847814,0.375,0.5,0.34714603531355287,seguro
S0258,True,75,50,arco_a2_a3,0.3,30.0,-5784.825,5784.825,2.3283064365386963e-13,3.4715867081477283,-3.4715831395582453,0.4148725537138738,1928.5668918119852,2173.6084728705464,1705.414552173838,10.567148543636312,10.567148543636312,3.12835965709588,1.6650228859047116,0.2768842461112228,0.3417335348830551,0.375,0.7499999999999999,0.3901720110424361,moderado
S0259,True,75,50,arco_a2_a3,0.4,40.0,-5784.825,5784.824999999999,1.1641532182693482e-13,3.761410482258597,-3.761409168252639,0.41514028071535564,1913.6760064893867,2173.2368377392604,1702.6133312429474,10.560045754639212,10.560045754639212,3.240444713221853,1.6625162426413815,0.3,0.34150383609709745,0.375,1.0,0.43452634263398415,moderado
S0260,True,75,50,arco_a3_a4,0.1,10.0,-5784.825,5784.824999999999,3.4924596548080445e-13,2.8867150490539046,-2.886683224224464,0.44859512755680303,1925.9204079236395,2171.988634619809,1737.0588282550705,10.379922835282066,10.379922835282066,2.9690438173392186,1.6901525382640088,0.23023418312920244,0.3356787980850746,0.375,0.25,0.2990578342685368,seguro
S0261,True,75,50,arco_a3_a4,0.2,20.0,-5784.825,5784.824999999999,2.3283064365386963e-13,3.0066510178747143,-2.9964936245630436,0.4900977766156509,1889.045015939869,2169.105889417892,1763.8789896592227,10.156855714565319,10.156855714565319,3.023735549839827,1.7107320508649215,0.2389923688590675,0.3284649773117662,0.375,0.5,0.3366604527168384,seguro
S0262,True,75,50,arco_a3_a4,0.3,30.0,-5784.825,5784.825,2.3283064365386963e-13,3.2202090469245985,-3.2094172859946988,0.5399513974151925,1844.8430679498213,2165.782250876862,1795.738865773728,9.908111314922525,9.908111314922525,3.091973169375064,1.7352797825046788,0.2559745942890041,0.3204207728964241,0.375,0.7499999999999999,0.37643964880044967,moderado
S0263,True,75,50,arco_a3_a4,0.4,40.0,-5784.825,5784.824999999999,-1.1641532182693482e-13,3.485902767157606,-3.4744427044937227,0.6010820498194432,1790.6981306691055,2161.94397473304,1834.1564249619064,9.624685047686267,9.624685047686267,3.1798495237923374,1.764926073308003,0.27711231741170345,0.3112549833003571,0.375,1.0,0.417072939378636,moderado
S0264,True,75,50,tablero,0.1,10.0,-5784.825,5784.825,3.4924596548080445e-13,3.0157374599641344,-3.0157224407974548,0.42828407317041606,1996.637840968922,2175.926906318658,1719.7555383810102,10.77854329568643,10.77854329568643,2.8419469521817433,1.6785873386952257,0.24052600814484698,0.3485698801445512,0.375,0.25,0.30665726049404696,seguro
S0265,True,75,50,tablero,0.2,20.0,-5784.825,5784.824999999999,2.3283064365386963e-13,3.1723035435487694,-3.172288671057547,0.46466040249196927,2038.5393007452967,2177.442803694103,1726.8249249012274,11.004299815695804,11.004299815695804,2.7560487917426393,1.6860498347942847,0.2530133146241491,0.3558706740424623,0.375,0.5,0.35045873030210656,moderado
S0266,True,75,50,tablero,0.3,30.0,-5784.825,5784.824999999999,-1.1641532182693482e-13,3.3612309287430984,-3.36121612036941,0.5084479551516337,2083.256889761061,2179.003241284742,1736.6740988858426,11.27116195203931,11.27116195203931,2.665391434794362,1.6963182980700162,0.26808166594097455,0.3645007922623893,0.375,0.7499999999999999,0.3954997770741286,moderado
S0267,True,75,50,tablero,0.4,40.0,-5784.825,5784.825,-1.1641532182693482e-13,3.5968278895923116,-3.5968128934658448,0.5624958208393235,2131.1942013972202,2180.5204633540716,1751.5785754115313,11.595820425465968,11.595820425465968,2.5683519617523296,1.711540124696795,0.28687223850762894,0.375,0.375,1.0,0.4423116715522887,moderado
S0268,True,75,50,pilares,0.1,10.0,-5784.825,5784.825,-2.3283064365386963e-13,2.891426500661646,-2.8914090984102736,0.41401074109197283,1955.803202539044,2175.2982484194226,1683.9146031547602,10.595448359354007,10.595448359354007,2.9277566698039035,1.647960615367903,0.23061110629611264,0.3426487293673392,0.375,0.25,0.3016103871674025,seguro
S0269,True,75,50,pilares,0.2,20.0,-5784.825,5784.825,-2.3283064365386963e-13,2.9025429437608468,-2.9025231281616777,0.41451901637776334,1954.291104639358,2176.257149524723,1650.5180908082425,10.606537663410498,10.606537663410498,2.932206246337138,1.6205902455345047,0.2314975317755747,0.34300734901378105,0.375,0.5,0.33950183168749576,seguro
S0270,True,75,50,pilares,0.3,30.0,-5784.825,5784.825,1.1641532182693482e-13,2.9170740740818824,-2.917051720600835,0.41496486085957945,1952.6839374728593,2177.4322991123686,1613.4290112425706,10.615220414550032,10.615220414550032,2.9377118361643126,1.590094400197533,0.23265629370143343,0.3432881425719647,0.375,0.7499999999999999,0.37744773801061765,moderado
S0271,True,75,50,pilares,0.4,40.0,-5784.825,5784.824999999999,2.3283064365386963e-13,2.936752952835711,-2.9367280586341167,0.4152991437589544,1950.9861353463855,2178.919474205092,1571.8085537855238,10.619322519961175,10.619322519961175,2.9447268306433685,1.5557186643558722,0.23422562613668316,0.3434208015363792,0.375,1.0,0.4154649683787377,moderado
S0272,True,75,50,montantes,0.1,10.0,-5784.825,5784.824999999999,-2.3283064365386963e-13,2.9022360257251374,-2.902220636244844,0.4125348388707921,1953.9602348651426,2175.791142153472,1758.5880241983655,10.630674154583383,10.630674154583383,2.928329106547108,1.706509874979996,0.23147340582410522,0.3437879047534987,0.375,0.25,0.3022677884109561,seguro
S0273,True,75,50,montantes,0.2,20.0,-5784.825,5784.825,-3.4924596548080445e-13,2.9260435533298956,-2.9260278956806958,0.41116295335697806,1949.5372418250388,2177.1548387457256,1806.5366449864823,10.682111968744264,10.682111968744264,2.9342928105443344,1.7431007941308845,0.2333722095732526,0.3454513644831758,0.375,0.5,0.3409196404410873,seguro
S0274,True,75,50,montantes,0.3,30.0,-5784.825,5784.824999999999,-1.1641532182693482e-13,2.9557970428534794,-2.955781058928628,0.4091484995756807,1943.499381871627,2178.585552438358,1858.6288946386187,10.739378833156355,10.739378833156355,2.942604219338536,1.7829861095506432,0.23574524281029507,0.34730333125797785,0.375,0.7499999999999999,0.3797797387833807,moderado
S0275,True,75,50,montantes,0.4,40.0,-5784.825,5784.825,2.3283064365386963e-13,2.9942355914994403,-2.994219210161999,0.40615233375125825,1935.141340402952,2180.0737300455476,1915.5752890517101,10.805750850384806,10.805750850384806,2.9542361623485487,1.8267855315618462,0.23881096761028225,0.3494497517394479,0.375,1.0,0.41895070339189144,moderado
S0276,True,75,60,sin_danio,0.0,0.0,-5784.825,5784.825,-3.4924596548080445e-13,2.402238287853777,-2.4022256475206962,0.34455761301445587,1957.222293651984,2174.4963207219866,1714.2279717241292,10.583160773913969,10.583160773913969,2.9240784863153544,1.6727434827964875,0.1915951341690898,0.34225135821368674,0.375,0.0,0.2522665156255173,seguro
S0277,True,75,60,arco_a1_a2,0.1,10.0,-5784.825,5784.824999999999,0.0,2.4057404157660995,-2.4057341854967724,0.3431872255488906,1956.137876979897,2174.9888345259424,1720.5366664944088,10.587367610464847,10.587367610464847,2.9223760842852076,1.6780798088139388,0.19187496583476094,0.3423874041033863,0.375,0.25,0.2898980811866135,seguro
S0278,True,75,60,arco_a1_a2,0.2,20.0,-5784.825,5784.825,0.0,2.409682451555332,-2.4096808776144254,0.3415790459785216,1954.8552844885282,2175.546579569388,1727.9533048809233,10.59233931167886,10.59233931167886,2.9203253096970765,1.6843539823143292,0.19218974351044943,0.34254818513369273,0.375,0.5,0.3275487878499273,seguro
S0279,True,75,60,arco_a1_a2,0.3,30.0,-5784.825,5784.824999999999,3.4924596548080445e-13,2.4141394878729368,-2.41413944263448,0.33967573954070507,1953.3249298526507,2176.1818513523867,1736.7473932788325,10.598266533559928,10.598266533559928,2.9178327274262053,1.6917942528456962,0.19254534680862445,0.3427398669745497,0.375,0.7499999999999999,0.3652225574836797,moderado
S0280,True,75,60,arco_a1_a2,0.4,40.0,-5784.825,5784.824999999999,0.0,2.4191931597770697,-2.4191892990525274,0.33739942726623956,1951.4782776713141,2176.90906693615,1747.2865614196821,10.605412341822088,10.605412341822088,2.9147652226049665,1.700712049627391,0.19294810993745415,0.3429709569707716,0.375,1.0,0.40292426792100633,moderado
S0281,True,75,60,arco_a2_a3,0.1,10.0,-5784.825,5784.825,-2.3283064365386963e-13,2.5373949928524775,-2.5373861297115567,0.34500485770390354,1949.577635497606,2174.237043883713,1711.2316047830948,10.578408757820258,10.578408757820258,2.967256836206027,1.670136792749444,0.20237517506426705,0.34209768163283627,0.375,0.25,0.2929467410907728,seguro
S0282,True,75,60,arco_a2_a3,0.2,20.0,-5784.825,5784.825000000001,1.1641532182693482e-13,2.6981695408129243,-2.6981639358917398,0.34540148202782966,1940.226097121596,2173.941860399539,1708.2898804946049,10.573145616716262,10.573145616716262,3.039570008021534,1.6675619583976689,0.21519838564745966,0.34192747565847814,0.375,0.5,0.33423413217470527,seguro
S0283,True,75,60,arco_a2_a3,0.3,30.0,-5784.825,5784.825,2.3283064365386963e-13,2.8929889234564397,-2.8929859496318713,0.3457271280948948,1928.5668918119857,2173.608472870547,1705.4145521738374,10.567148543636307,10.567148543636307,3.128359657095879,1.6650228859047111,0.23073687175935234,0.3417335348830549,0.375,0.7499999999999999,0.3763277987368749,moderado
S0284,True,75,60,arco_a2_a3,0.4,40.0,-5784.825,5784.825,1.1641532182693482e-13,3.1345087352154977,-3.1345076402105323,0.34595023392946306,1913.6760064893865,2173.236837739261,1702.6133312429474,10.56004575463921,10.56004575463921,3.240444713221848,1.6625162426413815,0.24999999999999997,0.34150383609709734,0.375,1.0,0.41952634263398403,moderado
S0285,True,75,60,arco_a3_a4,0.1,10.0,-5784.825,5784.824999999999,0.0,2.4055958742115875,-2.4055693535203866,0.3738292729640026,1925.9204079236395,2171.988634619809,1737.058828255071,10.379922835282064,10.379922835282064,2.969043817339224,1.6901525382640092,0.19186181927433538,0.33567879808507456,0.375,0.25,0.28754612511207667,seguro
S0286,True,75,60,arco_a3_a4,0.2,20.0,-5784.825,5784.824999999998,0.0,2.5055425148955957,-2.4970780204692034,0.4084148138463757,1889.0450159398695,2169.105889417892,1763.878989659223,10.156855714565319,10.156855714565319,3.0237355498398353,1.7107320508649217,0.19916030738255627,0.3284649773117662,0.375,0.5,0.32471083427388503,seguro
S0287,True,75,60,arco_a3_a4,0.3,30.0,-5784.825,5784.824999999999,0.0,2.6835075391038323,-2.674514404995582,0.44995949784599376,1844.8430679498217,2165.782250876862,1795.7388657737283,9.908111314922527,9.908111314922527,3.091973169375058,1.735279782504679,0.21331216190750335,0.3204207728964242,0.375,0.7499999999999999,0.36364091908599944,moderado
S0288,True,75,60,arco_a3_a4,0.4,40.0,-5784.825,5784.825,-1.1641532182693482e-13,2.9049189726313385,-2.895368920411436,0.5009017081828694,1790.6981306691066,2161.94397473304,1834.156424961906,9.624685047686267,9.624685047686267,3.179849523792338,1.7649260733080028,0.23092693117641955,0.3112549833003571,0.375,1.0,0.40321732350805084,moderado
S0289,True,75,60,tablero,0.1,10.0,-5784.825,5784.824999999999,1.1641532182693482e-13,2.5131145499701124,-2.513102033997879,0.3569033943086801,1996.6378409689219,2175.926906318658,1719.7555383810102,10.778543295686438,10.778543295686438,2.8419469521817455,1.6785873386952257,0.20043834012070583,0.3485698801445514,0.375,0.25,0.2946309600868047,seguro
S0290,True,75,60,tablero,0.2,20.0,-5784.825,5784.824999999999,3.4924596548080445e-13,2.643586286290642,-2.6435738925479564,0.38721700207664106,2038.539300745296,2177.442803694103,1726.824924901227,11.004299815695802,11.004299815695802,2.756048791742642,1.6860498347942843,0.21084442885345764,0.35587067404246225,0.375,0.5,0.3378080645708991,seguro
S0291,True,75,60,tablero,0.3,30.0,-5784.825,5784.825,1.1641532182693482e-13,2.801025773952583,-2.801013433641176,0.42370662929302805,2083.256889761061,2179.0032412847427,1736.6740988858417,11.271161952039305,11.271161952039305,2.6653914347943646,1.6963182980700153,0.22340138828414555,0.36450079226238913,0.375,0.7499999999999999,0.38209569377707986,moderado
S0292,True,75,60,tablero,0.4,40.0,-5784.825,5784.825,-1.1641532182693482e-13,2.997356574660259,-2.997344077888203,0.468746517366103,2131.1942013972193,2180.520463354071,1751.5785754115311,11.595820425465966,11.595820425465966,2.568351961752328,1.7115401246967947,0.2390601987563574,0.37499999999999994,0.375,1.0,0.4279680596269072,moderado
S0293,True,75,60,pilares,0.1,10.0,-5784.825,5784.824999999998,-1.1641532182693482e-13,2.4095220838847045,-2.409507582008561,0.3450089509099773,1955.8032025390432,2175.2982484194217,1683.9146031547605,10.595448359354007,10.595448359354007,2.9277566698039,1.647960615367903,0.1921759219134272,0.3426487293673392,0.375,0.25,0.2900798318525969,seguro
S0294,True,75,60,pilares,0.2,20.0,-5784.825,5784.824999999999,1.1641532182693482e-13,2.4187857864673723,-2.4187692734680644,0.34543251364813615,1954.2911046393583,2176.2571495247225,1650.518090808242,10.606537663410492,10.606537663410492,2.932206246337145,1.6205902455345045,0.19291460981297887,0.3430073490137809,0.375,0.5,0.327926955098717,seguro
S0295,True,75,60,pilares,0.3,30.0,-5784.825,5784.825,0.0,2.4308950617349017,-2.4308764338340287,0.34580405071631626,1952.683937472859,2177.432299112368,1613.4290112425708,10.615220414550032,10.615220414550032,2.9377118361643144,1.590094400197533,0.1938802447511945,0.3432881425719647,0.375,0.7499999999999999,0.365814923325546,moderado
S0296,True,75,60,pilares,0.4,40.0,-5784.825,5784.824999999999,-1.1641532182693482e-13,2.447294127363093,-2.4472733821950974,0.3460826197991286,1950.9861353463853,2178.9194742050913,1571.8085537855245,10.61932251996118,10.61932251996118,2.944726830643373,1.5557186643558731,0.1951880217805693,0.3434208015363794,0.375,1.0,0.4037536870719036,moderado
S0297,True,75,60,montantes,0.1,10.0,-5784.825,5784.825,4.656612873077393e-13,2.4185300214376144,-2.4185171968707038,0.3437790323923267,1953.9602348651426,2175.7911421534723,1758.5880241983646,10.630674154583383,10.630674154583383,2.92832910654711,1.7065098749799954,0.19289450485342105,0.3437879047534987,0.375,0.25,0.2906941181197508,seguro
S0298,True,75,60,montantes,0.2,20.0,-5784.825,5784.825,-3.4924596548080445e-13,2.438369627774913,-2.438356579733913,0.3426357944641484,1949.5372418250386,2177.154838745725,1806.5366449864823,10.682111968744262,10.682111968744262,2.934292810544337,1.7431007941308845,0.19447684131104384,0.34545136448317576,0.375,0.5,0.32925102996242467,seguro
S0299,True,75,60,montantes,0.3,30.0,-5784.825,5784.825,0.0,2.4631642023779,-2.463150882440524,0.34095708297973376,1943.4993818716268,2178.5855524383587,1858.6288946386194,10.739378833156351,10.739378833156351,2.9426042193385276,1.7829861095506438,0.19645436900857927,0.34730333125797774,0.375,0.7499999999999999,0.367992476642866,moderado
S0300,True,75,60,montantes,0.4,40.0,-5784.825,5784.825,0.0,2.495196326249533,-2.4951826751349993,0.33846027812604856,1935.1413404029518,2180.0737300455476,1915.57528905171,10.805750850384804,10.805750850384804,2.954236162348548,1.826785531561846,0.1990091396752352,0.34944975173944787,0.375,1.0,0.4070101550113773,moderado
S0301,True,100,40,sin_danio,0.0,0.0,-7713.1,7713.099999999999,2.3283064365386963e-13,4.804476575707554,-4.8044512950413925,0.689115226028912,2609.6297248693113,2899.3284276293157,2285.6372956321716,14.1108810318853,14.1108810318853,3.8987713150871377,2.230324643728649,0.3831902683381796,0.4563351442849159,0.5,0.0,0.37467438100117445,moderado
S0302,True,100,40,arco_a1_a2,0.1,10.0,-7713.1,7713.1,0.0,4.8114808315322,-4.811468370993546,0.686374451097781,2608.183835973196,2899.985112701257,2294.048888659212,14.116490147286461,14.116490147286461,3.8965014457136085,2.237439745085252,0.3837499316695219,0.45651653880451504,0.5,0.25,0.4124057680824368,moderado
S0303,True,100,40,arco_a1_a2,0.2,20.0,-7713.1,7713.0999999999985,-4.656612873077393e-13,4.819364903110666,-4.819361755228853,0.6831580919570432,2606.473712651371,2900.7287727591843,2303.937739841231,14.123119082238476,14.123119082238476,3.893767079596104,2.2458053097524386,0.38437948702089897,0.45673091351159023,0.5,0.5,0.4501696658353263,moderado
S0304,True,100,40,arco_a1_a2,0.3,30.0,-7713.1,7713.099999999999,0.0,4.828278975745875,-4.828278885268962,0.67935147908141,2604.433239803534,2901.5758018031825,2315.663191038443,14.131022044746565,14.131022044746565,3.8904436365682753,2.255725670460928,0.385090693617249,0.4569864892993995,0.5,0.7499999999999999,0.4879724793399645,moderado
S0305,True,100,40,arco_a1_a2,0.4,40.0,-7713.1,7713.099999999999,6.984919309616089e-13,4.8383863195541394,-4.838378598105056,0.6747988545324791,2601.971036895087,2902.5454225815333,2329.7154152262424,14.140549789096116,14.140549789096116,3.886353630139949,2.267616066169855,0.38589621987490835,0.4572946092943621,0.5,1.0,0.5258219792154992,moderado
S0306,True,100,40,arco_a2_a3,0.1,10.0,-7713.1,7713.099999999999,-2.3283064365386963e-13,5.074789985704955,-5.0747722594231135,0.6900097154078072,2599.436847330143,2898.9827251782835,2281.6421397107933,14.104545010427005,14.104545010427005,3.9563424482747007,2.2268490569992587,0.4047503501285341,0.45613024217711484,0.5,0.25,0.41857068980055034,moderado
S0307,True,100,40,arco_a2_a3,0.2,20.0,-7713.1,7713.099999999999,0.0,5.3963390816258485,-5.3963278717834795,0.6908029640556593,2586.968129495461,2898.5891471993855,2277.719840659473,14.097527488955016,14.097527488955016,4.052760010695378,2.223415944530225,0.4303967712949193,0.4559033008779708,0.5,0.5,0.4636851866957656,moderado
S0308,True,100,40,arco_a2_a3,0.3,30.0,-7713.1,7713.099999999999,-4.656612873077393e-13,5.785977846912879,-5.785971899263743,0.6914542561897895,2571.42252241598,2898.144630494062,2273.8860695651174,14.089531391515083,14.089531391515083,4.171146209461175,2.2200305145396158,0.4614737435187047,0.45564471317740673,0.5,0.7499999999999999,0.5104177726677037,moderado
S0309,True,100,40,arco_a2_a3,0.4,40.0,-7713.1,7713.1,-2.3283064365386963e-13,6.269017470430996,-6.2690152804210655,0.6919004678589261,2551.5680086525163,2897.649116985681,2270.1511083239297,14.080061006185616,14.080061006185616,4.320592950962471,2.216688323521842,0.5,0.4553384481294632,0.5,1.0,0.5593684568453121,moderado
S0310,True,100,40,arco_a3_a4,0.1,10.0,-7713.1,7713.0999999999985,0.0,4.811191748423174,-4.811138707040772,0.7476585459280048,2567.8938772315196,2895.9848461597453,2316.078437673428,13.839897113709418,13.839897113709418,3.958725089785632,2.2535367176853454,0.38372363854867064,0.4475717307800994,0.5,0.25,0.40926719733763595,moderado
S0311,True,100,40,arco_a3_a4,0.2,20.0,-7713.1,7713.099999999999,4.656612873077393e-13,5.0110850297911895,-4.994156040938405,0.8168296276927515,2518.7266879198264,2892.141185890522,2351.8386528789633,13.542474286087096,13.542474286087096,4.031647399786442,2.2809760678198954,0.39832061476511244,0.4379533030823551,0.5,0.5,0.447779840508358,moderado
S0312,True,100,40,arco_a3_a4,0.3,30.0,-7713.1,7713.099999999999,2.3283064365386963e-13,5.367015078207664,-5.349028809991163,0.8999189956919874,2459.7907572664276,2887.7096678358157,2394.318487698304,13.210815086563368,13.210815086563368,4.122630892500083,2.313706376672905,0.42662432381500665,0.4272276971952322,0.5,0.7499999999999999,0.4900169911628332,moderado
S0313,True,100,40,arco_a3_a4,0.4,40.0,-7713.1,7713.1,2.3283064365386963e-13,5.809837945262677,-5.790737840822872,1.0018034163657388,2387.5975075588076,2882.59196631072,2445.541899949207,12.832913396915027,12.832913396915027,4.2397993650564505,2.3532347644106695,0.4618538623528391,0.4150066444004763,0.5,1.0,0.5338084842460185,moderado
S0314,True,100,40,tablero,0.1,10.0,-7713.1,7713.1,0.0,5.026229099940225,-5.026204067995758,0.7138067886173601,2662.1837879585623,2901.235875091544,2293.0073845080133,14.371391060915242,14.371391060915242,3.7892626029089973,2.238116451593634,0.40087668024141165,0.464759840192735,0.5,0.25,0.42042894813988074,moderado
S0315,True,100,40,tablero,0.2,20.0,-7713.1,7713.1,0.0,5.287172572581284,-5.287147785095913,0.7744340041532821,2718.052400993728,2903.257071592138,2302.4332332016374,14.672399754261068,14.672399754261068,3.6747317223235205,2.24806644639238,0.4216888577069153,0.47449423205661634,0.5,0.5,0.4675796385318903,moderado
S0316,True,100,40,tablero,0.3,30.0,-7713.1,7713.1,-4.656612873077393e-13,5.602051547905166,-5.602026867282352,0.8474132585860561,2777.675853014748,2905.337655046323,2315.5654651811224,15.028215936052403,15.028215936052403,3.5538552463924837,2.261757730760021,0.4468027765682911,0.486001056349852,0.5,0.7499999999999999,0.5166412026929355,moderado
S0317,True,100,40,tablero,0.4,40.0,-7713.1,7713.099999999999,-4.656612873077393e-13,5.994713149320519,-5.994688155776407,0.9374930347322058,2841.5922685296255,2907.3606178054283,2335.438100548709,15.461093900621288,15.461093900621288,3.4244692823364398,2.282053499595727,0.47812039751271485,0.4999999999999999,0.5,1.0,0.5684361192538144,moderado
S0318,True,100,40,pilares,0.1,10.0,-7713.1,7713.099999999999,0.0,4.819044167769407,-4.81901516401712,0.6900179018199546,2607.7376033853907,2900.3976645592297,2245.2194708730135,14.127264479138677,14.127264479138677,3.9036755597385295,2.1972808204905374,0.3843518438268542,0.45686497248978564,0.5,0.25,0.41270829351948124,moderado
S0319,True,100,40,pilares,0.2,20.0,-7713.1,7713.099999999999,-2.3283064365386963e-13,4.837571572934745,-4.837538546936129,0.6908650272962721,2605.7214728524777,2901.6761993662976,2200.690787744323,14.142050217880657,14.142050217880657,3.909608328449518,2.1607869940460063,0.38582921962595773,0.4573431320183745,0.5,0.5,0.45081886209421834,moderado
S0320,True,100,40,pilares,0.3,30.0,-7713.1,7713.1,2.3283064365386963e-13,4.861790123469803,-4.8617528676680575,0.6916081014326326,2603.578583297146,2903.2430654831574,2151.2386816567605,14.153627219400041,14.153627219400041,3.916949114885756,2.120125866930044,0.387760489502389,0.45771752342928623,0.5,0.7499999999999999,0.48902928005096685,moderado
S0321,True,100,40,pilares,0.4,40.0,-7713.1,7713.1,2.3283064365386963e-13,4.8945882547261865,-4.894546764390196,0.6921652395982572,2601.314847128514,2905.2259656067886,2095.7447383806984,14.159096693281572,14.159096693281572,3.9263024408578255,2.0742915524744965,0.3903760435611387,0.4578944020485058,0.5,1.0,0.5273758537853187,moderado
S0322,True,100,40,montantes,0.1,10.0,-7713.1,7713.1,0.0,4.837060042875229,-4.8370343937414075,0.6875580647846536,2605.2803131535234,2901.0548562046297,2344.7840322644875,14.174232206111183,14.174232206111183,3.9044388087294797,2.2753464999733284,0.3857890097068421,0.45838387300466504,0.5,0.25,0.41367105846368535,moderado
S0323,True,100,40,montantes,0.2,20.0,-7713.1,7713.1,0.0,4.876739255549826,-4.876713159467826,0.6852715889282969,2599.382989100052,2902.873118327633,2408.715526648643,14.24281595832568,14.24281595832568,3.9123904140591166,2.324134392174513,0.3889536826220877,0.4606018193109009,0.5,0.5,0.45289674154544163,moderado
S0324,True,100,40,montantes,0.3,30.0,-7713.1,7713.0999999999985,-2.3283064365386963e-13,4.9263284047558,-4.926301764881048,0.6819141659594676,2591.332509162168,2904.780736584477,2478.1718595181583,14.3191717775418,14.3191717775418,3.9234722924513696,2.377314812734191,0.39290873801715853,0.4630711083439703,0.5,0.7499999999999999,0.4924475093255371,moderado
S0325,True,100,40,montantes,0.4,40.0,-7713.1,7713.1,-2.3283064365386963e-13,4.990392652499066,-4.9903653502699985,0.676920556252097,2580.188453870603,2906.764973394064,2554.1003854022797,14.407667800513071,14.407667800513071,3.938981549798064,2.4357140420824615,0.3980182793504704,0.4659330023192638,0.5,1.0,0.5324820346168835,moderado
S0326,True,100,50,sin_danio,0.0,0.0,-7713.1,7713.1,-2.3283064365386963e-13,3.843581260566044,-3.843561036033115,0.5512921808231296,2609.6297248693113,2899.3284276293157,2285.6372956321716,14.110881031885295,14.110881031885295,3.898771315087141,2.230324643728649,0.3065522146705437,0.45633514428491573,0.5,0.0,0.3516829649008836,moderado
S0327,True,100,50,arco_a1_a2,0.1,10.0,-7713.1,7713.1,0.0,3.849184665225759,-3.849174696794836,0.5490995608782249,2608.1838359731955,2899.9851127012566,2294.0488886592125,14.116490147286463,14.116490147286463,3.896501445713603,2.2374397450852523,0.30699994533561753,0.4565165388045151,0.5,0.25,0.3893807721822655,moderado
S0328,True,100,50,arco_a1_a2,0.2,20.0,-7713.1,7713.099999999999,2.3283064365386963e-13,3.8554919224885325,-3.8554894041830825,0.5465264735656344,2606.473712651372,2900.7287727591847,2303.93773984123,14.123119082238473,14.123119082238473,3.893767079596107,2.2458053097524373,0.3075035896167192,0.4567309135115901,0.5,0.5,0.42710689661407225,moderado
S0329,True,100,50,arco_a1_a2,0.3,30.0,-7713.1,7713.099999999999,2.3283064365386963e-13,3.8626231805966995,-3.862623108215169,0.5434811832651281,2604.4332398035344,2901.5758018031825,2315.6631910384426,14.131022044746564,14.131022044746564,3.8904436365682677,2.2557256704609276,0.30807255489379914,0.45698648929939945,0.5,0.7499999999999999,0.46486703772292953,moderado
S0330,True,100,50,arco_a1_a2,0.4,40.0,-7713.1,7713.1,-2.3283064365386963e-13,3.870709055643312,-3.8707028784840447,0.5398390836259834,2601.971036895086,2902.5454225815333,2329.7154152262433,14.140549789096111,14.140549789096111,3.886353630139951,2.2676160661698557,0.3087169758999267,0.45729460929436194,0.5,1.0,0.5026682060230047,moderado
S0331,True,100,50,arco_a2_a3,0.1,10.0,-7713.1,7713.0999999999985,-4.656612873077393e-13,4.059831988563965,-4.059817807538491,0.5520077723262459,2599.436847330142,2898.982725178283,2281.6421397107943,14.104545010427005,14.104545010427005,3.9563424482746954,2.2268490569992596,0.3238002801028273,0.45613024217711484,0.5,0.25,0.39428566879283833,moderado
S0332,True,100,50,arco_a2_a3,0.2,20.0,-7713.1,7713.099999999999,2.3283064365386963e-13,4.317071265300679,-4.317062297426784,0.5526423712445276,2586.9681294954607,2898.5891471993855,2277.719840659473,14.097527488955022,14.097527488955022,4.052760010695381,2.223415944530225,0.34431741703593544,0.455903300877971,0.5,0.5,0.4378613804180705,moderado
S0333,True,100,50,arco_a2_a3,0.3,30.0,-7713.1,7713.1,0.0,4.628782277530303,-4.628777519410993,0.5531634049518318,2571.422522415981,2898.144630494062,2273.8860695651174,14.089531391515083,14.089531391515083,4.17114620946117,2.2200305145396158,0.36917899481496363,0.45564471317740673,0.5,0.7499999999999999,0.48272934805658146,moderado
S0334,True,100,50,arco_a2_a3,0.4,40.0,-7713.1,7713.1,-2.3283064365386963e-13,5.015213976344796,-5.015212224336852,0.553520374287141,2551.5680086525153,2897.6491169856804,2270.1511083239297,14.080061006185618,14.080061006185618,4.320592950962468,2.216688323521842,0.39999999999999997,0.4553384481294633,0.5,1.0,0.5293684568453122,moderado
S0335,True,100,50,arco_a3_a4,0.1,10.0,-7713.1,7713.099999999999,0.0,3.8489533987385407,-3.8489109656326193,0.598126836742404,2567.893877231519,2895.9848461597453,2316.078437673428,13.83989711370942,13.83989711370942,3.958725089785627,2.2535367176853454,0.30697891083893664,0.44757173078009943,0.5,0.25,0.38624377902471574,moderado
S0336,True,100,50,arco_a3_a4,0.2,20.0,-7713.1,7713.1,2.3283064365386963e-13,4.008868023832953,-3.995324832750725,0.6534637021542011,2518.726687919826,2892.1411858905226,2351.8386528789633,13.542474286087096,13.542474286087096,4.031647399786439,2.2809760678198954,0.31865649181209,0.4379533030823551,0.5,0.5,0.4238806036224513,moderado
S0337,True,100,50,arco_a3_a4,0.3,30.0,-7713.1,7713.099999999999,2.3283064365386963e-13,4.2936120625661305,-4.2792230479929305,0.71993519655359,2459.790757266427,2887.7096678358157,2394.3184876983046,13.210815086563365,13.210815086563365,4.122630892500089,2.3137063766729056,0.34129945905200537,0.42722769719523207,0.5,0.7499999999999999,0.46441953173393286,moderado
S0338,True,100,50,arco_a3_a4,0.4,40.0,-7713.1,7713.099999999999,0.0,4.647870356210142,-4.632590272658297,0.8014427330925912,2387.5975075588076,2882.59196631072,2445.5418999492076,12.832913396915021,12.832913396915021,4.2397993650564505,2.3532347644106695,0.3694830898822713,0.41500664440047613,0.5,1.0,0.506097252504848,moderado
S0339,True,100,50,tablero,0.1,10.0,-7713.1,7713.1,0.0,4.020983279952181,-4.020963254396608,0.571045430893888,2662.1837879585614,2901.2358750915437,2293.0073845080137,14.371391060915244,14.371391060915244,3.7892626029089924,2.2381164515936343,0.3207013441931294,0.46475984019273503,0.5,0.25,0.39637634732539606,moderado
S0340,True,100,50,tablero,0.2,20.0,-7713.1,7713.099999999999,0.0,4.229738058065027,-4.22971822807673,0.6195472033226257,2718.0524009937285,2903.2570715921374,2302.4332332016365,14.672399754261074,14.672399754261074,3.67473172232351,2.2480664463923796,0.3373510861655322,0.4744942320566165,0.5,0.5,0.4422783070694754,moderado
S0341,True,100,50,tablero,0.3,30.0,-7713.1,7713.0999999999985,-2.3283064365386963e-13,4.481641238324132,-4.481621493825881,0.677930606868845,2777.675853014748,2905.3376550463227,2315.565465181123,15.028215936052401,15.028215936052401,3.55385524639248,2.261757730760021,0.3574422212546328,0.48600105634985197,0.5,0.7499999999999999,0.48983303609883805,moderado
S0342,True,100,50,tablero,0.4,40.0,-7713.1,7713.099999999999,0.0,4.795770519456416,-4.795750524621127,0.7499944277857648,2841.592268529627,2907.360617805428,2335.4381005487085,15.461093900621284,15.461093900621284,3.424469282336439,2.2820534995957265,0.382496318010172,0.4999999999999998,0.5,1.0,0.5397488954030515,moderado
S0343,True,100,50,pilares,0.1,10.0,-7713.1,7713.099999999999,2.3283064365386963e-13,3.8552353342155263,-3.8552121312136967,0.5520143214559636,2607.7376033853907,2900.3976645592293,2245.2194708730135,14.127264479138676,14.127264479138676,3.9036755597385384,2.1972808204905374,0.30748147506148343,0.4568649724897856,0.5,0.25,0.38964718288987,moderado
S0344,True,100,50,pilares,0.2,20.0,-7713.1,7713.099999999999,2.3283064365386963e-13,3.8700572583477957,-3.870030837548903,0.5526920218370178,2605.7214728524777,2901.676199366297,2200.6907877443227,14.142050217880657,14.142050217880657,3.9096083284495227,2.1607869940460054,0.3086633757007662,0.4573431320183745,0.5,0.5,0.42766910891666093,moderado
S0345,True,100,50,pilares,0.3,30.0,-7713.1,7713.1,-2.3283064365386963e-13,3.8894320987758424,-3.889402294134446,0.553286481146106,2603.578583297146,2903.2430654831574,2151.238681656761,14.153627219400036,14.153627219400036,3.916949114885756,2.1201258669300445,0.3102083916019112,0.45771752342928607,0.5,0.7499999999999999,0.4657636506808234,moderado
S0346,True,100,50,pilares,0.4,40.0,-7713.1,7713.1,-2.3283064365386963e-13,3.9156706037809483,-3.9156374115121557,0.5537321916786059,2601.3148471285135,2905.225965606789,2095.744738380699,14.159096693281569,14.159096693281569,3.9263024408578313,2.074291552474497,0.31230083484891086,0.4578944020485057,0.5,1.0,0.5039532911716502,moderado
S0347,True,100,50,montantes,0.1,10.0,-7713.1,7713.1,2.3283064365386963e-13,3.8696480343001833,-3.8696275149931254,0.5500464518277229,2605.2803131535243,2901.0548562046297,2344.784032264487,14.17423220611117,14.17423220611117,3.9044388087294752,2.275346499973328,0.3086312077654736,0.45838387300466465,0.5,0.25,0.3905237178812747,moderado
S0348,True,100,50,montantes,0.2,20.0,-7713.1,7713.100000000001,4.656612873077393e-13,3.901391404439861,-3.901370527574261,0.5482172711426375,2599.382989100052,2902.8731183276336,2408.7155266486425,14.242815958325687,14.242815958325687,3.912390414059113,2.3241343921745123,0.31116294609767015,0.46060181931090116,0.5,0.5,0.4295595205881165,moderado
S0349,True,100,50,montantes,0.3,30.0,-7713.1,7713.0999999999985,-2.3283064365386963e-13,3.94106272380464,-3.9410414119048376,0.545531332767574,2591.3325091621696,2904.7807365844774,2478.1718595181583,14.319171777541802,14.319171777541802,3.9234722924513767,2.377314812734191,0.31432699041372675,0.46307110834397036,0.5,0.7499999999999999,0.46887298504450764,moderado
S0350,True,100,50,montantes,0.4,40.0,-7713.1,7713.1,6.984919309616089e-13,3.9923141219992537,-3.9922922802159992,0.5415364450016777,2580.188453870603,2906.7649733940634,2554.100385402279,14.407667800513064,14.407667800513064,3.9389815497980574,2.4357140420824606,0.31841462348037636,0.46593300231926355,0.5,1.0,0.5086009378558551,moderado
S0351,True,100,60,sin_danio,0.0,0.0,-7713.1,7713.1,2.3283064365386963e-13,3.2029843838050365,-3.2029675300275953,0.4594101506859412,2609.629724869312,2899.3284276293157,2285.6372956321716,14.110881031885292,14.110881031885292,3.8987713150871426,2.230324643728649,0.25546017889211975,0.4563351442849156,0.5,0.0,0.3363553541673564,seguro
S0352,True,100,60,arco_a1_a2,0.1,10.0,-7713.1,7713.1,-2.3283064365386963e-13,3.2076538876881324,-3.2076455806623634,0.4575829673985207,2608.183835973196,2899.9851127012566,2294.0488886592125,14.11649014728646,14.11649014728646,3.896501445713603,2.2374397450852523,0.2558332877796813,0.456516538804515,0.5,0.25,0.37403077491548464,moderado
S0353,True,100,60,arco_a1_a2,0.2,20.0,-7713.1,7713.1,-2.3283064365386963e-13,3.2129099354071102,-3.212907836819235,0.45543872797136215,2606.473712651372,2900.728772759185,2303.9377398412307,14.123119082238476,14.123119082238476,3.893767079596106,2.245805309752438,0.256252991347266,0.45673091351159023,0.5,0.5,0.41173171713323636,moderado
S0354,True,100,60,arco_a1_a2,0.3,30.0,-7713.1,7713.099999999999,2.3283064365386963e-13,3.2188526504972503,-3.218852590179308,0.45290098605427326,2604.433239803534,2901.5758018031825,2315.663191038443,14.131022044746562,14.131022044746562,3.8904436365682704,2.255725670460928,0.256727129078166,0.4569864892993994,0.5,0.7499999999999999,0.4494634099782396,moderado
S0355,True,100,60,arco_a1_a2,0.4,40.0,-7713.1,7713.099999999999,-2.3283064365386963e-13,3.22559087970276,-3.225585732070037,0.4498659030216528,2601.971036895086,2902.5454225815333,2329.715415226243,14.140549789096116,14.140549789096116,3.8863536301399555,2.2676160661698552,0.25726414658327224,0.4572946092943621,0.5,1.0,0.4872323572280084,moderado
S0356,True,100,60,arco_a2_a3,0.1,10.0,-7713.1,7713.099999999999,-2.3283064365386963e-13,3.383193323803305,-3.3831815062820767,0.46000647693853813,2599.436847330142,2898.9827251782835,2281.6421397107933,14.104545010427014,14.104545010427014,3.9563424482746963,2.2268490569992587,0.26983356675235615,0.4561302421771151,0.5,0.25,0.37809565478769713,moderado
S0357,True,100,60,arco_a2_a3,0.2,20.0,-7713.1,7713.099999999999,2.3283064365386963e-13,3.5975593877505645,-3.597551914522319,0.46053530937043946,2586.9681294954607,2898.589147199385,2277.719840659473,14.097527488955022,14.097527488955022,4.052760010695385,2.223415944530225,0.28693118086327946,0.455903300877971,0.5,0.5,0.4206455095662737,moderado
S0358,True,100,60,arco_a2_a3,0.3,30.0,-7713.1,7713.1,-4.656612873077393e-13,3.8573185646085864,-3.857314599509161,0.4609695041265264,2571.422522415981,2898.144630494062,2273.8860695651174,14.089531391515079,14.089531391515079,4.171146209461176,2.2200305145396158,0.3076491623458031,0.4556447131774066,0.5,0.7499999999999999,0.4642703983158332,moderado
S0359,True,100,60,arco_a2_a3,0.4,40.0,-7713.1,7713.1,0.0,4.17934498028733,-4.17934352028071,0.46126697857261734,2551.5680086525153,2897.649116985681,2270.1511083239297,14.080061006185618,14.080061006185618,4.320592950962469,2.216688323521842,0.3333333333333333,0.4553384481294633,0.5,1.0,0.5093684568453122,moderado
S0360,True,100,60,arco_a3_a4,0.1,10.0,-7713.1,7713.1,6.984919309616089e-13,3.2074611656154506,-3.207425804693849,0.49843903061866995,2567.89387723152,2895.9848461597458,2316.078437673427,13.839897113709416,13.839897113709416,3.958725089785629,2.253536717685344,0.2558157590324472,0.4475717307800993,0.5,0.25,0.37089483348276886,moderado
S0361,True,100,60,arco_a3_a4,0.2,20.0,-7713.1,7713.099999999999,-2.3283064365386963e-13,3.3407233531941274,-3.3294373606256036,0.544553085128501,2518.726687919825,2892.1411858905226,2351.8386528789647,13.5424742860871,13.5424742860871,4.03164739978644,2.2809760678198963,0.265547076510075,0.4379533030823552,0.5,0.5,0.4079477790318468,moderado
S0362,True,100,60,arco_a3_a4,0.3,30.0,-7713.1,7713.099999999999,4.656612873077393e-13,3.578010052138443,-3.566019206660776,0.5999459971279916,2459.790757266428,2887.7096678358157,2394.318487698304,13.210815086563372,13.210815086563372,4.122630892500094,2.313706376672905,0.28441621587667115,0.4272276971952323,0.5,0.7499999999999999,0.4473545587813326,moderado
S0363,True,100,60,arco_a3_a4,0.4,40.0,-7713.1,7713.099999999999,-6.984919309616089e-13,3.873225296841784,-3.860491893881914,0.6678689442438259,2387.5975075588076,2882.59196631072,2445.5418999492085,12.832913396915023,12.832913396915023,4.239799365056457,2.353234764410671,0.3079025749018927,0.4150066444004762,0.5,1.0,0.48762309801073445,moderado
S0364,True,100,60,tablero,0.1,10.0,-7713.1,7713.1,0.0,3.3508193999601503,-3.3508027119971726,0.47587119241157344,2662.1837879585614,2901.235875091544,2293.007384508014,14.371391060915247,14.371391060915247,3.7892626029089955,2.2381164515936347,0.26725112016094116,0.46475984019273514,0.5,0.25,0.38034128011573964,moderado
S0365,True,100,60,tablero,0.2,20.0,-7713.1,7713.099999999999,2.3283064365386963e-13,3.5247817150541887,-3.5247651900639414,0.5162893361021882,2718.0524009937285,2903.2570715921374,2302.4332332016356,14.672399754261068,14.672399754261068,3.6747317223235108,2.2480664463923787,0.2811259051379435,0.47449423205661634,0.5,0.5,0.4254107527611987,moderado
S0366,True,100,60,tablero,0.3,30.0,-7713.1,7713.1,0.0,3.734701031936777,-3.7346845781882347,0.5649421723907041,2777.675853014748,2905.337655046323,2315.5654651811224,15.028215936052408,15.028215936052408,3.5538552463924806,2.2617577307600207,0.2978685177121941,0.4860010563498522,0.5,0.7499999999999999,0.4719609250361065,moderado
S0367,True,100,60,tablero,0.4,40.0,-7713.1,7713.099999999999,-2.3283064365386963e-13,3.9964754328803456,-3.996458770517605,0.6249953564881373,2841.592268529626,2907.3606178054283,2335.438100548708,15.461093900621291,15.461093900621291,3.424469282336438,2.282053499595726,0.3187469316751433,0.5,0.5,1.0,0.520624079502543,moderado
S0368,True,100,60,pilares,0.1,10.0,-7713.1,7713.099999999999,0.0,3.2126961118462725,-3.2126767760114143,0.4600119345466363,2607.7376033853916,2900.3976645592297,2245.219470873014,14.127264479138672,14.127264479138672,3.903675559738536,2.1972808204905374,0.2562345625512362,0.45686497248978547,0.5,0.25,0.3742731091367958,moderado
S0369,True,100,60,pilares,0.2,20.0,-7713.1,7713.099999999999,0.0,3.2250477152898296,-3.225025697957419,0.4605766848641814,2605.7214728524777,2901.6761993662976,2200.690787744323,14.142050217880657,14.142050217880657,3.9096083284495227,2.1607869940460063,0.25721947975063847,0.4573431320183745,0.5,0.5,0.4122359401316226,moderado
S0370,True,100,60,pilares,0.3,30.0,-7713.1,7713.1,6.984919309616089e-13,3.241193415646536,-3.241168578445372,0.4610720676217551,2603.578583297145,2903.2430654831574,2151.2386816567596,14.153627219400041,14.153627219400041,3.9169491148857523,2.1201258669300427,0.2585069930015927,0.45771752342928623,0.5,0.7499999999999999,0.45025323110072796,moderado
S0371,True,100,60,pilares,0.4,40.0,-7713.1,7713.1,-2.3283064365386963e-13,3.2630588364841233,-3.26303117626013,0.4614434930655048,2601.3148471285135,2905.2259656067886,2095.7447383806993,14.159096693281569,14.159096693281569,3.926302440857829,2.074291552474497,0.26025069570742576,0.4578944020485057,0.5,1.0,0.4883382494292047,moderado
S0372,True,100,60,montantes,0.1,10.0,-7713.1,7713.099999999999,0.0,3.2247066952501533,-3.2246895958276047,0.45837204318976915,2605.280313153524,2901.0548562046292,2344.784032264487,14.17423220611118,14.17423220611118,3.904438808729476,2.275346499973328,0.2571926731378947,0.45838387300466493,0.5,0.25,0.37509215749300107,moderado
S0373,True,100,60,montantes,0.2,20.0,-7713.1,7713.099999999999,-2.3283064365386963e-13,3.2511595036998844,-3.2511421063118844,0.4568477259521978,2599.382989100052,2902.873118327633,2408.7155266486434,14.242815958325686,14.242815958325686,3.912390414059113,2.3241343921745132,0.2593024550813918,0.4606018193109011,0.5,0.5,0.414001373283233,moderado
S0374,True,100,60,montantes,0.3,30.0,-7713.1,7713.1,-2.3283064365386963e-13,3.284218936503867,-3.2842011765873655,0.45460944397297853,2591.332509162169,2904.7807365844774,2478.1718595181587,14.319171777541806,14.319171777541806,3.923472292451373,2.377314812734191,0.2619391586781057,0.4630711083439705,0.5,0.7499999999999999,0.45315663552382135,moderado
S0375,True,100,60,montantes,0.4,40.0,-7713.1,7713.1,2.3283064365386963e-13,3.326928434999379,-3.326910233513333,0.4512803708347313,2580.1884538706026,2906.764973394064,2554.1003854022792,14.407667800513074,14.407667800513074,3.9389815497980636,2.4357140420824606,0.2653455195669803,0.46593300231926393,0.5,1.0,0.49268020668183643,moderado
S0376,True,150,40,sin_danio,0.0,0.0,-11569.65,11569.65,-2.3283064365386963e-13,7.206714863561332,-7.206676942562089,1.033672839043368,3914.4445873039685,4348.992641443973,3428.4559434482585,21.166321547827938,21.166321547827938,5.84815697263071,3.3454869655929746,0.5747854025072694,0.6845027164273735,0.75,0.0,0.5620115715017615,moderado
S0377,True,150,40,arco_a1_a2,0.1,10.0,-11569.65,11569.649999999998,4.656612873077393e-13,7.217221247298298,-7.217202556490317,1.0295616766466715,3912.2757539597947,4349.977669051885,3441.073332988818,21.17473522092969,21.17473522092969,5.844752168570412,3.3561596176278785,0.5756248975042828,0.6847748082067725,0.75,0.25,0.5998586521236552,moderado
S0378,True,150,40,arco_a1_a2,0.2,20.0,-11569.65,11569.649999999996,0.0,7.229047354665997,-7.229042632843278,1.0247371379355648,3909.7105689770565,4351.093159138776,3455.906609761847,21.184678623357716,21.184678623357716,5.840650619394149,3.368707964628659,0.5765692305313483,0.6850963702673853,0.75,0.5,0.6377544987529893,critico
S0379,True,150,40,arco_a1_a2,0.3,30.0,-11569.65,11569.65,-2.3283064365386963e-13,7.242418463618812,-7.242418327903442,1.019027218622115,3906.6498597053005,4352.3637027047735,3473.4947865576655,21.19653306711984,21.19653306711984,5.8356654548524,3.3835885056913932,0.5776360404258735,0.685479733949099,0.75,0.7499999999999999,0.6757087190099467,critico
S0380,True,150,40,arco_a1_a2,0.4,40.0,-11569.65,11569.65,4.656612873077393e-13,7.257579479331209,-7.257567897157584,1.012198281798719,3902.9565553426296,4353.818133872301,3494.573122839365,21.210824683644173,21.210824683644173,5.829530445209928,3.401424099254783,0.5788443298123626,0.6859419139415431,0.75,1.0,0.7137329688232489,critico
S0381,True,150,40,arco_a2_a3,0.1,10.0,-11569.65,11569.65,4.656612873077393e-13,7.6121849785574325,-7.612158389134669,1.0350145731117109,3899.1552709952116,4348.474087767426,3422.4632095661905,21.156817515640505,21.156817515640505,5.934513672412058,3.340273585498889,0.607125525192801,0.6841953632656721,0.75,0.25,0.6091060347008256,critico
S0382,True,150,40,arco_a2_a3,0.2,20.0,-11569.65,11569.649999999998,0.0,8.09450862243877,-8.094491807675219,1.036204446083489,3880.4521942431907,4347.883720799077,3416.5797609892097,21.146291233432525,21.146291233432525,6.079140016043078,3.3351239167953377,0.6455951569423789,0.6838549513169563,0.75,0.5,0.6580277800436484,critico
S0383,True,150,40,arco_a2_a3,0.3,30.0,-11569.65,11569.65,0.0,8.67896677036932,-8.678957848895612,1.0371813842846844,3857.133783623971,4347.216945741093,3410.829104347676,21.134297087272625,21.134297087272625,6.2567193141917565,3.330045771809423,0.6922106152780568,0.6834670697661102,0.75,0.7499999999999999,0.7093766590015556,critico
S0384,True,150,40,arco_a2_a3,0.4,40.0,-11569.65,11569.65,4.656612873077393e-13,9.403526205646493,-9.403522920631598,1.0378507017883891,3827.352012978774,4346.473675478522,3405.2266624858935,21.120091509278424,21.120091509278424,6.480889426443699,3.325032485282762,0.75,0.6830076721941949,0.75,1.0,0.7640526852679682,critico
S0385,True,150,40,arco_a3_a4,0.1,10.0,-11569.65,11569.649999999998,2.3283064365386963e-13,7.216787622634763,-7.216708060561161,1.1214878188920074,3851.840815847279,4343.977269239618,3474.1176565101414,20.759845670564133,20.759845670564133,5.938087634678446,3.380305076528018,0.5755854578230062,0.6713575961701492,0.75,0.25,0.595150796006454,moderado
S0386,True,150,40,arco_a3_a4,0.2,20.0,-11569.65,11569.649999999998,0.0,7.516627544686784,-7.4912340614076065,1.225244441539127,3778.0900318797376,4338.211778835784,3527.757979318446,20.313711429130638,20.313711429130638,6.0474710996796635,3.4214641017298435,0.5974809221476686,0.6569299546235324,0.75,0.5,0.6341697607625368,critico
S0387,True,150,40,arco_a3_a4,0.3,30.0,-11569.65,11569.65,6.984919309616089e-13,8.050522617311497,-8.023543214986745,1.3498784935379813,3689.6861358996416,4331.5645017537245,3591.477731547455,19.81622262984505,19.81622262984505,6.183946338750126,3.470559565009357,0.63993648572251,0.6408415457928482,0.75,0.7499999999999999,0.6787754867442498,critico
S0388,True,150,40,arco_a3_a4,0.4,40.0,-11569.65,11569.650000000001,0.0,8.714756917894015,-8.686106761234306,1.5027051245486085,3581.3962613382128,4323.8879494660805,3668.312849923811,19.249370095372534,19.249370095372534,6.3596990475846775,3.529852146616004,0.6927807935292586,0.6225099666007142,0.75,1.0,0.7257127263690276,critico
S0389,True,150,40,tablero,0.1,10.0,-11569.65,11569.65,0.0,7.539343649910337,-7.539306101993637,1.0707101829260401,3993.275681937844,4351.853812637316,3439.5110767620213,21.55708659137286,21.55708659137286,5.683893904363488,3.357174677390452,0.6013150203621175,0.6971397602891024,0.75,0.25,0.611893422209821,critico
S0390,True,150,40,tablero,0.2,20.0,-11569.65,11569.65,2.3283064365386963e-13,7.930758858871925,-7.930721677643868,1.1616510062299235,4077.0786014905943,4354.885607388206,3453.6498498024553,22.008599631391615,22.008599631391615,5.512097583485275,3.37209966958857,0.6325332865603729,0.7117413480849248,0.75,0.5,0.6638694577978355,critico
S0391,True,150,40,tablero,0.3,30.0,-11569.65,11569.649999999998,2.3283064365386963e-13,8.403077321857749,-8.403040300923529,1.2711198878790841,4166.513779522122,4358.006482569485,3473.3481977716838,22.542323904078625,22.542323904078625,5.330782869588729,3.392636596140031,0.6702041648524367,0.7290015845247787,0.75,0.7499999999999999,0.7187118040394035,critico
S0392,True,150,40,tablero,0.4,40.0,-11569.65,11569.649999999998,6.984919309616089e-13,8.992069723980778,-8.992032233664611,1.406239552098309,4262.388402794439,4361.040926708141,3503.1571508230622,23.191640850931936,23.191640850931936,5.136703923504661,3.423080249393589,0.7171805962690724,0.75,0.75,1.0,0.7776541788807217,critico
S0393,True,150,40,pilares,0.1,10.0,-11569.65,11569.649999999996,6.984919309616089e-13,7.228566251654114,-7.228522746025683,1.0350268527299318,3911.6064050780874,4350.596496838843,3367.82920630952,21.190896718708007,21.190896718708007,5.855513339607806,3.295921230735805,0.5765277657402815,0.6852974587346782,0.75,0.25,0.6003124402792218,critico
S0394,True,150,40,pilares,0.2,20.0,-11569.65,11569.649999999998,-4.656612873077393e-13,7.2563573594021165,-7.256307820404192,1.0362975409444082,3908.582209278718,4352.514299049445,3301.0361816164846,21.213075326820988,21.213075326820988,5.864412492674285,3.241180491069009,0.5787438294389365,0.6860146980275619,0.75,0.5,0.6387282931413276,critico
S0395,True,150,40,pilares,0.3,30.0,-11569.65,11569.65,2.3283064365386963e-13,7.292685185204704,-7.292629301502084,1.0374121521489488,3905.367874945718,4354.864598224736,3226.8580224851416,21.230440829100054,21.230440829100054,5.875423672328629,3.180188800395066,0.5816407342535833,0.6865762851439291,0.75,0.7499999999999999,0.6772939200764502,critico
S0396,True,150,40,pilares,0.4,40.0,-11569.65,11569.65,-2.3283064365386963e-13,7.341882382089278,-7.341820146585293,1.0382478593973854,3901.9722706927705,4357.8389484101845,3143.6171075710486,21.238645039922353,21.238645039922353,5.889453661286747,3.1114373287117454,0.5855640653417079,0.6868416030727585,0.75,1.0,0.7160637806779778,critico
S0397,True,150,40,montantes,0.1,10.0,-11569.65,11569.649999999998,4.656612873077393e-13,7.255590064312843,-7.255551590612109,1.0313370971769804,3907.920469730286,4351.582284306944,3517.176048396731,21.26134830916677,21.26134830916677,5.8566582130942235,3.413019749959992,0.5786835145602629,0.6875758095069975,0.75,0.25,0.601756587695528,critico
S0398,True,150,40,montantes,0.2,20.0,-11569.65,11569.65,2.3283064365386963e-13,7.31510888332474,-7.31506973920174,1.0279073833924453,3899.074483650078,4354.30967749145,3613.0732899729637,21.364223937488525,21.364223937488525,5.868585621088678,3.486201588261768,0.5834305239331316,0.6909027289663515,0.75,0.5,0.6418451123181624,critico
S0399,True,150,40,montantes,0.3,30.0,-11569.65,11569.649999999998,0.0,7.389492607133699,-7.389452647321571,1.0228712489392016,3886.998763743254,4357.1711048767165,3717.2577892772383,21.478757666312713,21.478757666312713,5.885208438677066,3.5659722191012873,0.5893631070257377,0.6946066625159558,0.75,0.7499999999999999,0.6824212639883057,critico
S0400,True,150,40,montantes,0.4,40.0,-11569.65,11569.649999999998,-2.3283064365386963e-13,7.485588978748601,-7.485548025404999,1.0153808343781459,3870.282680805902,4360.147460091095,3831.1505781034202,21.6115017007696,21.6115017007696,5.908472324697096,3.653571063123693,0.5970274190257057,0.6988995034788955,0.75,1.0,0.7237230519253252,critico
S0401,True,150,50,sin_danio,0.0,0.0,-11569.65,11569.65,-2.3283064365386963e-13,5.765371890849067,-5.765341554049673,0.8269382712346941,3914.4445873039676,4348.992641443974,3428.4559434482585,21.166321547827934,21.166321547827934,5.848156972630708,3.3454869655929746,0.4598283220058157,0.6845027164273734,0.75,0.0,0.5275244473513254,moderado
S0402,True,150,50,arco_a1_a2,0.1,10.0,-11569.65,11569.650000000001,-2.3283064365386963e-13,5.773776997838638,-5.773762045192255,0.8236493413173372,3912.2757539597937,4349.977669051886,3441.0733329888185,21.174735220929687,21.174735220929687,5.844752168570414,3.3561596176278785,0.4604999180034263,0.6847748082067724,0.75,0.25,0.5653211582733982,moderado
S0403,True,150,50,arco_a1_a2,0.2,20.0,-11569.65,11569.649999999998,-2.3283064365386963e-13,5.783237883732798,-5.783234106274624,0.8197897103484517,3909.710568977058,4351.093159138776,3455.906609761846,21.184678623357712,21.184678623357712,5.840650619394152,3.368707964628658,0.46125538442507885,0.6850963702673852,0.75,0.5,0.6031603449211085,critico
S0404,True,150,50,arco_a1_a2,0.3,30.0,-11569.65,11569.65,2.3283064365386963e-13,5.793934770895049,-5.793934662322753,0.815221774897692,3906.649859705301,4352.3637027047735,3473.4947865576655,21.19653306711984,21.19653306711984,5.835665454852401,3.3835885056913932,0.4621088323406987,0.685479733949099,0.75,0.7499999999999999,0.6410505565843942,critico
S0405,True,150,50,arco_a1_a2,0.4,40.0,-11569.65,11569.65,4.656612873077393e-13,5.806063583464969,-5.806054317726067,0.8097586254389749,3902.9565553426282,4353.818133872301,3494.5731228393647,21.210824683644177,21.210824683644177,5.82953044520993,3.4014240992547826,0.46307546384989007,0.6859419139415432,0.75,1.0,0.6790023090345072,critico
S0406,True,150,50,arco_a2_a3,0.1,10.0,-11569.65,11569.65,4.656612873077393e-13,6.089747982845949,-6.089726711307738,0.8280116584893686,3899.1552709952107,4348.474087767425,3422.4632095661896,21.156817515640512,21.156817515640512,5.934513672412048,3.340273585498888,0.4857004201542411,0.6841953632656724,0.75,0.25,0.5726785031892576,moderado
S0407,True,150,50,arco_a2_a3,0.2,20.0,-11569.65,11569.649999999998,6.984919309616089e-13,6.4756068979510175,-6.475593446140175,0.8289635568667912,3880.4521942431916,4347.883720799078,3416.5797609892093,21.146291233432525,21.146291233432525,6.079140016043074,3.3351239167953377,0.5164761255539032,0.6838549513169563,0.75,0.5,0.6192920706271057,critico
S0408,True,150,50,arco_a2_a3,0.3,30.0,-11569.65,11569.65,4.656612873077393e-13,6.943173416295457,-6.9431662791164905,0.8297451074277477,3857.1337836239704,4347.216945741093,3410.829104347676,21.134297087272625,21.134297087272625,6.25671931419176,3.330045771809423,0.5537684922224456,0.6834670697661102,0.75,0.7499999999999999,0.6678440220848721,critico
S0409,True,150,50,arco_a2_a3,0.4,40.0,-11569.65,11569.649999999998,2.3283064365386963e-13,7.522820964517194,-7.522818336505278,0.8302805614307113,3827.3520129787735,4346.473675478521,3405.226662485895,21.120091509278424,21.120091509278424,6.480889426443706,3.325032485282763,0.6,0.6830076721941949,0.75,1.0,0.7190526852679683,critico
S0410,True,150,50,arco_a3_a4,0.1,10.0,-11569.65,11569.649999999998,6.984919309616089e-13,5.773430098107809,-5.773366448448928,0.8971902551136061,3851.840815847279,4343.977269239618,3474.117656510141,20.759845670564133,20.759845670564133,5.938087634678437,3.3803050765280176,0.46046836625840487,0.6713575961701492,0.75,0.25,0.5606156685370737,moderado
S0411,True,150,50,arco_a3_a4,0.2,20.0,-11569.65,11569.649999999998,4.656612873077393e-13,6.013302035749429,-5.992987249126087,0.9801955532313018,3778.090031879738,4338.211778835784,3527.7579793184455,20.313711429130638,20.313711429130638,6.047471099679654,3.421464101729843,0.477984737718135,0.6569299546235324,0.75,0.5,0.5983209054336768,moderado
S0412,True,150,50,arco_a3_a4,0.3,30.0,-11569.65,11569.65,4.656612873077393e-13,6.440418093849197,-6.4188345719893976,1.079902794830385,3689.6861358996425,4331.564501753724,3591.477731547456,19.81622262984505,19.81622262984505,6.183946338750128,3.4705595650093577,0.5119491885780082,0.6408415457928482,0.75,0.7499999999999999,0.6403792976008993,critico
S0413,True,150,50,arco_a3_a4,0.4,40.0,-11569.65,11569.649999999998,-2.3283064365386963e-13,6.971805534315212,-6.9488854089874454,1.2021640996388865,3581.396261338211,4323.88794946608,3668.312849923813,19.249370095372534,19.249370095372534,6.359699047584675,3.529852146616006,0.5542246348234069,0.6225099666007142,0.75,1.0,0.6841458787572721,critico
S0414,True,150,50,tablero,0.1,10.0,-11569.65,11569.65,6.984919309616089e-13,6.031474919928269,-6.0314448815949095,0.8565681463408321,3993.275681937844,4351.853812637316,3439.5110767620204,21.55708659137286,21.55708659137286,5.683893904363487,3.3571746773904514,0.48105201628969396,0.6971397602891024,0.75,0.25,0.5758145209880939,moderado
S0415,True,150,50,tablero,0.2,20.0,-11569.65,11569.649999999998,4.656612873077393e-13,6.344607087097539,-6.344577342115094,0.9293208049839385,4077.0786014905934,4354.885607388206,3453.649849802455,22.008599631391608,22.008599631391608,5.512097583485279,3.3720996695885694,0.5060266292482982,0.7117413480849246,0.75,0.5,0.625917460604213,critico
S0416,True,150,50,tablero,0.3,30.0,-11569.65,11569.649999999998,-2.3283064365386963e-13,6.722461857486197,-6.72243224073882,1.0168959103032673,4166.513779522122,4358.006482569484,3473.348197771685,22.54232390407862,22.54232390407862,5.330782869588724,3.3926365961400324,0.5361633318819491,0.7290015845247786,0.75,0.7499999999999999,0.6784995541482571,critico
S0417,True,150,50,tablero,0.4,40.0,-11569.65,11569.65,-2.3283064365386963e-13,7.193655779184623,-7.1936257869316895,1.124991641678647,4262.3884027944405,4361.040926708143,3503.1571508230627,23.191640850931936,23.191640850931936,5.136703923504659,3.42308024939359,0.5737444770152579,0.75,0.75,1.0,0.7346233431045773,critico
S0418,True,150,50,pilares,0.1,10.0,-11569.65,11569.65,-4.656612873077393e-13,5.782853001323292,-5.782818196820547,0.8280214821839457,3911.606405078088,4350.596496838845,3367.8292063095205,21.190896718708014,21.190896718708014,5.855513339607807,3.295921230735806,0.4612222125922253,0.6852974587346784,0.75,0.25,0.565720774334805,moderado
S0419,True,150,50,pilares,0.2,20.0,-11569.65,11569.65,-4.656612873077393e-13,5.8050858875216935,-5.805046256323355,0.8290380327555267,3908.582209278716,4352.514299049446,3301.036181616485,21.213075326820995,21.213075326820995,5.864412492674276,3.2411804910690094,0.4629950635511494,0.6860146980275621,0.75,0.5,0.6040036633749915,critico
S0420,True,150,50,pilares,0.3,30.0,-11569.65,11569.65,2.3283064365386963e-13,5.834148148163765,-5.83410344120167,0.8299297217191589,3905.3678749457185,4354.864598224737,3226.858022485141,21.230440829100065,21.230440829100065,5.875423672328625,3.180188800395066,0.46531258740286685,0.6865762851439294,0.75,0.7499999999999999,0.6423954760212353,critico
S0421,True,150,50,pilares,0.4,40.0,-11569.65,11569.649999999998,4.656612873077393e-13,5.873505905671422,-5.873456117268233,0.8305982875179088,3901.972270692771,4357.838948410184,3143.6171075710477,21.23864503992235,21.23864503992235,5.889453661286737,3.1114373287117445,0.4684512522733663,0.6868416030727584,0.75,1.0,0.6809299367574754,critico
S0422,True,150,50,montantes,0.1,10.0,-11569.65,11569.649999999998,-4.656612873077393e-13,5.804472051450275,-5.804441272489688,0.8250696777415842,3907.9204697302853,4351.582284306944,3517.176048396731,21.261348309166767,21.261348309166767,5.856658213094216,3.413019749959992,0.46294681164821044,0.6875758095069974,0.75,0.25,0.5670355768219122,moderado
S0423,True,150,50,montantes,0.2,20.0,-11569.65,11569.65,-6.984919309616089e-13,5.852087106659791,-5.8520557913613915,0.8223259067139561,3899.0744836500776,4354.309677491451,3613.0732899729646,21.36422393748853,21.36422393748853,5.868585621088669,3.486201588261769,0.4667444191465052,0.6909027289663516,0.75,0.5,0.6068392808821745,critico
S0424,True,150,50,montantes,0.3,30.0,-11569.65,11569.649999999998,-2.3283064365386963e-13,5.911594085706959,-5.911562117857256,0.8182969991513614,3886.998763743254,4357.171104876716,3717.2577892772374,21.47875766631271,21.47875766631271,5.885208438677072,3.5659722191012864,0.47149048562059015,0.6946066625159557,0.75,0.7499999999999999,0.6470594775667614,critico
S0425,True,150,50,montantes,0.4,40.0,-11569.65,11569.65,4.656612873077393e-13,5.988471182998881,-5.988438420323998,0.8123046675025165,3870.282680805904,4360.147460091095,3831.1505781034202,21.61150170076961,21.61150170076961,5.908472324697097,3.6535710631236924,0.4776219352205645,0.6988995034788958,0.75,1.0,0.6879014067837829,critico
S0426,True,150,60,sin_danio,0.0,0.0,-11569.65,11569.65,-6.984919309616089e-13,4.804476575707554,-4.8044512950413925,0.6891152260289117,3914.444587303968,4348.992641443973,3428.4559434482585,21.166321547827938,21.166321547827938,5.848156972630709,3.345486965592975,0.3831902683381796,0.6845027164273735,0.75,0.0,0.5045330312510345,moderado
S0427,True,150,60,arco_a1_a2,0.1,10.0,-11569.65,11569.649999999998,0.0,4.811480831532199,-4.811468370993545,0.6863744510977812,3912.275753959794,4349.977669051885,3441.0733329888176,21.174735220929694,21.174735220929694,5.844752168570415,3.3561596176278776,0.38374993166952187,0.6847748082067726,0.75,0.25,0.542296162373227,moderado
S0428,True,150,60,arco_a1_a2,0.2,20.0,-11569.65,11569.65,0.0,4.819364903110664,-4.819361755228851,0.6831580919570432,3909.7105689770565,4351.093159138776,3455.9066097618465,21.18467862335772,21.18467862335772,5.840650619394153,3.3687079646286584,0.38437948702089886,0.6850963702673855,0.75,0.5,0.5800975756998545,moderado
S0429,True,150,60,arco_a1_a2,0.3,30.0,-11569.65,11569.649999999998,6.984919309616089e-13,4.8282789757458735,-4.82827888526896,0.6793514790814101,3906.6498597053014,4352.3637027047735,3473.494786557665,21.196533067119855,21.196533067119855,5.8356654548524105,3.3835885056913924,0.3850906936172489,0.6854797339490994,0.75,0.7499999999999999,0.6179451149673594,critico
S0430,True,150,60,arco_a1_a2,0.4,40.0,-11569.65,11569.649999999998,0.0,4.8383863195541394,-4.838378598105055,0.6747988545324791,3902.9565553426282,4353.8181338723,3494.5731228393643,21.210824683644177,21.210824683644177,5.829530445209933,3.401424099254782,0.3858962198749083,0.6859419139415432,0.75,1.0,0.6558485358420126,critico
S0431,True,150,60,arco_a2_a3,0.1,10.0,-11569.65,11569.65,-4.656612873077393e-13,5.074789985704955,-5.0747722594231135,0.6900097154078071,3899.155270995212,4348.474087767426,3422.4632095661896,21.156817515640515,21.156817515640515,5.934513672412054,3.340273585498888,0.4047503501285341,0.6841953632656725,0.75,0.25,0.5483934821815456,moderado
S0432,True,150,60,arco_a2_a3,0.2,20.0,-11569.65,11569.650000000001,2.3283064365386963e-13,5.3963390816258485,-5.3963278717834795,0.6908029640556593,3880.452194243192,4347.883720799078,3416.5797609892097,21.146291233432525,21.146291233432525,6.079140016043068,3.3351239167953377,0.4303967712949193,0.6838549513169563,0.75,0.5,0.5934682643494105,moderado
S0433,True,150,60,arco_a2_a3,0.3,30.0,-11569.65,11569.65,4.656612873077393e-13,5.785977846912879,-5.785971899263743,0.6914542561897896,3857.1337836239713,4347.216945741094,3410.8291043476747,21.134297087272614,21.134297087272614,6.256719314191758,3.3300457718094223,0.4614737435187047,0.6834670697661098,0.75,0.7499999999999999,0.6401555974737497,critico
S0434,True,150,60,arco_a2_a3,0.4,40.0,-11569.65,11569.65,2.3283064365386963e-13,6.269017470430995,-6.269015280421065,0.6919004678589261,3827.352012978773,4346.473675478522,3405.226662485895,21.12009150927842,21.12009150927842,6.480889426443696,3.325032485282763,0.49999999999999994,0.6830076721941947,0.75,1.0,0.6890526852679681,critico
S0435,True,150,60,arco_a3_a4,0.1,10.0,-11569.65,11569.649999999998,0.0,4.811191748423175,-4.811138707040773,0.7476585459280052,3851.840815847279,4343.977269239618,3474.117656510142,20.75984567056413,20.75984567056413,5.938087634678448,3.3803050765280185,0.38372363854867075,0.6713575961701491,0.75,0.25,0.5375922502241534,moderado
S0436,True,150,60,arco_a3_a4,0.2,20.0,-11569.65,11569.649999999996,0.0,5.011085029791191,-4.994156040938407,0.8168296276927514,3778.090031879739,4338.211778835784,3527.757979318446,20.313711429130638,20.313711429130638,6.047471099679671,3.4214641017298435,0.39832061476511255,0.6569299546235324,0.75,0.5,0.5744216685477701,moderado
S0437,True,150,60,arco_a3_a4,0.3,30.0,-11569.65,11569.649999999998,0.0,5.367015078207665,-5.349028809991164,0.8999189956919875,3689.6861358996434,4331.564501753724,3591.4777315474566,19.816222629845054,19.816222629845054,6.183946338750116,3.470559565009358,0.4266243238150067,0.6408415457928484,0.75,0.7499999999999999,0.6147818381719988,critico
S0438,True,150,60,arco_a3_a4,0.4,40.0,-11569.65,11569.65,-2.3283064365386963e-13,5.809837945262677,-5.790737840822872,1.0018034163657388,3581.396261338213,4323.88794946608,3668.312849923812,19.249370095372534,19.249370095372534,6.359699047584676,3.5298521466160055,0.4618538623528391,0.6225099666007142,0.75,1.0,0.6564346470161018,critico
S0439,True,150,60,tablero,0.1,10.0,-11569.65,11569.649999999998,2.3283064365386963e-13,5.026229099940225,-5.026204067995758,0.7138067886173602,3993.2756819378437,4351.853812637316,3439.5110767620204,21.557086591372876,21.557086591372876,5.683893904363491,3.3571746773904514,0.40087668024141165,0.6971397602891028,0.75,0.25,0.5517619201736095,moderado
S0440,True,150,60,tablero,0.2,20.0,-11569.65,11569.649999999998,6.984919309616089e-13,5.287172572581284,-5.287147785095913,0.7744340041532821,4077.078601490592,4354.885607388206,3453.649849802454,22.008599631391604,22.008599631391604,5.512097583485284,3.3720996695885685,0.4216888577069153,0.7117413480849245,0.75,0.5,0.6006161291417982,critico
S0441,True,150,60,tablero,0.3,30.0,-11569.65,11569.65,2.3283064365386963e-13,5.602051547905166,-5.602026867282352,0.8474132585860561,4166.513779522122,4358.006482569485,3473.3481977716833,22.54232390407861,22.54232390407861,5.330782869588729,3.3926365961400307,0.4468027765682911,0.7290015845247783,0.75,0.7499999999999999,0.6516913875541597,critico
S0442,True,150,60,tablero,0.4,40.0,-11569.65,11569.65,-2.3283064365386963e-13,5.994713149320518,-5.994688155776406,0.937493034732206,4262.388402794439,4361.040926708142,3503.1571508230622,23.191640850931933,23.191640850931933,5.136703923504656,3.4230802493935895,0.4781203975127148,0.7499999999999999,0.75,1.0,0.7059361192538144,critico
S0443,True,150,60,pilares,0.1,10.0,-11569.65,11569.649999999996,-2.3283064365386963e-13,4.819044167769409,-4.819015164017122,0.6900179018199546,3911.6064050780865,4350.596496838843,3367.829206309521,21.190896718708014,21.190896718708014,5.8555133396078,3.295921230735806,0.3843518438268544,0.6852974587346784,0.75,0.25,0.5426596637051938,moderado
S0444,True,150,60,pilares,0.2,20.0,-11569.65,11569.649999999998,2.3283064365386963e-13,4.837571572934745,-4.837538546936129,0.6908650272962723,3908.5822092787166,4352.514299049445,3301.036181616484,21.213075326820984,21.213075326820984,5.86441249267429,3.241180491069009,0.38582921962595773,0.6860146980275618,0.75,0.5,0.5808539101974339,moderado
S0445,True,150,60,pilares,0.3,30.0,-11569.65,11569.65,0.0,4.861790123469803,-4.8617528676680575,0.6916081014326325,3905.367874945718,4354.864598224736,3226.8580224851416,21.230440829100065,21.230440829100065,5.875423672328629,3.180188800395066,0.387760489502389,0.6865762851439294,0.75,0.7499999999999999,0.6191298466510919,critico
S0446,True,150,60,pilares,0.4,40.0,-11569.65,11569.649999999998,-2.3283064365386963e-13,4.894588254726186,-4.894546764390195,0.6921652395982572,3901.9722706927705,4357.838948410183,3143.617107571049,21.23864503992236,21.23864503992236,5.889453661286746,3.1114373287117463,0.3903760435611386,0.6868416030727588,0.75,1.0,0.6575073741438072,critico
S0447,True,150,60,montantes,0.1,10.0,-11569.65,11569.65,9.313225746154785e-13,4.837060042875229,-4.8370343937414075,0.6875580647846534,3907.9204697302853,4351.5822843069445,3517.176048396729,21.261348309166767,21.261348309166767,5.85665821309422,3.413019749959991,0.3857890097068421,0.6875758095069974,0.75,0.25,0.5438882362395017,moderado
S0448,True,150,60,montantes,0.2,20.0,-11569.65,11569.65,-6.984919309616089e-13,4.876739255549826,-4.876713159467826,0.6852715889282968,3899.074483650077,4354.30967749145,3613.0732899729646,21.364223937488525,21.364223937488525,5.868585621088674,3.486201588261769,0.3889536826220877,0.6909027289663515,0.75,0.5,0.5835020599248493,moderado
S0449,True,150,60,montantes,0.3,30.0,-11569.65,11569.65,0.0,4.9263284047558,-4.926301764881048,0.6819141659594675,3886.9987637432537,4357.171104876717,3717.2577892772388,21.478757666312703,21.478757666312703,5.885208438677055,3.5659722191012877,0.39290873801715853,0.6946066625159555,0.75,0.7499999999999999,0.623484953285732,critico
S0450,True,150,60,montantes,0.4,40.0,-11569.65,11569.65,0.0,4.990392652499066,-4.9903653502699985,0.6769205562520971,3870.2826808059035,4360.147460091095,3831.15057810342,21.611501700769608,21.611501700769608,5.908472324697096,3.653571063123692,0.3980182793504704,0.6988995034788957,0.75,1.0,0.6640203100227546,critico
S0451,True,200,40,sin_danio,0.0,0.0,-15426.2,15426.199999999999,4.656612873077393e-13,9.608953151415108,-9.608902590082785,1.378230452057824,5219.259449738623,5798.656855258631,4571.274591264343,28.2217620637706,28.2217620637706,7.797542630174275,4.460649287457298,0.7663805366763592,0.9126702885698318,1.0,0.0,0.7493487620023489,critico
S0452,True,200,40,arco_a1_a2,0.1,10.0,-15426.2,15426.2,0.0,9.6229616630644,-9.622936741987091,1.372748902195562,5216.367671946392,5799.970225402514,4588.097777318424,28.232980294572922,28.232980294572922,7.793002891427217,4.474879490170504,0.7674998633390439,0.9130330776090301,1.0,0.25,0.7873115361648736,critico
S0453,True,200,40,arco_a1_a2,0.2,20.0,-15426.2,15426.199999999997,-9.313225746154785e-13,9.638729806221331,-9.638723510457705,1.3663161839140865,5212.947425302742,5801.4575455183685,4607.875479682462,28.246238164476953,28.246238164476953,7.787534159192208,4.491610619504877,0.7687589740417979,0.9134618270231805,1.0,0.5,0.8253393316706525,falla_probable
S0454,True,200,40,arco_a1_a2,0.3,30.0,-15426.2,15426.199999999999,0.0,9.65655795149175,-9.656557770537924,1.35870295816282,5208.866479607068,5803.151603606365,4631.326382076886,28.26204408949313,28.26204408949313,7.780887273136551,4.511451340921856,0.770181387234498,0.913972978598799,1.0,0.7499999999999999,0.863444958679929,falla_probable
S0455,True,200,40,arco_a1_a2,0.4,40.0,-15426.2,15426.199999999999,1.3969838619232178e-12,9.676772639108279,-9.676757196210112,1.3495977090649582,5203.942073790174,5805.090845163067,4659.430830452485,28.281099578192233,28.281099578192233,7.772707260279898,4.53523213233971,0.7717924397498167,0.9145892185887242,1.0,1.0,0.9016439584309984,falla_probable
S0456,True,200,40,arco_a2_a3,0.1,10.0,-15426.2,15426.199999999999,-4.656612873077393e-13,10.14957997140991,-10.149544518846227,1.3800194308156144,5198.873694660286,5797.965450356567,4563.284279421587,28.20909002085401,28.20909002085401,7.912684896549401,4.4536981139985174,0.8095007002570682,0.9122604843542297,1.0,0.25,0.7996413796011007,critico
S0457,True,200,40,arco_a2_a3,0.2,20.0,-15426.2,15426.199999999999,0.0,10.792678163251697,-10.792655743566959,1.3816059281113187,5173.936258990922,5797.178294398771,4555.439681318946,28.195054977910033,28.195054977910033,8.105520021390756,4.44683188906045,0.8607935425898386,0.9118066017559416,1.0,0.5,0.8523703733915311,falla_probable
S0458,True,200,40,arco_a2_a3,0.3,30.0,-15426.2,15426.199999999999,-9.313225746154785e-13,11.571955693825759,-11.571943798527485,1.382908512379579,5142.84504483196,5796.289260988124,4547.772139130235,28.179062783030165,28.179062783030165,8.34229241892235,4.4400610290792315,0.9229474870374094,0.9112894263548135,1.0,0.7499999999999999,0.9083355453354075,falla_probable
S0459,True,200,40,arco_a2_a3,0.4,40.0,-15426.2,15426.2,-4.656612873077393e-13,12.538034940861992,-12.538030560842131,1.3838009357178522,5103.1360173050325,5795.298233971362,4540.3022166478595,28.160122012371232,28.160122012371232,8.641185901924942,4.433376647043684,1.0,0.9106768962589264,1.0,1.0,0.9687369136906242,falla_probable
S0460,True,200,40,arco_a3_a4,0.1,10.0,-15426.2,15426.199999999997,0.0,9.622383496846348,-9.622277414081545,1.4953170918560097,5135.787754463039,5791.969692319491,4632.156875346856,27.679794227418835,27.679794227418835,7.917450179571264,4.507073435370691,0.7674472770973413,0.8951434615601987,1.0,0.25,0.7810343946752719,critico
S0461,True,200,40,arco_a3_a4,0.2,20.0,-15426.2,15426.199999999999,9.313225746154785e-13,10.022170059582379,-9.98831208187681,1.633659255385503,5037.453375839653,5784.282371781044,4703.677305757927,27.08494857217419,27.08494857217419,8.063294799572883,4.561952135639791,0.7966412295302249,0.8759066061647102,1.0,0.5,0.820559681016716,falla_probable
S0462,True,200,40,arco_a3_a4,0.3,30.0,-15426.2,15426.199999999999,4.656612873077393e-13,10.734030156415328,-10.698057619982325,1.7998379913839748,4919.581514532855,5775.419335671631,4788.636975396608,26.421630173126736,26.421630173126736,8.245261785000165,4.62741275334581,0.8532486476300133,0.8544553943904644,1.0,0.7499999999999999,0.8675339823256664,falla_probable
S0463,True,200,40,arco_a3_a4,0.4,40.0,-15426.2,15426.2,4.656612873077393e-13,11.619675890525354,-11.581475681645744,2.0036068327314775,4775.195015117615,5765.18393262144,4891.083799898414,25.665826793830053,25.665826793830053,8.479598730112901,4.706469528821339,0.9237077247056782,0.8300132888009526,1.0,1.0,0.9176169684920369,falla_probable
S0464,True,200,40,tablero,0.1,10.0,-15426.2,15426.2,0.0,10.05245819988045,-10.052408135991517,1.4276135772347203,5324.367575917125,5802.471750183088,4586.014769016027,28.742782121830484,28.742782121830484,7.578525205817995,4.476232903187268,0.8017533604828233,0.92951968038547,1.0,0.25,0.8033578962797615,falla_probable
S0465,True,200,40,tablero,0.2,20.0,-15426.2,15426.2,0.0,10.574345145162567,-10.574295570191826,1.5488680083065642,5436.104801987456,5806.514143184276,4604.866466403275,29.344799508522136,29.344799508522136,7.349463444647041,4.49613289278476,0.8433777154138306,0.9489884641132327,1.0,0.5,0.8601592770637805,falla_probable
S0466,True,200,40,tablero,0.3,30.0,-15426.2,15426.2,-9.313225746154785e-13,11.204103095810332,-11.204053734564704,1.6948265171721122,5555.351706029496,5810.675310092646,4631.130930362245,30.056431872104806,30.056431872104806,7.1077104927849675,4.523515461520042,0.8936055531365822,0.972002112699704,1.0,0.7499999999999999,0.920782405385871,falla_probable
S0467,True,200,40,tablero,0.4,40.0,-15426.2,15426.199999999999,-9.313225746154785e-13,11.989426298641037,-11.989376311552814,1.8749860694644116,5683.184537059251,5814.721235610857,4670.876201097418,30.922187801242575,30.922187801242575,6.8489385646728795,4.564106999191454,0.9562407950254297,0.9999999999999998,1.0,1.0,0.9868722385076288,falla_probable
S0468,True,200,40,pilares,0.1,10.0,-15426.2,15426.199999999999,0.0,9.638088335538814,-9.63803032803424,1.3800358036399092,5215.475206770781,5800.795329118459,4490.438941746027,28.254528958277355,28.254528958277355,7.807351119477059,4.394561640981075,0.7687036876537084,0.9137299449795713,1.0,0.25,0.7879165870389625,critico
S0469,True,200,40,pilares,0.2,20.0,-15426.2,15426.199999999999,-4.656612873077393e-13,9.67514314586949,-9.675077093872257,1.3817300545925442,5211.4429457049555,5803.352398732595,4401.381575488646,28.284100435761314,28.284100435761314,7.819216656899036,4.3215739880920125,0.7716584392519155,0.914686264036749,1.0,0.5,0.8266377241884366,falla_probable
S0470,True,200,40,pilares,0.3,30.0,-15426.2,15426.2,4.656612873077393e-13,9.723580246939607,-9.723505735336115,1.3832162028652653,5207.157166594292,5806.486130966315,4302.477363313521,28.307254438800083,28.307254438800083,7.833898229771512,4.240251733860088,0.775520979004778,0.9154350468585725,1.0,0.7499999999999999,0.8655585601019337,falla_probable
S0471,True,200,40,pilares,0.4,40.0,-15426.2,15426.2,4.656612873077393e-13,9.789176509452373,-9.789093528780391,1.3843304791965143,5202.629694257028,5810.451931213577,4191.489476761397,28.318193386563145,28.318193386563145,7.852604881715651,4.148583104948993,0.7807520871222774,0.9157888040970116,1.0,1.0,0.9047517075706374,falla_probable
S0472,True,200,40,montantes,0.1,10.0,-15426.2,15426.2,0.0,9.674120085750458,-9.674068787482815,1.3751161295693073,5210.560626307047,5802.109712409259,4689.568064528975,28.348464412222366,28.348464412222366,7.808877617458959,4.550692999946657,0.7715780194136842,0.9167677460093301,1.0,0.25,0.7898421169273707,critico
S0473,True,200,40,montantes,0.2,20.0,-15426.2,15426.2,0.0,9.753478511099653,-9.753426318935652,1.3705431778565937,5198.765978200104,5805.746236655266,4817.431053297286,28.48563191665136,28.48563191665136,7.824780828118233,4.648268784349026,0.7779073652441754,0.9212036386218018,1.0,0.5,0.8307934830908832,falla_probable
S0474,True,200,40,montantes,0.3,30.0,-15426.2,15426.199999999997,-4.656612873077393e-13,9.8526568095116,-9.852603529762096,1.3638283319189353,5182.665018324336,5809.561473168954,4956.3437190363165,28.6383435550836,28.6383435550836,7.846944584902739,4.754629625468382,0.7858174760343171,0.9261422166879406,1.0,0.7499999999999999,0.8723950186510742,falla_probable
S0475,True,200,40,montantes,0.4,40.0,-15426.2,15426.2,-4.656612873077393e-13,9.980785304998133,-9.980730700539997,1.353841112504194,5160.376907741206,5813.529946788128,5108.200770804559,28.815335601026142,28.815335601026142,7.877963099596128,4.871428084164923,0.7960365587009408,0.9318660046385276,1.0,1.0,0.9149640692337669,falla_probable
S0476,True,200,50,sin_danio,0.0,0.0,-15426.2,15426.2,-4.656612873077393e-13,7.687162521132088,-7.68712207206623,1.1025843616462592,5219.259449738623,5798.656855258631,4571.274591264343,28.22176206377059,28.22176206377059,7.797542630174282,4.460649287457298,0.6131044293410874,0.9126702885698315,1.0,0.0,0.7033659298017672,critico
S0477,True,200,50,arco_a1_a2,0.1,10.0,-15426.2,15426.2,0.0,7.698369330451518,-7.698349393589672,1.0981991217564497,5216.367671946391,5799.970225402513,4588.097777318425,28.232980294572926,28.232980294572926,7.793002891427206,4.474879490170505,0.6139998906712351,0.9130330776090302,1.0,0.25,0.7412615443645311,critico
S0478,True,200,50,arco_a1_a2,0.2,20.0,-15426.2,15426.199999999999,4.656612873077393e-13,7.710983844977065,-7.710978808366165,1.0930529471312689,5212.947425302744,5801.457545518369,4607.87547968246,28.246238164476946,28.246238164476946,7.787534159192214,4.491610619504875,0.6150071792334384,0.9134618270231802,1.0,0.5,0.7792137932281444,critico
S0479,True,200,50,arco_a1_a2,0.3,30.0,-15426.2,15426.199999999999,4.656612873077393e-13,7.725246361193399,-7.725246216430338,1.0869623665302561,5208.866479607069,5803.151603606365,4631.326382076885,28.262044089493127,28.262044089493127,7.7808872731365355,4.511451340921855,0.6161451097875983,0.9139729785987989,1.0,0.7499999999999999,0.817234075445859,falla_probable
S0480,True,200,50,arco_a1_a2,0.4,40.0,-15426.2,15426.2,-4.656612873077393e-13,7.741418111286624,-7.741405756968089,1.0796781672519669,5203.942073790172,5805.090845163067,4659.430830452487,28.281099578192222,28.281099578192222,7.772707260279902,4.535232132339711,0.6174339517998534,0.9145892185887239,1.0,1.0,0.8553364120460093,falla_probable
S0481,True,200,50,arco_a2_a3,0.1,10.0,-15426.2,15426.199999999997,-9.313225746154785e-13,8.11966397712793,-8.119635615076982,1.1040155446524917,5198.873694660284,5797.965450356566,4563.2842794215885,28.20909002085401,28.20909002085401,7.912684896549391,4.453698113998519,0.6476005602056546,0.9122604843542297,1.0,0.25,0.7510713375856767,critico
S0482,True,200,50,arco_a2_a3,0.2,20.0,-15426.2,15426.199999999999,4.656612873077393e-13,8.634142530601357,-8.634124594853567,1.1052847424890553,5173.9362589909215,5797.178294398771,4555.439681318946,28.195054977910043,28.195054977910043,8.105520021390761,4.44683188906045,0.6886348340718709,0.911806601755942,1.0,0.5,0.8007227608361409,falla_probable
S0483,True,200,50,arco_a2_a3,0.3,30.0,-15426.2,15426.2,0.0,9.257564555060606,-9.257555038821986,1.1063268099036636,5142.845044831962,5796.289260988124,4547.772139130235,28.179062783030165,28.179062783030165,8.34229241892234,4.4400610290792315,0.7383579896299273,0.9112894263548135,1.0,0.7499999999999999,0.8529586961131629,falla_probable
S0484,True,200,50,arco_a2_a3,0.4,40.0,-15426.2,15426.2,-4.656612873077393e-13,10.030427952689593,-10.030424448673704,1.107040748574282,5103.136017305031,5795.298233971361,4540.3022166478595,28.160122012371236,28.160122012371236,8.641185901924937,4.433376647043684,0.7999999999999999,0.9106768962589266,1.0,1.0,0.9087369136906244,falla_probable
S0485,True,200,50,arco_a3_a4,0.1,10.0,-15426.2,15426.199999999999,0.0,7.697906797477081,-7.6978219312652385,1.196253673484808,5135.787754463038,5791.969692319491,4632.156875346856,27.67979422741884,27.67979422741884,7.917450179571254,4.507073435370691,0.6139578216778733,0.8951434615601989,1.0,0.25,0.7349875580494315,critico
S0486,True,200,50,arco_a3_a4,0.2,20.0,-15426.2,15426.2,4.656612873077393e-13,8.017736047665906,-7.99064966550145,1.3069274043084023,5037.453375839652,5784.282371781045,4703.677305757927,27.08494857217419,27.08494857217419,8.063294799572878,4.561952135639791,0.63731298362418,0.8759066061647102,1.0,0.5,0.7727612072449025,critico
S0487,True,200,50,arco_a3_a4,0.3,30.0,-15426.2,15426.199999999999,4.656612873077393e-13,8.587224125132261,-8.558446095985861,1.43987039310718,4919.581514532854,5775.419335671631,4788.636975396609,26.42163017312673,26.42163017312673,8.245261785000178,4.627412753345811,0.6825989181040107,0.8544553943904641,1.0,0.7499999999999999,0.8163390634678657,falla_probable
S0488,True,200,50,arco_a3_a4,0.4,40.0,-15426.2,15426.199999999999,0.0,9.295740712420285,-9.265180545316595,1.6028854661851824,4775.195015117615,5765.18393262144,4891.083799898415,25.665826793830043,25.665826793830043,8.479598730112901,4.706469528821339,0.7389661797645426,0.8300132888009523,1.0,1.0,0.8621945050096961,falla_probable
S0489,True,200,50,tablero,0.1,10.0,-15426.2,15426.2,0.0,8.041966559904361,-8.041926508793216,1.142090861787776,5324.367575917123,5802.471750183087,4586.0147690160275,28.742782121830487,28.742782121830487,7.578525205817985,4.4762329031872685,0.6414026883862588,0.9295196803854701,1.0,0.25,0.7552526946507921,critico
S0490,True,200,50,tablero,0.2,20.0,-15426.2,15426.199999999999,0.0,8.459476116130054,-8.45943645615346,1.2390944066452514,5436.104801987457,5806.514143184275,4604.866466403273,29.344799508522147,29.344799508522147,7.34946344464702,4.496132892784759,0.6747021723310644,0.948988464113233,1.0,0.5,0.8095566141389507,falla_probable
S0491,True,200,50,tablero,0.3,30.0,-15426.2,15426.199999999997,-4.656612873077393e-13,8.963282476648263,-8.963242987651762,1.35586121373769,5555.351706029496,5810.675310092645,4631.130930362246,30.056431872104802,30.056431872104802,7.10771049278496,4.523515461520042,0.7148844425092656,0.9720021126997039,1.0,0.7499999999999999,0.867166072197676,falla_probable
S0492,True,200,50,tablero,0.4,40.0,-15426.2,15426.199999999999,0.0,9.591541038912831,-9.591501049242254,1.4999888555715295,5683.184537059254,5814.721235610856,4670.876201097417,30.92218780124257,30.92218780124257,6.848938564672878,4.564106999191453,0.764992636020344,0.9999999999999996,1.0,1.0,0.929497790806103,falla_probable
S0493,True,200,50,pilares,0.1,10.0,-15426.2,15426.199999999999,4.656612873077393e-13,7.710470668431053,-7.710424262427393,1.1040286429119273,5215.475206770781,5800.7953291184585,4490.438941746027,28.25452895827735,28.25452895827735,7.807351119477077,4.394561640981075,0.6149629501229669,0.9137299449795712,1.0,0.25,0.74179436577974,critico
S0494,True,200,50,pilares,0.2,20.0,-15426.2,15426.199999999999,4.656612873077393e-13,7.740114516695591,-7.740061675097806,1.1053840436740356,5211.4429457049555,5803.352398732594,4401.3815754886455,28.284100435761314,28.284100435761314,7.819216656899045,4.321573988092011,0.6173267514015324,0.914686264036749,1.0,0.5,0.7803382178333218,critico
S0495,True,200,50,pilares,0.3,30.0,-15426.2,15426.2,-4.656612873077393e-13,7.778864197551685,-7.778804588268892,1.106572962292212,5207.157166594292,5806.486130966315,4302.477363313522,28.307254438800072,28.307254438800072,7.833898229771512,4.240251733860089,0.6204167832038224,0.9154350468585721,1.0,0.7499999999999999,0.8190273013616468,falla_probable
S0496,True,200,50,pilares,0.4,40.0,-15426.2,15426.2,-4.656612873077393e-13,7.831341207561897,-7.831274823024311,1.1074643833572118,5202.629694257027,5810.451931213578,4191.489476761398,28.318193386563138,28.318193386563138,7.852604881715663,4.148583104948994,0.6246016696978217,0.9157888040970114,1.0,1.0,0.8579065823433004,falla_probable
S0497,True,200,50,montantes,0.1,10.0,-15426.2,15426.2,4.656612873077393e-13,7.739296068600367,-7.739255029986251,1.1000929036554459,5210.560626307049,5802.109712409259,4689.568064528974,28.34846441222234,28.34846441222234,7.8088776174589505,4.550692999946656,0.6172624155309472,0.9167677460093293,1.0,0.25,0.7435474357625494,critico
S0498,True,200,50,montantes,0.2,20.0,-15426.2,15426.200000000003,9.313225746154785e-13,7.802782808879722,-7.802741055148522,1.096434542285275,5198.765978200104,5805.746236655267,4817.431053297285,28.485631916651375,28.485631916651375,7.824780828118226,4.648268784349025,0.6223258921953403,0.9212036386218023,1.0,0.5,0.7841190411762329,critico
S0499,True,200,50,montantes,0.3,30.0,-15426.2,15426.199999999997,-4.656612873077393e-13,7.88212544760928,-7.882082823809675,1.091062665535148,5182.665018324339,5809.561473168955,4956.3437190363165,28.638343555083605,28.638343555083605,7.8469445849027535,4.754629625468382,0.6286539808274535,0.9261422166879407,1.0,0.7499999999999999,0.8252459700890152,falla_probable
S0500,True,200,50,montantes,0.4,40.0,-15426.2,15426.2,1.3969838619232178e-12,7.9846282439985075,-7.9845845604319985,1.0830728900033555,5160.376907741206,5813.529946788127,5108.200770804558,28.815335601026128,28.815335601026128,7.877963099596115,4.871428084164921,0.6368292469607527,0.9318660046385271,1.0,1.0,0.8672018757117103,falla_probable
S0501,True,200,60,sin_danio,0.0,0.0,-15426.2,15426.2,4.656612873077393e-13,6.405968767610073,-6.4059350600551905,0.9188203013718824,5219.259449738624,5798.656855258631,4571.274591264343,28.221762063770583,28.221762063770583,7.797542630174285,4.460649287457298,0.5109203577842395,0.9126702885698312,1.0,0.0,0.6727107083347128,critico
S0502,True,200,60,arco_a1_a2,0.1,10.0,-15426.2,15426.2,-4.656612873077393e-13,6.415307775376265,-6.415291161324727,0.9151659347970414,5216.367671946392,5799.970225402513,4588.097777318425,28.23298029457292,28.23298029457292,7.793002891427206,4.474879490170505,0.5116665755593626,0.91303307760903,1.0,0.25,0.7105615498309693,critico
S0503,True,200,60,arco_a1_a2,0.2,20.0,-15426.2,15426.2,-4.656612873077393e-13,6.4258198708142205,-6.42581567363847,0.9108774559427243,5212.947425302744,5801.45754551837,4607.875479682461,28.246238164476953,28.246238164476953,7.787534159192212,4.491610619504876,0.512505982694532,0.9134618270231805,1.0,0.5,0.7484634342664727,critico
S0504,True,200,60,arco_a1_a2,0.3,30.0,-15426.2,15426.199999999999,4.656612873077393e-13,6.437705300994501,-6.437705180358616,0.9058019721085465,5208.866479607068,5803.151603606365,4631.326382076886,28.262044089493124,28.262044089493124,7.780887273136541,4.511451340921856,0.513454258156332,0.9139729785987988,1.0,0.7499999999999999,0.7864268199564791,critico
S0505,True,200,60,arco_a1_a2,0.4,40.0,-15426.2,15426.199999999999,-4.656612873077393e-13,6.45118175940552,-6.451171464140074,0.8997318060433056,5203.942073790172,5805.090845163067,4659.430830452486,28.281099578192233,28.281099578192233,7.772707260279911,4.5352321323397105,0.5145282931665445,0.9145892185887242,1.0,1.0,0.8244647144560168,falla_probable
S0506,True,200,60,arco_a2_a3,0.1,10.0,-15426.2,15426.199999999999,-4.656612873077393e-13,6.76638664760661,-6.766363012564153,0.9200129538770763,5198.873694660284,5797.965450356567,4563.284279421587,28.209090020854028,28.209090020854028,7.9126848965493926,4.4536981139985174,0.5396671335047123,0.9122604843542302,1.0,0.25,0.7186913095753943,critico
S0507,True,200,60,arco_a2_a3,0.2,20.0,-15426.2,15426.199999999999,4.656612873077393e-13,7.195118775501129,-7.195103829044638,0.9210706187408789,5173.9362589909215,5797.17829439877,4555.439681318946,28.195054977910043,28.195054977910043,8.10552002139077,4.44683188906045,0.5738623617265589,0.911806601755942,1.0,0.5,0.7662910191325474,critico
S0508,True,200,60,arco_a2_a3,0.3,30.0,-15426.2,15426.2,-9.313225746154785e-13,7.714637129217173,-7.714629199018322,0.9219390082530527,5142.845044831962,5796.289260988124,4547.772139130235,28.179062783030158,28.179062783030158,8.342292418922352,4.4400610290792315,0.6152983246916062,0.9112894263548132,1.0,0.7499999999999999,0.8160407966316664,falla_probable
S0509,True,200,60,arco_a2_a3,0.4,40.0,-15426.2,15426.2,0.0,8.35868996057466,-8.35868704056142,0.9225339571452347,5103.136017305031,5795.298233971362,4540.3022166478595,28.160122012371236,28.160122012371236,8.641185901924938,4.433376647043684,0.6666666666666666,0.9106768962589266,1.0,1.0,0.8687369136906243,falla_probable
S0510,True,200,60,arco_a3_a4,0.1,10.0,-15426.2,15426.2,1.3969838619232178e-12,6.414922331230901,-6.414851609387698,0.9968780612373399,5135.78775446304,5791.9696923194915,4632.156875346854,27.67979422741883,27.67979422741883,7.917450179571258,4.507073435370688,0.5116315180648944,0.8951434615601986,1.0,0.25,0.7042896669655377,critico
S0511,True,200,60,arco_a3_a4,0.2,20.0,-15426.2,15426.199999999999,-4.656612873077393e-13,6.681446706388255,-6.658874721251207,1.089106170257002,5037.45337583965,5784.282371781045,4703.677305757929,27.0849485721742,27.0849485721742,8.06329479957288,4.5619521356397925,0.53109415302015,0.8759066061647104,1.0,0.5,0.7408955580636936,critico
S0512,True,200,60,arco_a3_a4,0.3,30.0,-15426.2,15426.199999999999,9.313225746154785e-13,7.156020104276886,-7.132038413321552,1.1998919942559831,4919.581514532856,5775.419335671631,4788.636975396608,26.421630173126744,26.421630173126744,8.245261785000189,4.62741275334581,0.5688324317533423,0.8544553943904646,1.0,0.7499999999999999,0.7822091175626652,critico
S0513,True,200,60,arco_a3_a4,0.4,40.0,-15426.2,15426.199999999999,-1.3969838619232178e-12,7.746450593683568,-7.720983787763828,1.3357378884876518,4775.195015117615,5765.18393262144,4891.083799898417,25.665826793830046,25.665826793830046,8.479598730112913,4.706469528821342,0.6158051498037854,0.8300132888009524,1.0,1.0,0.8252461960214689,falla_probable
S0514,True,200,60,tablero,0.1,10.0,-15426.2,15426.2,0.0,6.701638799920301,-6.701605423994345,0.9517423848231469,5324.367575917123,5802.471750183088,4586.014769016028,28.742782121830494,28.742782121830494,7.578525205817991,4.476232903187269,0.5345022403218823,0.9295196803854703,1.0,0.25,0.7231825602314793,critico
S0515,True,200,60,tablero,0.2,20.0,-15426.2,15426.199999999999,4.656612873077393e-13,7.049563430108377,-7.049530380127883,1.0325786722043764,5436.104801987457,5806.514143184275,4604.866466403271,29.344799508522136,29.344799508522136,7.3494634446470215,4.4961328927847575,0.562251810275887,0.9489884641132327,1.0,0.5,0.7758215055223974,critico
S0516,True,200,60,tablero,0.3,30.0,-15426.2,15426.2,0.0,7.469402063873554,-7.4693691563764695,1.1298843447814082,5555.351706029496,5810.675310092646,4631.130930362245,30.056431872104817,30.056431872104817,7.107710492784961,4.5235154615200415,0.5957370354243882,0.9720021126997044,1.0,0.7499999999999999,0.8314218500722129,falla_probable
S0517,True,200,60,tablero,0.4,40.0,-15426.2,15426.199999999999,-4.656612873077393e-13,7.992950865760691,-7.99291754103521,1.2499907129762746,5683.184537059252,5814.721235610857,4670.876201097416,30.922187801242583,30.922187801242583,6.848938564672876,4.564106999191452,0.6374938633502866,1.0,1.0,1.0,0.8912481590050859,falla_probable
S0518,True,200,60,pilares,0.1,10.0,-15426.2,15426.199999999999,0.0,6.425392223692545,-6.425353552022829,0.9200238690932726,5215.475206770783,5800.795329118459,4490.438941746028,28.254528958277344,28.254528958277344,7.807351119477072,4.394561640981075,0.5124691251024724,0.9137299449795709,1.0,0.25,0.7110462182735916,critico
S0519,True,200,60,pilares,0.2,20.0,-15426.2,15426.199999999999,0.0,6.450095430579659,-6.450051395914838,0.9211533697283628,5211.4429457049555,5803.352398732595,4401.381575488646,28.284100435761314,28.284100435761314,7.819216656899045,4.3215739880920125,0.5144389595012769,0.914686264036749,1.0,0.5,0.7494718802632452,critico
S0520,True,200,60,pilares,0.3,30.0,-15426.2,15426.2,1.3969838619232178e-12,6.482386831293072,-6.482337156890744,0.9221441352435102,5207.15716659429,5806.486130966315,4302.477363313519,28.307254438800083,28.307254438800083,7.8338982297715045,4.240251733860085,0.5170139860031854,0.9154350468585725,1.0,0.7499999999999999,0.7880064622014559,critico
S0521,True,200,60,pilares,0.4,40.0,-15426.2,15426.2,-4.656612873077393e-13,6.526117672968247,-6.52606235252026,0.9228869861310096,5202.629694257027,5810.451931213577,4191.489476761399,28.318193386563138,28.318193386563138,7.852604881715658,4.148583104948994,0.5205013914148515,0.9157888040970114,1.0,1.0,0.8266764988584094,falla_probable
S0522,True,200,60,montantes,0.1,10.0,-15426.2,15426.199999999999,0.0,6.449413390500307,-6.4493791916552095,0.9167440863795383,5210.560626307048,5802.1097124092585,4689.568064528974,28.34846441222236,28.34846441222236,7.808877617458952,4.550692999946656,0.5143853462757894,0.9167677460093299,1.0,0.25,0.7126843149860022,critico
S0523,True,200,60,montantes,0.2,20.0,-15426.2,15426.199999999999,-4.656612873077393e-13,6.502319007399769,-6.502284212623769,0.9136954519043956,5198.765978200104,5805.746236655266,4817.431053297287,28.48563191665137,28.48563191665137,7.824780828118226,4.6482687843490265,0.5186049101627836,0.9212036386218022,1.0,0.5,0.7530027465664659,critico
S0524,True,200,60,montantes,0.3,30.0,-15426.2,15426.2,-4.656612873077393e-13,6.568437873007734,-6.568402353174731,0.9092188879459571,5182.665018324338,5809.561473168955,4956.343719036317,28.638343555083612,28.638343555083612,7.846944584902746,4.754629625468382,0.5238783173562114,0.926142216687941,1.0,0.7499999999999999,0.7938132710476427,critico
S0525,True,200,60,montantes,0.4,40.0,-15426.2,15426.2,4.656612873077393e-13,6.653856869998758,-6.653820467026666,0.9025607416694627,5160.376907741205,5813.529946788128,5108.2007708045585,28.81533560102615,28.81533560102615,7.877963099596127,4.871428084164921,0.5306910391339607,0.9318660046385279,1.0,1.0,0.8353604133636728,falla_probable
