step,element_tag,element_id,kind,demand_ratio,state,mid_y,distance_to_support_m
0,1,M001,DECK_LONG,0.0,BAJO,-37.439940018749994,1.379242418749996
0,2,M002,ARCH,0.0,BAJO,-37.439940018749994,1.379242418749996
0,3,M003,DECK_LONG,0.0,BAJO,-40.19842485625,4.1377272562500025
0,4,M004,ARCH,0.0,BAJO,-40.19842485625,4.1377272562500025
0,5,M005,DECK_LONG,0.0,BAJO,-42.95690969375,6.896212093750002
0,6,M006,ARCH,0.0,BAJO,-42.95690969375,6.896212093750002
0,7,M007,DECK_LONG,0.0,BAJO,-45.71539453125,9.654696931250001
0,8,M008,ARCH,0.0,BAJO,-45.71539453125,9.654696931250001
0,9,M009,DECK_LONG,0.0,BAJO,-48.47387936875,9.654696931250001
0,10,M010,ARCH,0.0,BAJO,-48.47387936875,9.654696931250001
0,11,M011,DECK_LONG,0.0,BAJO,-51.23236420625,6.896212093750002
0,12,M012,ARCH,0.0,BAJO,-51.23236420625,6.896212093750002
0,13,M013,DECK_LONG,0.0,BAJO,-53.99084904375,4.137727256249995
0,14,M014,ARCH,0.0,BAJO,-53.99084904375,4.137727256249995
0,15,M015,DECK_LONG,0.0,BAJO,-56.749333881249996,1.3792424187500032
0,16,M016,ARCH,0.0,BAJO,-56.749333881249996,1.3792424187500032
0,17,M017,DECK_LONG,0.0,BAJO,-59.887756249999995,1.7591799499999965
0,18,M018,ARCH,0.0,BAJO,-59.887756249999995,1.7591799499999965
0,19,M019,DECK_LONG,0.0,BAJO,-63.40611615,5.277539850000004
0,20,M020,ARCH,0.0,BAJO,-63.40611615,5.277539850000004
0,21,M021,DECK_LONG,0.0,BAJO,-66.92447605000001,8.795899750000011
0,22,M022,ARCH,0.0,BAJO,-66.92447605000001,8.795899750000011
0,23,M023,DECK_LONG,0.0,BAJO,-70.44283595,12.314259650000004
0,24,M024,ARCH,0.0,BAJO,-70.44283595,12.314259650000004
0,25,M025,DECK_LONG,0.0,BAJO,-73.96119585,12.314259650000011
0,26,M026,ARCH,0.0,BAJO,-73.96119585,12.314259650000011
0,27,M027,DECK_LONG,0.0,BAJO,-77.47955575,8.795899750000004
0,28,M028,ARCH,0.0,BAJO,-77.47955575,8.795899750000004
0,29,M029,DECK_LONG,0.0,BAJO,-80.99791565000001,5.277539849999997
0,30,M030,ARCH,0.0,BAJO,-80.99791565000001,5.277539849999997
0,31,M031,DECK_LONG,0.0,BAJO,-84.51627555000002,1.7591799499999894
0,32,M032,ARCH,0.0,BAJO,-84.51627555000002,1.7591799499999894
0,33,M033,DECK_LONG,0.0,BAJO,-87.97521331250002,1.6997578125000103
0,34,M034,ARCH,0.0,BAJO,-87.97521331250002,1.6997578125000103
0,35,M035,DECK_LONG,0.0,BAJO,-91.37472893750001,5.099273437500003
0,36,M036,ARCH,0.0,BAJO,-91.37472893750001,5.099273437500003
0,37,M037,DECK_LONG,0.0,BAJO,-94.7742445625,8.498789062499995
0,38,M038,ARCH,0.0,BAJO,-94.7742445625,8.498789062499995
0,39,M039,DECK_LONG,0.0,BAJO,-98.1737601875,11.898304687499987
0,40,M040,ARCH,0.0,BAJO,-98.1737601875,11.898304687499987
0,41,M041,DECK_LONG,0.0,BAJO,-101.57327581250001,11.898304687499987
0,42,M042,ARCH,0.0,BAJO,-101.57327581250001,11.898304687499987
0,43,M043,DECK_LONG,0.0,BAJO,-104.9727914375,8.498789062499995
0,44,M044,ARCH,0.0,BAJO,-104.9727914375,8.498789062499995
0,45,M045,DECK_LONG,0.0,BAJO,-108.3723070625,5.099273437500003
0,46,M046,ARCH,0.0,BAJO,-108.3723070625,5.099273437500003
0,47,M047,DECK_LONG,0.0,BAJO,-111.77182268749999,1.6997578125000103
0,48,M048,ARCH,0.0,BAJO,-111.77182268749999,1.6997578125000103
0,49,M049,SPANDREL,0.0,BAJO,-36.0606976,0.0
0,50,M050,SPANDREL,0.0,BAJO,-38.8191824375,2.7584848374999993
0,51,M051,SPANDREL,0.0,BAJO,-41.577667274999996,5.516969674999999
0,52,M052,SPANDREL,0.0,BAJO,-44.3361521125,8.275454512500005
0,53,M053,SPANDREL,0.0,BAJO,-47.094636949999995,11.033939349999997
0,54,M054,SPANDREL,0.0,BAJO,-49.8531217875,8.275454512499998
0,55,M055,SPANDREL,0.0,BAJO,-52.611606625,5.516969674999999
0,56,M056,SPANDREL,0.0,BAJO,-55.3700914625,2.7584848374999993
0,57,M057,SPANDREL,0.0,BAJO,-58.1285763,0.0
0,58,M058,SPANDREL,0.0,BAJO,-61.6469362,3.5183599
0,59,M059,SPANDREL,0.0,BAJO,-65.1652961,7.036719800000007
0,60,M060,SPANDREL,0.0,BAJO,-68.683656,10.5550797
0,61,M061,SPANDREL,0.0,BAJO,-72.2020159,14.0734396
0,62,M062,SPANDREL,0.0,BAJO,-75.7203758,10.555079700000007
0,63,M063,SPANDREL,0.0,BAJO,-79.2387357,7.0367198
0,64,M064,SPANDREL,0.0,BAJO,-82.75709560000001,3.518359899999993
0,65,M065,SPANDREL,0.0,BAJO,-86.2754555,0.0
0,66,M066,SPANDREL,0.0,BAJO,-89.67497112500001,3.3995156250000065
0,67,M067,SPANDREL,0.0,BAJO,-93.07448675,6.799031249999999
0,68,M068,SPANDREL,0.0,BAJO,-96.474002375,10.198546874999991
0,69,M069,SPANDREL,0.0,BAJO,-99.873518,13.598062499999997
0,70,M070,SPANDREL,0.0,BAJO,-103.27303362500001,10.198546874999991
0,71,M071,SPANDREL,0.0,BAJO,-106.67254925,6.799031249999999
0,72,M072,SPANDREL,0.0,BAJO,-110.072064875,3.3995156250000065
0,73,M073,SPANDREL,0.0,BAJO,-113.4715805,0.0
0,74,M074,DECK_LONG,0.0,BAJO,-37.439940018749994,1.379242418749996
0,75,M075,ARCH,0.0,BAJO,-37.439940018749994,1.379242418749996
0,76,M076,DECK_LONG,0.0,BAJO,-40.19842485625,4.1377272562500025
0,77,M077,ARCH,0.0,BAJO,-40.19842485625,4.1377272562500025
0,78,M078,DECK_LONG,0.0,BAJO,-42.95690969375,6.896212093750002
0,79,M079,ARCH,0.0,BAJO,-42.95690969375,6.896212093750002
0,80,M080,DECK_LONG,0.0,BAJO,-45.71539453125,9.654696931250001
0,81,M081,ARCH,0.0,BAJO,-45.71539453125,9.654696931250001
0,82,M082,DECK_LONG,0.0,BAJO,-48.47387936875,9.654696931250001
0,83,M083,ARCH,0.0,BAJO,-48.47387936875,9.654696931250001
0,84,M084,DECK_LONG,0.0,BAJO,-51.23236420625,6.896212093750002
0,85,M085,ARCH,0.0,BAJO,-51.23236420625,6.896212093750002
0,86,M086,DECK_LONG,0.0,BAJO,-53.99084904375,4.137727256249995
0,87,M087,ARCH,0.0,BAJO,-53.99084904375,4.137727256249995
0,88,M088,DECK_LONG,0.0,BAJO,-56.749333881249996,1.3792424187500032
0,89,M089,ARCH,0.0,BAJO,-56.749333881249996,1.3792424187500032
0,90,M090,DECK_LONG,0.0,BAJO,-59.887756249999995,1.7591799499999965
0,91,M091,ARCH,0.0,BAJO,-59.887756249999995,1.7591799499999965
0,92,M092,DECK_LONG,0.0,BAJO,-63.40611615,5.277539850000004
0,93,M093,ARCH,0.0,BAJO,-63.40611615,5.277539850000004
0,94,M094,DECK_LONG,0.0,BAJO,-66.92447605000001,8.795899750000011
0,95,M095,ARCH,0.0,BAJO,-66.92447605000001,8.795899750000011
0,96,M096,DECK_LONG,0.0,BAJO,-70.44283595,12.314259650000004
0,97,M097,ARCH,0.0,BAJO,-70.44283595,12.314259650000004
0,98,M098,DECK_LONG,0.0,BAJO,-73.96119585,12.314259650000011
0,99,M099,ARCH,0.0,BAJO,-73.96119585,12.314259650000011
0,100,M100,DECK_LONG,0.0,BAJO,-77.47955575,8.795899750000004
0,101,M101,ARCH,0.0,BAJO,-77.47955575,8.795899750000004
0,102,M102,DECK_LONG,0.0,BAJO,-80.99791565000001,5.277539849999997
0,103,M103,ARCH,0.0,BAJO,-80.99791565000001,5.277539849999997
0,104,M104,DECK_LONG,0.0,BAJO,-84.51627555000002,1.7591799499999894
0,105,M105,ARCH,0.0,BAJO,-84.51627555000002,1.7591799499999894
0,106,M106,DECK_LONG,0.0,BAJO,-87.97521331250002,1.6997578125000103
0,107,M107,ARCH,0.0,BAJO,-87.97521331250002,1.6997578125000103
0,108,M108,DECK_LONG,0.0,BAJO,-91.37472893750001,5.099273437500003
0,109,M109,ARCH,0.0,BAJO,-91.37472893750001,5.099273437500003
0,110,M110,DECK_LONG,0.0,BAJO,-94.7742445625,8.498789062499995
0,111,M111,ARCH,0.0,BAJO,-94.7742445625,8.498789062499995
0,112,M112,DECK_LONG,0.0,BAJO,-98.1737601875,11.898304687499987
0,113,M113,ARCH,0.0,BAJO,-98.1737601875,11.898304687499987
0,114,M114,DECK_LONG,0.0,BAJO,-101.57327581250001,11.898304687499987
0,115,M115,ARCH,0.0,BAJO,-101.57327581250001,11.898304687499987
0,116,M116,DECK_LONG,0.0,BAJO,-104.9727914375,8.498789062499995
0,117,M117,ARCH,0.0,BAJO,-104.9727914375,8.498789062499995
0,118,M118,DECK_LONG,0.0,BAJO,-108.3723070625,5.099273437500003
0,119,M119,ARCH,0.0,BAJO,-108.3723070625,5.099273437500003
0,120,M120,DECK_LONG,0.0,BAJO,-111.77182268749999,1.6997578125000103
0,121,M121,ARCH,0.0,BAJO,-111.77182268749999,1.6997578125000103
0,122,M122,SPANDREL,0.0,BAJO,-36.0606976,0.0
0,123,M123,SPANDREL,0.0,BAJO,-38.8191824375,2.7584848374999993
0,124,M124,SPANDREL,0.0,BAJO,-41.577667274999996,5.516969674999999
0,125,M125,SPANDREL,0.0,BAJO,-44.3361521125,8.275454512500005
0,126,M126,SPANDREL,0.0,BAJO,-47.094636949999995,11.033939349999997
0,127,M127,SPANDREL,0.0,BAJO,-49.8531217875,8.275454512499998
0,128,M128,SPANDREL,0.0,BAJO,-52.611606625,5.516969674999999
0,129,M129,SPANDREL,0.0,BAJO,-55.3700914625,2.7584848374999993
0,130,M130,SPANDREL,0.0,BAJO,-58.1285763,0.0
0,131,M131,SPANDREL,0.0,BAJO,-61.6469362,3.5183599
0,132,M132,SPANDREL,0.0,BAJO,-65.1652961,7.036719800000007
0,133,M133,SPANDREL,0.0,BAJO,-68.683656,10.5550797
0,134,M134,SPANDREL,0.0,BAJO,-72.2020159,14.0734396
0,135,M135,SPANDREL,0.0,BAJO,-75.7203758,10.555079700000007
0,136,M136,SPANDREL,0.0,BAJO,-79.2387357,7.0367198
0,137,M137,SPANDREL,0.0,BAJO,-82.75709560000001,3.518359899999993
0,138,M138,SPANDREL,0.0,BAJO,-86.2754555,0.0
0,139,M139,SPANDREL,0.0,BAJO,-89.67497112500001,3.3995156250000065
0,140,M140,SPANDREL,0.0,BAJO,-93.07448675,6.799031249999999
0,141,M141,SPANDREL,0.0,BAJO,-96.474002375,10.198546874999991
0,142,M142,SPANDREL,0.0,BAJO,-99.873518,13.598062499999997
0,143,M143,SPANDREL,0.0,BAJO,-103.27303362500001,10.198546874999991
0,144,M144,SPANDREL,0.0,BAJO,-106.67254925,6.799031249999999
0,145,M145,SPANDREL,0.0,BAJO,-110.072064875,3.3995156250000065
0,146,M146,SPANDREL,0.0,BAJO,-113.4715805,0.0
0,147,M147,DECK_CROSS,0.0,BAJO,-36.0606976,0.0
0,148,M148,DECK_CROSS,0.0,BAJO,-38.8191824375,2.7584848374999993
0,149,M149,DECK_CROSS,0.0,BAJO,-41.577667274999996,5.516969674999999
0,150,M150,DECK_CROSS,0.0,BAJO,-44.3361521125,8.275454512500005
0,151,M151,DECK_CROSS,0.0,BAJO,-47.094636949999995,11.033939349999997
0,152,M152,DECK_CROSS,0.0,BAJO,-49.8531217875,8.275454512499998
0,153,M153,DECK_CROSS,0.0,BAJO,-52.611606625,5.516969674999999
0,154,M154,DECK_CROSS,0.0,BAJO,-55.3700914625,2.7584848374999993
0,155,M155,DECK_CROSS,0.0,BAJO,-58.1285763,0.0
0,156,M156,DECK_CROSS,0.0,BAJO,-61.6469362,3.5183599
0,157,M157,DECK_CROSS,0.0,BAJO,-65.1652961,7.036719800000007
0,158,M158,DECK_CROSS,0.0,BAJO,-68.683656,10.5550797
0,159,M159,DECK_CROSS,0.0,BAJO,-72.2020159,14.0734396
0,160,M160,DECK_CROSS,0.0,BAJO,-75.7203758,10.555079700000007
0,161,M161,DECK_CROSS,0.0,BAJO,-79.2387357,7.0367198
0,162,M162,DECK_CROSS,0.0,BAJO,-82.75709560000001,3.518359899999993
0,163,M163,DECK_CROSS,0.0,BAJO,-86.2754555,0.0
0,164,M164,DECK_CROSS,0.0,BAJO,-89.67497112500001,3.3995156250000065
0,165,M165,DECK_CROSS,0.0,BAJO,-93.07448675,6.799031249999999
0,166,M166,DECK_CROSS,0.0,BAJO,-96.474002375,10.198546874999991
0,167,M167,DECK_CROSS,0.0,BAJO,-99.873518,13.598062499999997
0,168,M168,DECK_CROSS,0.0,BAJO,-103.27303362500001,10.198546874999991
0,169,M169,DECK_CROSS,0.0,BAJO,-106.67254925,6.799031249999999
0,170,M170,DECK_CROSS,0.0,BAJO,-110.072064875,3.3995156250000065
0,171,M171,DECK_CROSS,0.0,BAJO,-113.4715805,0.0
1,1,M001,DECK_LONG,0.03479962652761212,BAJO,-37.439940018749994,1.379242418749996
1,2,M002,ARCH,0.05625537426376004,BAJO,-37.439940018749994,1.379242418749996
1,3,M003,DECK_LONG,0.028838600743281286,BAJO,-40.19842485625,4.1377272562500025
1,4,M004,ARCH,0.0467417387490123,BAJO,-40.19842485625,4.1377272562500025
1,5,M005,DECK_LONG,0.03049870567509722,BAJO,-42.95690969375,6.896212093750002
1,6,M006,ARCH,0.0419767799434723,BAJO,-42.95690969375,6.896212093750002
1,7,M007,DECK_LONG,0.028489013541393608,BAJO,-45.71539453125,9.654696931250001
1,8,M008,ARCH,0.04597085823940723,BAJO,-45.71539453125,9.654696931250001
1,9,M009,DECK_LONG,0.02727191960845432,BAJO,-48.47387936875,9.654696931250001
1,10,M010,ARCH,0.044115532122121735,BAJO,-48.47387936875,9.654696931250001
1,11,M011,DECK_LONG,0.026750002853120174,BAJO,-51.23236420625,6.896212093750002
1,12,M012,ARCH,0.04338776414325288,BAJO,-51.23236420625,6.896212093750002
1,13,M013,DECK_LONG,0.03214148322157163,BAJO,-53.99084904375,4.137727256249995
1,14,M014,ARCH,0.04418672409070617,BAJO,-53.99084904375,4.137727256249995
1,15,M015,DECK_LONG,0.03553883428064961,BAJO,-56.749333881249996,1.3792424187500032
1,16,M016,ARCH,0.05738221535070743,BAJO,-56.749333881249996,1.3792424187500032
1,17,M017,DECK_LONG,0.033108530199197524,BAJO,-59.887756249999995,1.7591799499999965
1,18,M018,ARCH,0.05359306600377893,BAJO,-59.887756249999995,1.7591799499999965
1,19,M019,DECK_LONG,0.032061777469368107,BAJO,-63.40611615,5.277539850000004
1,20,M020,ARCH,0.04421993117871617,BAJO,-63.40611615,5.277539850000004
1,21,M021,DECK_LONG,0.029245524864294686,BAJO,-66.92447605000001,8.795899750000011
1,22,M022,ARCH,0.04015799287709211,BAJO,-66.92447605000001,8.795899750000011
1,23,M023,DECK_LONG,0.027568152629928018,BAJO,-70.44283595,12.314259650000004
1,24,M024,ARCH,0.04454066020552839,BAJO,-70.44283595,12.314259650000004
1,25,M025,DECK_LONG,0.026363718777164175,BAJO,-73.96119585,12.314259650000011
1,26,M026,ARCH,0.042704632990949364,BAJO,-73.96119585,12.314259650000011
1,27,M027,DECK_LONG,0.030152362844582895,BAJO,-77.47955575,8.795899750000004
1,28,M028,ARCH,0.041540367847043645,BAJO,-77.47955575,8.795899750000004
1,29,M029,DECK_LONG,0.03043960420454888,BAJO,-80.99791565000001,5.277539849999997
1,30,M030,ARCH,0.049092851226370755,BAJO,-80.99791565000001,5.277539849999997
1,31,M031,DECK_LONG,0.03382828085570183,BAJO,-84.51627555000002,1.7591799499999894
1,32,M032,ARCH,0.05469024688259647,BAJO,-84.51627555000002,1.7591799499999894
1,33,M033,DECK_LONG,0.03246292336817205,BAJO,-87.97521331250002,1.6997578125000103
1,34,M034,ARCH,0.05262141719124532,BAJO,-87.97521331250002,1.6997578125000103
1,35,M035,DECK_LONG,0.03153204011296377,BAJO,-91.37472893750001,5.099273437500003
1,36,M036,ARCH,0.04339191152768108,BAJO,-91.37472893750001,5.099273437500003
1,37,M037,DECK_LONG,0.028680496059209335,BAJO,-94.7742445625,8.498789062499995
1,38,M038,ARCH,0.04628389743233697,BAJO,-94.7742445625,8.498789062499995
1,39,M039,DECK_LONG,0.026973154753975995,BAJO,-98.1737601875,11.898304687499987
1,40,M040,ARCH,0.04363640818652736,BAJO,-98.1737601875,11.898304687499987
1,41,M041,DECK_LONG,0.02576740114742409,BAJO,-101.57327581250001,11.898304687499987
1,42,M042,ARCH,0.04179836915214945,BAJO,-101.57327581250001,11.898304687499987
1,43,M043,DECK_LONG,0.029589545062670804,BAJO,-104.9727914375,8.498789062499995
1,44,M044,ARCH,0.040671628432308086,BAJO,-104.9727914375,8.498789062499995
1,45,M045,DECK_LONG,0.029902724970348623,BAJO,-108.3723070625,5.099273437500003
1,46,M046,ARCH,0.04828628538686396,BAJO,-108.3723070625,5.099273437500003
1,47,M047,DECK_LONG,0.033185556936299175,BAJO,-111.77182268749999,1.6997578125000103
1,48,M048,ARCH,0.053722992752414704,BAJO,-111.77182268749999,1.6997578125000103
1,49,M049,SPANDREL,0.05779323000000001,BAJO,-36.0606976,0.0
1,50,M050,SPANDREL,0.04252508179146251,BAJO,-38.8191824375,2.7584848374999993
1,51,M051,SPANDREL,0.04099026516371754,BAJO,-41.577667274999996,5.516969674999999
1,52,M052,SPANDREL,0.03543472546289556,BAJO,-44.3361521125,8.275454512500005
1,53,M053,SPANDREL,0.03706662887702256,BAJO,-47.094636949999995,11.033939349999997
1,54,M054,SPANDREL,0.03995570767712706,BAJO,-49.8531217875,8.275454512499998
1,55,M055,SPANDREL,0.03755319324005178,BAJO,-52.611606625,5.516969674999999
1,56,M056,SPANDREL,0.04392623769892421,BAJO,-55.3700914625,2.7584848374999993
1,57,M057,SPANDREL,0.05719032,BAJO,-58.1285763,0.0
1,58,M058,SPANDREL,0.04060381338544804,BAJO,-61.6469362,3.5183599
1,59,M059,SPANDREL,0.03946885597106635,BAJO,-65.1652961,7.036719800000007
1,60,M060,SPANDREL,0.04056973933989922,BAJO,-68.683656,10.5550797
1,61,M061,SPANDREL,0.036383620031052236,BAJO,-72.2020159,14.0734396
1,62,M062,SPANDREL,0.038944542066639165,BAJO,-75.7203758,10.555079700000007
1,63,M063,SPANDREL,0.036122987490002645,BAJO,-79.2387357,7.0367198
1,64,M064,SPANDREL,0.04195727383162965,BAJO,-82.75709560000001,3.518359899999993
1,65,M065,SPANDREL,0.05658741000000001,BAJO,-86.2754555,0.0
1,66,M066,SPANDREL,0.04032834918762882,BAJO,-89.67497112500001,3.3995156250000065
1,67,M067,SPANDREL,0.03916813944660521,BAJO,-93.07448675,6.799031249999999
1,68,M068,SPANDREL,0.04021509730383711,BAJO,-96.474002375,10.198546874999991
1,69,M069,SPANDREL,0.03599149861883163,BAJO,-99.873518,13.598062499999997
1,70,M070,SPANDREL,0.03858719981177774,BAJO,-103.27303362500001,10.198546874999991
1,71,M071,SPANDREL,0.03581087035118191,BAJO,-106.67254925,6.799031249999999
1,72,M072,SPANDREL,0.04168849587186588,BAJO,-110.072064875,3.3995156250000065
1,73,M073,SPANDREL,0.055984500000000006,BAJO,-113.4715805,0.0
1,74,M074,DECK_LONG,0.033321211021537095,BAJO,-37.439940018749994,1.379242418749996
1,75,M075,ARCH,0.05400169208986519,BAJO,-37.439940018749994,1.379242418749996
1,76,M076,DECK_LONG,0.032535857248830166,BAJO,-40.19842485625,4.1377272562500025
1,77,M077,ARCH,0.044787904010307605,BAJO,-40.19842485625,4.1377272562500025
1,78,M078,DECK_LONG,0.029295418349524337,BAJO,-42.95690969375,6.896212093750002
1,79,M079,ARCH,0.04726797069264948,BAJO,-42.95690969375,6.896212093750002
1,80,M080,DECK_LONG,0.027316997161526146,BAJO,-45.71539453125,9.654696931250001
1,81,M081,ARCH,0.04418424790424341,BAJO,-45.71539453125,9.654696931250001
1,82,M082,DECK_LONG,0.026099903228586862,BAJO,-48.47387936875,9.654696931250001
1,83,M083,ARCH,0.04232892178695793,BAJO,-48.47387936875,9.654696931250001
1,84,M084,DECK_LONG,0.0302210239845804,BAJO,-51.23236420625,6.896212093750002
1,85,M085,ARCH,0.041553484683538124,BAJO,-51.23236420625,6.896212093750002
1,86,M086,DECK_LONG,0.030859767632981348,BAJO,-53.99084904375,4.137727256249995
1,87,M087,ARCH,0.04982278583696971,BAJO,-53.99084904375,4.137727256249995
1,88,M088,DECK_LONG,0.03406041877457459,BAJO,-56.749333881249996,1.3792424187500032
1,89,M089,ARCH,0.05512853317681257,BAJO,-56.749333881249996,1.3792424187500032
1,90,M090,DECK_LONG,0.037260937832876144,BAJO,-59.887756249999995,1.7591799499999965
1,91,M091,ARCH,0.05139870424614389,BAJO,-59.887756249999995,1.7591799499999965
1,92,M092,DECK_LONG,0.030821292031565174,BAJO,-63.40611615,5.277539850000004
1,93,M093,ARCH,0.04232894727962634,BAJO,-63.40611615,5.277539850000004
1,94,M094,DECK_LONG,0.028066635489920017,BAJO,-66.92447605000001,8.795899750000011
1,95,M095,ARCH,0.04534189901441037,BAJO,-66.92447605000001,8.795899750000011
1,96,M096,DECK_LONG,0.02640832743837765,BAJO,-70.44283595,12.314259650000004
1,97,M097,ARCH,0.04277263399889673,BAJO,-70.44283595,12.314259650000004
1,98,M098,DECK_LONG,0.02970936836817486,BAJO,-73.96119585,12.314259650000011
1,99,M099,ARCH,0.040936606784317695,BAJO,-73.96119585,12.314259650000011
1,100,M100,DECK_LONG,0.028973473470208223,BAJO,-77.47955575,8.795899750000004
1,101,M101,ARCH,0.039743280386106646,BAJO,-77.47955575,8.795899750000004
1,102,M102,DECK_LONG,0.029199118766745955,BAJO,-80.99791565000001,5.277539849999997
1,103,M103,ARCH,0.04720186732728091,BAJO,-80.99791565000001,5.277539849999997
1,104,M104,DECK_LONG,0.032388779542693244,BAJO,-84.51627555000002,1.7591799499999894
1,105,M105,ARCH,0.052495885124961436,BAJO,-84.51627555000002,1.7591799499999894
1,106,M106,DECK_LONG,0.03663196318429004,BAJO,-87.97521331250002,1.6997578125000103
1,107,M107,ARCH,0.05041826606890655,BAJO,-87.97521331250002,1.6997578125000103
1,108,M108,DECK_LONG,0.030286093239199247,BAJO,-91.37472893750001,5.099273437500003
1,109,M109,ARCH,0.04887068823572162,BAJO,-91.37472893750001,5.099273437500003
1,110,M110,DECK_LONG,0.027498732354709426,BAJO,-94.7742445625,8.498789062499995
1,111,M111,ARCH,0.044482428370599306,BAJO,-94.7742445625,8.498789062499995
1,112,M112,DECK_LONG,0.025812058688407493,BAJO,-98.1737601875,11.898304687499987
1,113,M113,ARCH,0.04186644467194122,BAJO,-98.1737601875,11.898304687499987
1,114,M114,DECK_LONG,0.029116716721179388,BAJO,-101.57327581250001,11.898304687499987
1,115,M115,ARCH,0.04002840563756332,BAJO,-101.57327581250001,11.898304687499987
1,116,M116,DECK_LONG,0.028407781358170892,BAJO,-104.9727914375,8.498789062499995
1,117,M117,ARCH,0.045868173802705206,BAJO,-104.9727914375,8.498789062499995
1,118,M118,DECK_LONG,0.0286567780965841,BAJO,-108.3723070625,5.099273437500003
1,119,M119,ARCH,0.046386976128076574,BAJO,-108.3723070625,5.099273437500003
1,120,M120,DECK_LONG,0.03735459675241717,BAJO,-111.77182268749999,1.6997578125000103
1,121,M121,ARCH,0.05151984163007593,BAJO,-111.77182268749999,1.6997578125000103
1,122,M122,SPANDREL,0.05555385000000001,BAJO,-36.0606976,0.0
1,123,M123,SPANDREL,0.04070357911176231,BAJO,-38.8191824375,2.7584848374999993
1,124,M124,SPANDREL,0.03933537868195255,BAJO,-41.577667274999996,5.516969674999999
1,125,M125,SPANDREL,0.040016802031373436,BAJO,-44.3361521125,8.275454512500005
1,126,M126,SPANDREL,0.03550466396486277,BAJO,-47.094636949999995,11.033939349999997
1,127,M127,SPANDREL,0.0383672544667214,BAJO,-49.8531217875,8.275454512499998
1,128,M128,SPANDREL,0.04232690424514311,BAJO,-52.611606625,5.516969674999999
1,129,M129,SPANDREL,0.042104735019224,BAJO,-55.3700914625,2.7584848374999993
1,130,M130,SPANDREL,0.054950940000000004,BAJO,-58.1285763,0.0
1,131,M131,SPANDREL,0.04567929005862904,BAJO,-61.6469362,3.5183599
1,132,M132,SPANDREL,0.0378578822579616,BAJO,-65.1652961,7.036719800000007
1,133,M133,SPANDREL,0.03900473455824138,BAJO,-68.683656,10.5550797
1,134,M134,SPANDREL,0.034832842783827055,BAJO,-72.2020159,14.0734396
1,135,M135,SPANDREL,0.03737953728498133,BAJO,-75.7203758,10.555079700000007
1,136,M136,SPANDREL,0.04077002704703557,BAJO,-79.2387357,7.0367198
1,137,M137,SPANDREL,0.04019777525159357,BAJO,-82.75709560000001,3.518359899999993
1,138,M138,SPANDREL,0.054348030000000006,BAJO,-86.2754555,0.0
1,139,M139,SPANDREL,0.045428899253517785,BAJO,-89.67497112500001,3.3995156250000065
1,140,M140,SPANDREL,0.0375516765488088,BAJO,-93.07448675,6.799031249999999
1,141,M141,SPANDREL,0.03864749231148364,BAJO,-96.474002375,10.198546874999991
1,142,M142,SPANDREL,0.03443962637324353,BAJO,-99.873518,13.598062499999997
1,143,M143,SPANDREL,0.03701959481942427,BAJO,-103.27303362500001,10.198546874999991
1,144,M144,SPANDREL,0.04047374409482538,BAJO,-106.67254925,6.799031249999999
1,145,M145,SPANDREL,0.0399203051823577,BAJO,-110.072064875,3.3995156250000065
1,146,M146,SPANDREL,0.05374512000000001,BAJO,-113.4715805,0.0
1,147,M147,DECK_CROSS,0.038817225000000004,BAJO,-36.0606976,0.0
1,148,M148,DECK_CROSS,0.02851670716208977,BAJO,-38.8191824375,2.7584848374999993
1,149,M149,DECK_CROSS,0.027513934338435474,BAJO,-41.577667274999996,5.516969674999999
1,150,M150,DECK_CROSS,0.02795066706771503,BAJO,-44.3361521125,8.275454512500005
1,151,M151,DECK_CROSS,0.02486309532380215,BAJO,-47.094636949999995,11.033939349999997
1,152,M152,DECK_CROSS,0.026825975546361368,BAJO,-49.8531217875,8.275454512499998
1,153,M153,DECK_CROSS,0.02517047620866337,BAJO,-52.611606625,5.516969674999999
1,154,M154,DECK_CROSS,0.02947204073535911,BAJO,-55.3700914625,2.7584848374999993
1,155,M155,DECK_CROSS,0.03840615,BAJO,-58.1285763,0.0
1,156,M156,DECK_CROSS,0.027223011247061748,BAJO,-61.6469362,3.5183599
1,157,M157,DECK_CROSS,0.026488125475087696,BAJO,-65.1652961,7.036719800000007
1,158,M158,DECK_CROSS,0.0272507825617343,BAJO,-68.683656,10.5550797
1,159,M159,DECK_CROSS,0.024400341302494046,BAJO,-72.2020159,14.0734396
1,160,M160,DECK_CROSS,0.026142693511784262,BAJO,-75.7203758,10.555079700000007
1,161,M161,DECK_CROSS,0.0284736787403654,BAJO,-79.2387357,7.0367198
1,162,M162,DECK_CROSS,0.028145825187640125,BAJO,-82.75709560000001,3.518359899999993
1,163,M163,DECK_CROSS,0.03799507500000001,BAJO,-86.2754555,0.0
1,164,M164,DECK_CROSS,0.02703291534921156,BAJO,-89.67497112500001,3.3995156250000065
1,165,M165,DECK_CROSS,0.02628165200962687,BAJO,-93.07448675,6.799031249999999
1,166,M166,DECK_CROSS,0.027008299300075967,BAJO,-96.474002375,10.198546874999991
1,167,M167,DECK_CROSS,0.024132698644241463,BAJO,-99.873518,13.598062499999997
1,168,M168,DECK_CROSS,0.025898369191853662,BAJO,-103.27303362500001,10.198546874999991
1,169,M169,DECK_CROSS,0.028273970791001815,BAJO,-106.67254925,6.799031249999999
1,170,M170,DECK_CROSS,0.0279602880884641,BAJO,-110.072064875,3.3995156250000065
1,171,M171,DECK_CROSS,0.037584000000000006,BAJO,-113.4715805,0.0
2,1,M001,DECK_LONG,0.06959925305522424,BAJO,-37.439940018749994,1.379242418749996
2,2,M002,ARCH,0.11251074852752008,BAJO,-37.439940018749994,1.379242418749996
2,3,M003,DECK_LONG,0.05767720148656257,BAJO,-40.19842485625,4.1377272562500025
2,4,M004,ARCH,0.0934834774980246,BAJO,-40.19842485625,4.1377272562500025
2,5,M005,DECK_LONG,0.06099741135019444,BAJO,-42.95690969375,6.896212093750002
2,6,M006,ARCH,0.0839535598869446,BAJO,-42.95690969375,6.896212093750002
2,7,M007,DECK_LONG,0.056978027082787215,BAJO,-45.71539453125,9.654696931250001
2,8,M008,ARCH,0.09194171647881445,BAJO,-45.71539453125,9.654696931250001
2,9,M009,DECK_LONG,0.05454383921690864,BAJO,-48.47387936875,9.654696931250001
2,10,M010,ARCH,0.08823106424424347,BAJO,-48.47387936875,9.654696931250001
2,11,M011,DECK_LONG,0.05350000570624035,BAJO,-51.23236420625,6.896212093750002
2,12,M012,ARCH,0.08677552828650575,BAJO,-51.23236420625,6.896212093750002
2,13,M013,DECK_LONG,0.06428296644314326,BAJO,-53.99084904375,4.137727256249995
2,14,M014,ARCH,0.08837344818141234,BAJO,-53.99084904375,4.137727256249995
2,15,M015,DECK_LONG,0.07107766856129923,BAJO,-56.749333881249996,1.3792424187500032
2,16,M016,ARCH,0.11476443070141486,BAJO,-56.749333881249996,1.3792424187500032
2,17,M017,DECK_LONG,0.06621706039839505,BAJO,-59.887756249999995,1.7591799499999965
2,18,M018,ARCH,0.10718613200755786,BAJO,-59.887756249999995,1.7591799499999965
2,19,M019,DECK_LONG,0.06412355493873621,BAJO,-63.40611615,5.277539850000004
2,20,M020,ARCH,0.08843986235743234,BAJO,-63.40611615,5.277539850000004
2,21,M021,DECK_LONG,0.05849104972858937,BAJO,-66.92447605000001,8.795899750000011
2,22,M022,ARCH,0.08031598575418422,BAJO,-66.92447605000001,8.795899750000011
2,23,M023,DECK_LONG,0.055136305259856036,BAJO,-70.44283595,12.314259650000004
2,24,M024,ARCH,0.08908132041105678,BAJO,-70.44283595,12.314259650000004
2,25,M025,DECK_LONG,0.05272743755432835,BAJO,-73.96119585,12.314259650000011
2,26,M026,ARCH,0.08540926598189873,BAJO,-73.96119585,12.314259650000011
2,27,M027,DECK_LONG,0.06030472568916579,BAJO,-77.47955575,8.795899750000004
2,28,M028,ARCH,0.08308073569408729,BAJO,-77.47955575,8.795899750000004
2,29,M029,DECK_LONG,0.06087920840909776,BAJO,-80.99791565000001,5.277539849999997
2,30,M030,ARCH,0.09818570245274151,BAJO,-80.99791565000001,5.277539849999997
2,31,M031,DECK_LONG,0.06765656171140366,BAJO,-84.51627555000002,1.7591799499999894
2,32,M032,ARCH,0.10938049376519295,BAJO,-84.51627555000002,1.7591799499999894
2,33,M033,DECK_LONG,0.0649258467363441,BAJO,-87.97521331250002,1.6997578125000103
2,34,M034,ARCH,0.10524283438249064,BAJO,-87.97521331250002,1.6997578125000103
2,35,M035,DECK_LONG,0.06306408022592754,BAJO,-91.37472893750001,5.099273437500003
2,36,M036,ARCH,0.08678382305536216,BAJO,-91.37472893750001,5.099273437500003
2,37,M037,DECK_LONG,0.05736099211841867,BAJO,-94.7742445625,8.498789062499995
2,38,M038,ARCH,0.09256779486467394,BAJO,-94.7742445625,8.498789062499995
2,39,M039,DECK_LONG,0.05394630950795199,BAJO,-98.1737601875,11.898304687499987
2,40,M040,ARCH,0.08727281637305472,BAJO,-98.1737601875,11.898304687499987
2,41,M041,DECK_LONG,0.05153480229484818,BAJO,-101.57327581250001,11.898304687499987
2,42,M042,ARCH,0.0835967383042989,BAJO,-101.57327581250001,11.898304687499987
2,43,M043,DECK_LONG,0.05917909012534161,BAJO,-104.9727914375,8.498789062499995
2,44,M044,ARCH,0.08134325686461617,BAJO,-104.9727914375,8.498789062499995
2,45,M045,DECK_LONG,0.059805449940697246,BAJO,-108.3723070625,5.099273437500003
2,46,M046,ARCH,0.09657257077372793,BAJO,-108.3723070625,5.099273437500003
2,47,M047,DECK_LONG,0.06637111387259835,BAJO,-111.77182268749999,1.6997578125000103
2,48,M048,ARCH,0.10744598550482941,BAJO,-111.77182268749999,1.6997578125000103
2,49,M049,SPANDREL,0.11558646000000002,BAJO,-36.0606976,0.0
2,50,M050,SPANDREL,0.08505016358292503,BAJO,-38.8191824375,2.7584848374999993
2,51,M051,SPANDREL,0.08198053032743507,BAJO,-41.577667274999996,5.516969674999999
2,52,M052,SPANDREL,0.07086945092579112,BAJO,-44.3361521125,8.275454512500005
2,53,M053,SPANDREL,0.07413325775404513,BAJO,-47.094636949999995,11.033939349999997
2,54,M054,SPANDREL,0.07991141535425413,BAJO,-49.8531217875,8.275454512499998
2,55,M055,SPANDREL,0.07510638648010357,BAJO,-52.611606625,5.516969674999999
2,56,M056,SPANDREL,0.08785247539784842,BAJO,-55.3700914625,2.7584848374999993
2,57,M057,SPANDREL,0.11438064,BAJO,-58.1285763,0.0
2,58,M058,SPANDREL,0.08120762677089607,BAJO,-61.6469362,3.5183599
2,59,M059,SPANDREL,0.0789377119421327,BAJO,-65.1652961,7.036719800000007
2,60,M060,SPANDREL,0.08113947867979844,BAJO,-68.683656,10.5550797
2,61,M061,SPANDREL,0.07276724006210447,BAJO,-72.2020159,14.0734396
2,62,M062,SPANDREL,0.07788908413327833,BAJO,-75.7203758,10.555079700000007
2,63,M063,SPANDREL,0.07224597498000529,BAJO,-79.2387357,7.0367198
2,64,M064,SPANDREL,0.0839145476632593,BAJO,-82.75709560000001,3.518359899999993
2,65,M065,SPANDREL,0.11317482000000002,BAJO,-86.2754555,0.0
2,66,M066,SPANDREL,0.08065669837525764,BAJO,-89.67497112500001,3.3995156250000065
2,67,M067,SPANDREL,0.07833627889321042,BAJO,-93.07448675,6.799031249999999
2,68,M068,SPANDREL,0.08043019460767423,BAJO,-96.474002375,10.198546874999991
2,69,M069,SPANDREL,0.07198299723766326,BAJO,-99.873518,13.598062499999997
2,70,M070,SPANDREL,0.07717439962355548,BAJO,-103.27303362500001,10.198546874999991
2,71,M071,SPANDREL,0.07162174070236382,BAJO,-106.67254925,6.799031249999999
2,72,M072,SPANDREL,0.08337699174373175,BAJO,-110.072064875,3.3995156250000065
2,73,M073,SPANDREL,0.11196900000000001,BAJO,-113.4715805,0.0
2,74,M074,DECK_LONG,0.06664242204307419,BAJO,-37.439940018749994,1.379242418749996
2,75,M075,ARCH,0.10800338417973038,BAJO,-37.439940018749994,1.379242418749996
2,76,M076,DECK_LONG,0.06507171449766033,BAJO,-40.19842485625,4.1377272562500025
2,77,M077,ARCH,0.08957580802061521,BAJO,-40.19842485625,4.1377272562500025
2,78,M078,DECK_LONG,0.05859083669904867,BAJO,-42.95690969375,6.896212093750002
2,79,M079,ARCH,0.09453594138529896,BAJO,-42.95690969375,6.896212093750002
2,80,M080,DECK_LONG,0.05463399432305229,BAJO,-45.71539453125,9.654696931250001
2,81,M081,ARCH,0.08836849580848682,BAJO,-45.71539453125,9.654696931250001
2,82,M082,DECK_LONG,0.052199806457173724,BAJO,-48.47387936875,9.654696931250001
2,83,M083,ARCH,0.08465784357391586,BAJO,-48.47387936875,9.654696931250001
2,84,M084,DECK_LONG,0.0604420479691608,BAJO,-51.23236420625,6.896212093750002
2,85,M085,ARCH,0.08310696936707625,BAJO,-51.23236420625,6.896212093750002
2,86,M086,DECK_LONG,0.061719535265962695,BAJO,-53.99084904375,4.137727256249995
2,87,M087,ARCH,0.09964557167393942,BAJO,-53.99084904375,4.137727256249995
2,88,M088,DECK_LONG,0.06812083754914917,BAJO,-56.749333881249996,1.3792424187500032
2,89,M089,ARCH,0.11025706635362514,BAJO,-56.749333881249996,1.3792424187500032
2,90,M090,DECK_LONG,0.07452187566575229,BAJO,-59.887756249999995,1.7591799499999965
2,91,M091,ARCH,0.10279740849228779,BAJO,-59.887756249999995,1.7591799499999965
2,92,M092,DECK_LONG,0.06164258406313035,BAJO,-63.40611615,5.277539850000004
2,93,M093,ARCH,0.08465789455925268,BAJO,-63.40611615,5.277539850000004
2,94,M094,DECK_LONG,0.056133270979840034,BAJO,-66.92447605000001,8.795899750000011
2,95,M095,ARCH,0.09068379802882073,BAJO,-66.92447605000001,8.795899750000011
2,96,M096,DECK_LONG,0.0528166548767553,BAJO,-70.44283595,12.314259650000004
2,97,M097,ARCH,0.08554526799779345,BAJO,-70.44283595,12.314259650000004
2,98,M098,DECK_LONG,0.05941873673634972,BAJO,-73.96119585,12.314259650000011
2,99,M099,ARCH,0.08187321356863539,BAJO,-73.96119585,12.314259650000011
2,100,M100,DECK_LONG,0.057946946940416445,BAJO,-77.47955575,8.795899750000004
2,101,M101,ARCH,0.07948656077221329,BAJO,-77.47955575,8.795899750000004
2,102,M102,DECK_LONG,0.05839823753349191,BAJO,-80.99791565000001,5.277539849999997
2,103,M103,ARCH,0.09440373465456182,BAJO,-80.99791565000001,5.277539849999997
2,104,M104,DECK_LONG,0.06477755908538649,BAJO,-84.51627555000002,1.7591799499999894
2,105,M105,ARCH,0.10499177024992287,BAJO,-84.51627555000002,1.7591799499999894
2,106,M106,DECK_LONG,0.07326392636858008,BAJO,-87.97521331250002,1.6997578125000103
2,107,M107,ARCH,0.1008365321378131,BAJO,-87.97521331250002,1.6997578125000103
2,108,M108,DECK_LONG,0.060572186478398495,BAJO,-91.37472893750001,5.099273437500003
2,109,M109,ARCH,0.09774137647144324,BAJO,-91.37472893750001,5.099273437500003
2,110,M110,DECK_LONG,0.05499746470941885,BAJO,-94.7742445625,8.498789062499995
2,111,M111,ARCH,0.08896485674119861,BAJO,-94.7742445625,8.498789062499995
2,112,M112,DECK_LONG,0.051624117376814986,BAJO,-98.1737601875,11.898304687499987
2,113,M113,ARCH,0.08373288934388244,BAJO,-98.1737601875,11.898304687499987
2,114,M114,DECK_LONG,0.058233433442358776,BAJO,-101.57327581250001,11.898304687499987
2,115,M115,ARCH,0.08005681127512664,BAJO,-101.57327581250001,11.898304687499987
2,116,M116,DECK_LONG,0.056815562716341785,BAJO,-104.9727914375,8.498789062499995
2,117,M117,ARCH,0.09173634760541041,BAJO,-104.9727914375,8.498789062499995
2,118,M118,DECK_LONG,0.0573135561931682,BAJO,-108.3723070625,5.099273437500003
2,119,M119,ARCH,0.09277395225615315,BAJO,-108.3723070625,5.099273437500003
2,120,M120,DECK_LONG,0.07470919350483433,BAJO,-111.77182268749999,1.6997578125000103
2,121,M121,ARCH,0.10303968326015187,BAJO,-111.77182268749999,1.6997578125000103
2,122,M122,SPANDREL,0.11110770000000002,BAJO,-36.0606976,0.0
2,123,M123,SPANDREL,0.08140715822352462,BAJO,-38.8191824375,2.7584848374999993
2,124,M124,SPANDREL,0.0786707573639051,BAJO,-41.577667274999996,5.516969674999999
2,125,M125,SPANDREL,0.08003360406274687,BAJO,-44.3361521125,8.275454512500005
2,126,M126,SPANDREL,0.07100932792972554,BAJO,-47.094636949999995,11.033939349999997
2,127,M127,SPANDREL,0.0767345089334428,BAJO,-49.8531217875,8.275454512499998
2,128,M128,SPANDREL,0.08465380849028623,BAJO,-52.611606625,5.516969674999999
2,129,M129,SPANDREL,0.084209470038448,BAJO,-55.3700914625,2.7584848374999993
2,130,M130,SPANDREL,0.10990188000000001,BAJO,-58.1285763,0.0
2,131,M131,SPANDREL,0.09135858011725809,BAJO,-61.6469362,3.5183599
2,132,M132,SPANDREL,0.0757157645159232,BAJO,-65.1652961,7.036719800000007
2,133,M133,SPANDREL,0.07800946911648277,BAJO,-68.683656,10.5550797
2,134,M134,SPANDREL,0.06966568556765411,BAJO,-72.2020159,14.0734396
2,135,M135,SPANDREL,0.07475907456996266,BAJO,-75.7203758,10.555079700000007
2,136,M136,SPANDREL,0.08154005409407114,BAJO,-79.2387357,7.0367198
2,137,M137,SPANDREL,0.08039555050318714,BAJO,-82.75709560000001,3.518359899999993
2,138,M138,SPANDREL,0.10869606000000001,BAJO,-86.2754555,0.0
2,139,M139,SPANDREL,0.09085779850703557,BAJO,-89.67497112500001,3.3995156250000065
2,140,M140,SPANDREL,0.0751033530976176,BAJO,-93.07448675,6.799031249999999
2,141,M141,SPANDREL,0.07729498462296729,BAJO,-96.474002375,10.198546874999991
2,142,M142,SPANDREL,0.06887925274648705,BAJO,-99.873518,13.598062499999997
2,143,M143,SPANDREL,0.07403918963884853,BAJO,-103.27303362500001,10.198546874999991
2,144,M144,SPANDREL,0.08094748818965077,BAJO,-106.67254925,6.799031249999999
2,145,M145,SPANDREL,0.0798406103647154,BAJO,-110.072064875,3.3995156250000065
2,146,M146,SPANDREL,0.10749024000000001,BAJO,-113.4715805,0.0
2,147,M147,DECK_CROSS,0.07763445000000001,BAJO,-36.0606976,0.0
2,148,M148,DECK_CROSS,0.05703341432417954,BAJO,-38.8191824375,2.7584848374999993
2,149,M149,DECK_CROSS,0.05502786867687095,BAJO,-41.577667274999996,5.516969674999999
2,150,M150,DECK_CROSS,0.05590133413543006,BAJO,-44.3361521125,8.275454512500005
2,151,M151,DECK_CROSS,0.0497261906476043,BAJO,-47.094636949999995,11.033939349999997
2,152,M152,DECK_CROSS,0.053651951092722736,BAJO,-49.8531217875,8.275454512499998
2,153,M153,DECK_CROSS,0.05034095241732674,BAJO,-52.611606625,5.516969674999999
2,154,M154,DECK_CROSS,0.05894408147071822,BAJO,-55.3700914625,2.7584848374999993
2,155,M155,DECK_CROSS,0.0768123,BAJO,-58.1285763,0.0
2,156,M156,DECK_CROSS,0.054446022494123496,BAJO,-61.6469362,3.5183599
2,157,M157,DECK_CROSS,0.05297625095017539,BAJO,-65.1652961,7.036719800000007
2,158,M158,DECK_CROSS,0.0545015651234686,BAJO,-68.683656,10.5550797
2,159,M159,DECK_CROSS,0.04880068260498809,BAJO,-72.2020159,14.0734396
2,160,M160,DECK_CROSS,0.052285387023568525,BAJO,-75.7203758,10.555079700000007
2,161,M161,DECK_CROSS,0.0569473574807308,BAJO,-79.2387357,7.0367198
2,162,M162,DECK_CROSS,0.05629165037528025,BAJO,-82.75709560000001,3.518359899999993
2,163,M163,DECK_CROSS,0.07599015000000002,BAJO,-86.2754555,0.0
2,164,M164,DECK_CROSS,0.05406583069842312,BAJO,-89.67497112500001,3.3995156250000065
2,165,M165,DECK_CROSS,0.05256330401925374,BAJO,-93.07448675,6.799031249999999
2,166,M166,DECK_CROSS,0.054016598600151934,BAJO,-96.474002375,10.198546874999991
2,167,M167,DECK_CROSS,0.04826539728848293,BAJO,-99.873518,13.598062499999997
2,168,M168,DECK_CROSS,0.051796738383707325,BAJO,-103.27303362500001,10.198546874999991
2,169,M169,DECK_CROSS,0.05654794158200363,BAJO,-106.67254925,6.799031249999999
2,170,M170,DECK_CROSS,0.0559205761769282,BAJO,-110.072064875,3.3995156250000065
2,171,M171,DECK_CROSS,0.07516800000000001,BAJO,-113.4715805,0.0
3,1,M001,DECK_LONG,0.10439887958283638,BAJO,-37.439940018749994,1.379242418749996
3,2,M002,ARCH,0.1687661227912801,BAJO,-37.439940018749994,1.379242418749996
3,3,M003,DECK_LONG,0.08651580222984384,BAJO,-40.19842485625,4.1377272562500025
3,4,M004,ARCH,0.1402252162470369,BAJO,-40.19842485625,4.1377272562500025
3,5,M005,DECK_LONG,0.09149611702529166,BAJO,-42.95690969375,6.896212093750002
3,6,M006,ARCH,0.12593033983041688,BAJO,-42.95690969375,6.896212093750002
3,7,M007,DECK_LONG,0.0854670406241808,BAJO,-45.71539453125,9.654696931250001
3,8,M008,ARCH,0.13791257471822166,BAJO,-45.71539453125,9.654696931250001
3,9,M009,DECK_LONG,0.08181575882536295,BAJO,-48.47387936875,9.654696931250001
3,10,M010,ARCH,0.1323465963663652,BAJO,-48.47387936875,9.654696931250001
3,11,M011,DECK_LONG,0.08025000855936051,BAJO,-51.23236420625,6.896212093750002
3,12,M012,ARCH,0.1301632924297586,BAJO,-51.23236420625,6.896212093750002
3,13,M013,DECK_LONG,0.09642444966471489,BAJO,-53.99084904375,4.137727256249995
3,14,M014,ARCH,0.13256017227211853,BAJO,-53.99084904375,4.137727256249995
3,15,M015,DECK_LONG,0.10661650284194883,BAJO,-56.749333881249996,1.3792424187500032
3,16,M016,ARCH,0.1721466460521223,BAJO,-56.749333881249996,1.3792424187500032
3,17,M017,DECK_LONG,0.09932559059759259,BAJO,-59.887756249999995,1.7591799499999965
3,18,M018,ARCH,0.1607791980113368,BAJO,-59.887756249999995,1.7591799499999965
3,19,M019,DECK_LONG,0.09618533240810433,BAJO,-63.40611615,5.277539850000004
3,20,M020,ARCH,0.1326597935361485,BAJO,-63.40611615,5.277539850000004
3,21,M021,DECK_LONG,0.08773657459288406,BAJO,-66.92447605000001,8.795899750000011
3,22,M022,ARCH,0.12047397863127633,BAJO,-66.92447605000001,8.795899750000011
3,23,M023,DECK_LONG,0.08270445788978405,BAJO,-70.44283595,12.314259650000004
3,24,M024,ARCH,0.13362198061658517,BAJO,-70.44283595,12.314259650000004
3,25,M025,DECK_LONG,0.07909115633149251,BAJO,-73.96119585,12.314259650000011
3,26,M026,ARCH,0.12811389897284808,BAJO,-73.96119585,12.314259650000011
3,27,M027,DECK_LONG,0.09045708853374868,BAJO,-77.47955575,8.795899750000004
3,28,M028,ARCH,0.12462110354113093,BAJO,-77.47955575,8.795899750000004
3,29,M029,DECK_LONG,0.09131881261364665,BAJO,-80.99791565000001,5.277539849999997
3,30,M030,ARCH,0.14727855367911225,BAJO,-80.99791565000001,5.277539849999997
3,31,M031,DECK_LONG,0.1014848425671055,BAJO,-84.51627555000002,1.7591799499999894
3,32,M032,ARCH,0.1640707406477894,BAJO,-84.51627555000002,1.7591799499999894
3,33,M033,DECK_LONG,0.09738877010451617,BAJO,-87.97521331250002,1.6997578125000103
3,34,M034,ARCH,0.157864251573736,BAJO,-87.97521331250002,1.6997578125000103
3,35,M035,DECK_LONG,0.09459612033889131,BAJO,-91.37472893750001,5.099273437500003
3,36,M036,ARCH,0.13017573458304324,BAJO,-91.37472893750001,5.099273437500003
3,37,M037,DECK_LONG,0.08604148817762802,BAJO,-94.7742445625,8.498789062499995
3,38,M038,ARCH,0.13885169229701091,BAJO,-94.7742445625,8.498789062499995
3,39,M039,DECK_LONG,0.08091946426192799,BAJO,-98.1737601875,11.898304687499987
3,40,M040,ARCH,0.13090922455958207,BAJO,-98.1737601875,11.898304687499987
3,41,M041,DECK_LONG,0.07730220344227227,BAJO,-101.57327581250001,11.898304687499987
3,42,M042,ARCH,0.12539510745644833,BAJO,-101.57327581250001,11.898304687499987
3,43,M043,DECK_LONG,0.08876863518801242,BAJO,-104.9727914375,8.498789062499995
3,44,M044,ARCH,0.12201488529692428,BAJO,-104.9727914375,8.498789062499995
3,45,M045,DECK_LONG,0.08970817491104587,BAJO,-108.3723070625,5.099273437500003
3,46,M046,ARCH,0.1448588561605919,BAJO,-108.3723070625,5.099273437500003
3,47,M047,DECK_LONG,0.09955667080889753,BAJO,-111.77182268749999,1.6997578125000103
3,48,M048,ARCH,0.16116897825724413,BAJO,-111.77182268749999,1.6997578125000103
3,49,M049,SPANDREL,0.17337969000000003,BAJO,-36.0606976,0.0
3,50,M050,SPANDREL,0.12757524537438755,BAJO,-38.8191824375,2.7584848374999993
3,51,M051,SPANDREL,0.1229707954911526,BAJO,-41.577667274999996,5.516969674999999
3,52,M052,SPANDREL,0.10630417638868668,BAJO,-44.3361521125,8.275454512500005
3,53,M053,SPANDREL,0.11119988663106768,BAJO,-47.094636949999995,11.033939349999997
3,54,M054,SPANDREL,0.11986712303138118,BAJO,-49.8531217875,8.275454512499998
3,55,M055,SPANDREL,0.11265957972015535,BAJO,-52.611606625,5.516969674999999
3,56,M056,SPANDREL,0.13177871309677264,BAJO,-55.3700914625,2.7584848374999993
3,57,M057,SPANDREL,0.17157096000000002,BAJO,-58.1285763,0.0
3,58,M058,SPANDREL,0.12181144015634411,BAJO,-61.6469362,3.5183599
3,59,M059,SPANDREL,0.11840656791319906,BAJO,-65.1652961,7.036719800000007
3,60,M060,SPANDREL,0.12170921801969767,BAJO,-68.683656,10.5550797
3,61,M061,SPANDREL,0.10915086009315672,BAJO,-72.2020159,14.0734396
3,62,M062,SPANDREL,0.11683362619991751,BAJO,-75.7203758,10.555079700000007
3,63,M063,SPANDREL,0.10836896247000793,BAJO,-79.2387357,7.0367198
3,64,M064,SPANDREL,0.12587182149488896,BAJO,-82.75709560000001,3.518359899999993
3,65,M065,SPANDREL,0.16976223000000004,BAJO,-86.2754555,0.0
3,66,M066,SPANDREL,0.12098504756288646,BAJO,-89.67497112500001,3.3995156250000065
3,67,M067,SPANDREL,0.11750441833981563,BAJO,-93.07448675,6.799031249999999
3,68,M068,SPANDREL,0.12064529191151137,BAJO,-96.474002375,10.198546874999991
3,69,M069,SPANDREL,0.10797449585649486,BAJO,-99.873518,13.598062499999997
3,70,M070,SPANDREL,0.11576159943533322,BAJO,-103.27303362500001,10.198546874999991
3,71,M071,SPANDREL,0.10743261105354573,BAJO,-106.67254925,6.799031249999999
3,72,M072,SPANDREL,0.12506548761559763,BAJO,-110.072064875,3.3995156250000065
3,73,M073,SPANDREL,0.16795350000000003,BAJO,-113.4715805,0.0
3,74,M074,DECK_LONG,0.09996363306461128,BAJO,-37.439940018749994,1.379242418749996
3,75,M075,ARCH,0.1620050762695955,BAJO,-37.439940018749994,1.379242418749996
3,76,M076,DECK_LONG,0.09760757174649048,BAJO,-40.19842485625,4.1377272562500025
3,77,M077,ARCH,0.13436371203092282,BAJO,-40.19842485625,4.1377272562500025
3,78,M078,DECK_LONG,0.087886255048573,BAJO,-42.95690969375,6.896212093750002
3,79,M079,ARCH,0.1418039120779484,BAJO,-42.95690969375,6.896212093750002
3,80,M080,DECK_LONG,0.08195099148457842,BAJO,-45.71539453125,9.654696931250001
3,81,M081,ARCH,0.13255274371273024,BAJO,-45.71539453125,9.654696931250001
3,82,M082,DECK_LONG,0.07829970968576057,BAJO,-48.47387936875,9.654696931250001
3,83,M083,ARCH,0.12698676536087378,BAJO,-48.47387936875,9.654696931250001
3,84,M084,DECK_LONG,0.0906630719537412,BAJO,-51.23236420625,6.896212093750002
3,85,M085,ARCH,0.12466045405061435,BAJO,-51.23236420625,6.896212093750002
3,86,M086,DECK_LONG,0.09257930289894403,BAJO,-53.99084904375,4.137727256249995
3,87,M087,ARCH,0.14946835751090912,BAJO,-53.99084904375,4.137727256249995
3,88,M088,DECK_LONG,0.10218125632372377,BAJO,-56.749333881249996,1.3792424187500032
3,89,M089,ARCH,0.16538559953043772,BAJO,-56.749333881249996,1.3792424187500032
3,90,M090,DECK_LONG,0.11178281349862844,BAJO,-59.887756249999995,1.7591799499999965
3,91,M091,ARCH,0.1541961127384317,BAJO,-59.887756249999995,1.7591799499999965
3,92,M092,DECK_LONG,0.09246387609469552,BAJO,-63.40611615,5.277539850000004
3,93,M093,ARCH,0.126986841838879,BAJO,-63.40611615,5.277539850000004
3,94,M094,DECK_LONG,0.08419990646976004,BAJO,-66.92447605000001,8.795899750000011
3,95,M095,ARCH,0.13602569704323111,BAJO,-66.92447605000001,8.795899750000011
3,96,M096,DECK_LONG,0.07922498231513295,BAJO,-70.44283595,12.314259650000004
3,97,M097,ARCH,0.12831790199669016,BAJO,-70.44283595,12.314259650000004
3,98,M098,DECK_LONG,0.08912810510452457,BAJO,-73.96119585,12.314259650000011
3,99,M099,ARCH,0.12280982035295308,BAJO,-73.96119585,12.314259650000011
3,100,M100,DECK_LONG,0.08692042041062466,BAJO,-77.47955575,8.795899750000004
3,101,M101,ARCH,0.11922984115831994,BAJO,-77.47955575,8.795899750000004
3,102,M102,DECK_LONG,0.08759735630023786,BAJO,-80.99791565000001,5.277539849999997
3,103,M103,ARCH,0.14160560198184274,BAJO,-80.99791565000001,5.277539849999997
3,104,M104,DECK_LONG,0.09716633862807973,BAJO,-84.51627555000002,1.7591799499999894
3,105,M105,ARCH,0.1574876553748843,BAJO,-84.51627555000002,1.7591799499999894
3,106,M106,DECK_LONG,0.10989588955287014,BAJO,-87.97521331250002,1.6997578125000103
3,107,M107,ARCH,0.15125479820671967,BAJO,-87.97521331250002,1.6997578125000103
3,108,M108,DECK_LONG,0.09085827971759775,BAJO,-91.37472893750001,5.099273437500003
3,109,M109,ARCH,0.14661206470716487,BAJO,-91.37472893750001,5.099273437500003
3,110,M110,DECK_LONG,0.0824961970641283,BAJO,-94.7742445625,8.498789062499995
3,111,M111,ARCH,0.13344728511179793,BAJO,-94.7742445625,8.498789062499995
3,112,M112,DECK_LONG,0.07743617606522249,BAJO,-98.1737601875,11.898304687499987
3,113,M113,ARCH,0.12559933401582365,BAJO,-98.1737601875,11.898304687499987
3,114,M114,DECK_LONG,0.08735015016353817,BAJO,-101.57327581250001,11.898304687499987
3,115,M115,ARCH,0.12008521691268995,BAJO,-101.57327581250001,11.898304687499987
3,116,M116,DECK_LONG,0.0852233440745127,BAJO,-104.9727914375,8.498789062499995
3,117,M117,ARCH,0.13760452140811563,BAJO,-104.9727914375,8.498789062499995
3,118,M118,DECK_LONG,0.0859703342897523,BAJO,-108.3723070625,5.099273437500003
3,119,M119,ARCH,0.13916092838422972,BAJO,-108.3723070625,5.099273437500003
3,120,M120,DECK_LONG,0.11206379025725151,BAJO,-111.77182268749999,1.6997578125000103
3,121,M121,ARCH,0.1545595248902278,BAJO,-111.77182268749999,1.6997578125000103
3,122,M122,SPANDREL,0.16666155000000002,BAJO,-36.0606976,0.0
3,123,M123,SPANDREL,0.12211073733528693,BAJO,-38.8191824375,2.7584848374999993
3,124,M124,SPANDREL,0.11800613604585762,BAJO,-41.577667274999996,5.516969674999999
3,125,M125,SPANDREL,0.12005040609412031,BAJO,-44.3361521125,8.275454512500005
3,126,M126,SPANDREL,0.10651399189458832,BAJO,-47.094636949999995,11.033939349999997
3,127,M127,SPANDREL,0.11510176340016422,BAJO,-49.8531217875,8.275454512499998
3,128,M128,SPANDREL,0.12698071273542932,BAJO,-52.611606625,5.516969674999999
3,129,M129,SPANDREL,0.12631420505767202,BAJO,-55.3700914625,2.7584848374999993
3,130,M130,SPANDREL,0.16485282,BAJO,-58.1285763,0.0
3,131,M131,SPANDREL,0.13703787017588712,BAJO,-61.6469362,3.5183599
3,132,M132,SPANDREL,0.1135736467738848,BAJO,-65.1652961,7.036719800000007
3,133,M133,SPANDREL,0.11701420367472416,BAJO,-68.683656,10.5550797
3,134,M134,SPANDREL,0.10449852835148117,BAJO,-72.2020159,14.0734396
3,135,M135,SPANDREL,0.112138611854944,BAJO,-75.7203758,10.555079700000007
3,136,M136,SPANDREL,0.12231008114110671,BAJO,-79.2387357,7.0367198
3,137,M137,SPANDREL,0.12059332575478071,BAJO,-82.75709560000001,3.518359899999993
3,138,M138,SPANDREL,0.16304409000000003,BAJO,-86.2754555,0.0
3,139,M139,SPANDREL,0.13628669776055338,BAJO,-89.67497112500001,3.3995156250000065
3,140,M140,SPANDREL,0.11265502964642642,BAJO,-93.07448675,6.799031249999999
3,141,M141,SPANDREL,0.11594247693445094,BAJO,-96.474002375,10.198546874999991
3,142,M142,SPANDREL,0.10331887911973056,BAJO,-99.873518,13.598062499999997
3,143,M143,SPANDREL,0.11105878445827282,BAJO,-103.27303362500001,10.198546874999991
3,144,M144,SPANDREL,0.12142123228447617,BAJO,-106.67254925,6.799031249999999
3,145,M145,SPANDREL,0.1197609155470731,BAJO,-110.072064875,3.3995156250000065
3,146,M146,SPANDREL,0.16123536000000002,BAJO,-113.4715805,0.0
3,147,M147,DECK_CROSS,0.11645167500000002,BAJO,-36.0606976,0.0
3,148,M148,DECK_CROSS,0.08555012148626931,BAJO,-38.8191824375,2.7584848374999993
3,149,M149,DECK_CROSS,0.0825418030153064,BAJO,-41.577667274999996,5.516969674999999
3,150,M150,DECK_CROSS,0.0838520012031451,BAJO,-44.3361521125,8.275454512500005
3,151,M151,DECK_CROSS,0.07458928597140646,BAJO,-47.094636949999995,11.033939349999997
3,152,M152,DECK_CROSS,0.0804779266390841,BAJO,-49.8531217875,8.275454512499998
3,153,M153,DECK_CROSS,0.0755114286259901,BAJO,-52.611606625,5.516969674999999
3,154,M154,DECK_CROSS,0.08841612220607732,BAJO,-55.3700914625,2.7584848374999993
3,155,M155,DECK_CROSS,0.11521845000000001,BAJO,-58.1285763,0.0
3,156,M156,DECK_CROSS,0.08166903374118525,BAJO,-61.6469362,3.5183599
3,157,M157,DECK_CROSS,0.0794643764252631,BAJO,-65.1652961,7.036719800000007
3,158,M158,DECK_CROSS,0.08175234768520291,BAJO,-68.683656,10.5550797
3,159,M159,DECK_CROSS,0.07320102390748214,BAJO,-72.2020159,14.0734396
3,160,M160,DECK_CROSS,0.0784280805353528,BAJO,-75.7203758,10.555079700000007
3,161,M161,DECK_CROSS,0.08542103622109622,BAJO,-79.2387357,7.0367198
3,162,M162,DECK_CROSS,0.08443747556292037,BAJO,-82.75709560000001,3.518359899999993
3,163,M163,DECK_CROSS,0.11398522500000002,BAJO,-86.2754555,0.0
3,164,M164,DECK_CROSS,0.08109874604763469,BAJO,-89.67497112500001,3.3995156250000065
3,165,M165,DECK_CROSS,0.07884495602888061,BAJO,-93.07448675,6.799031249999999
3,166,M166,DECK_CROSS,0.0810248979002279,BAJO,-96.474002375,10.198546874999991
3,167,M167,DECK_CROSS,0.0723980959327244,BAJO,-99.873518,13.598062499999997
3,168,M168,DECK_CROSS,0.077695107575561,BAJO,-103.27303362500001,10.198546874999991
3,169,M169,DECK_CROSS,0.08482191237300545,BAJO,-106.67254925,6.799031249999999
3,170,M170,DECK_CROSS,0.0838808642653923,BAJO,-110.072064875,3.3995156250000065
3,171,M171,DECK_CROSS,0.112752,BAJO,-113.4715805,0.0
4,1,M001,DECK_LONG,0.13919850611044848,BAJO,-37.439940018749994,1.379242418749996
4,2,M002,ARCH,0.22502149705504015,BAJO,-37.439940018749994,1.379242418749996
4,3,M003,DECK_LONG,0.11535440297312514,BAJO,-40.19842485625,4.1377272562500025
4,4,M004,ARCH,0.1869669549960492,BAJO,-40.19842485625,4.1377272562500025
4,5,M005,DECK_LONG,0.12199482270038887,BAJO,-42.95690969375,6.896212093750002
4,6,M006,ARCH,0.1679071197738892,BAJO,-42.95690969375,6.896212093750002
4,7,M007,DECK_LONG,0.11395605416557443,BAJO,-45.71539453125,9.654696931250001
4,8,M008,ARCH,0.1838834329576289,BAJO,-45.71539453125,9.654696931250001
4,9,M009,DECK_LONG,0.10908767843381728,BAJO,-48.47387936875,9.654696931250001
4,10,M010,ARCH,0.17646212848848694,BAJO,-48.47387936875,9.654696931250001
4,11,M011,DECK_LONG,0.1070000114124807,BAJO,-51.23236420625,6.896212093750002
4,12,M012,ARCH,0.1735510565730115,BAJO,-51.23236420625,6.896212093750002
4,13,M013,DECK_LONG,0.1285659328862865,BAJO,-53.99084904375,4.137727256249995
4,14,M014,ARCH,0.17674689636282467,BAJO,-53.99084904375,4.137727256249995
4,15,M015,DECK_LONG,0.14215533712259845,BAJO,-56.749333881249996,1.3792424187500032
4,16,M016,ARCH,0.22952886140282971,BAJO,-56.749333881249996,1.3792424187500032
4,17,M017,DECK_LONG,0.1324341207967901,BAJO,-59.887756249999995,1.7591799499999965
4,18,M018,ARCH,0.21437226401511572,BAJO,-59.887756249999995,1.7591799499999965
4,19,M019,DECK_LONG,0.12824710987747243,BAJO,-63.40611615,5.277539850000004
4,20,M020,ARCH,0.17687972471486468,BAJO,-63.40611615,5.277539850000004
4,21,M021,DECK_LONG,0.11698209945717875,BAJO,-66.92447605000001,8.795899750000011
4,22,M022,ARCH,0.16063197150836844,BAJO,-66.92447605000001,8.795899750000011
4,23,M023,DECK_LONG,0.11027261051971207,BAJO,-70.44283595,12.314259650000004
4,24,M024,ARCH,0.17816264082211355,BAJO,-70.44283595,12.314259650000004
4,25,M025,DECK_LONG,0.1054548751086567,BAJO,-73.96119585,12.314259650000011
4,26,M026,ARCH,0.17081853196379745,BAJO,-73.96119585,12.314259650000011
4,27,M027,DECK_LONG,0.12060945137833158,BAJO,-77.47955575,8.795899750000004
4,28,M028,ARCH,0.16616147138817458,BAJO,-77.47955575,8.795899750000004
4,29,M029,DECK_LONG,0.12175841681819552,BAJO,-80.99791565000001,5.277539849999997
4,30,M030,ARCH,0.19637140490548302,BAJO,-80.99791565000001,5.277539849999997
4,31,M031,DECK_LONG,0.13531312342280732,BAJO,-84.51627555000002,1.7591799499999894
4,32,M032,ARCH,0.2187609875303859,BAJO,-84.51627555000002,1.7591799499999894
4,33,M033,DECK_LONG,0.1298516934726882,BAJO,-87.97521331250002,1.6997578125000103
4,34,M034,ARCH,0.2104856687649813,BAJO,-87.97521331250002,1.6997578125000103
4,35,M035,DECK_LONG,0.12612816045185507,BAJO,-91.37472893750001,5.099273437500003
4,36,M036,ARCH,0.1735676461107243,BAJO,-91.37472893750001,5.099273437500003
4,37,M037,DECK_LONG,0.11472198423683734,BAJO,-94.7742445625,8.498789062499995
4,38,M038,ARCH,0.18513558972934788,BAJO,-94.7742445625,8.498789062499995
4,39,M039,DECK_LONG,0.10789261901590398,BAJO,-98.1737601875,11.898304687499987
4,40,M040,ARCH,0.17454563274610943,BAJO,-98.1737601875,11.898304687499987
4,41,M041,DECK_LONG,0.10306960458969636,BAJO,-101.57327581250001,11.898304687499987
4,42,M042,ARCH,0.1671934766085978,BAJO,-101.57327581250001,11.898304687499987
4,43,M043,DECK_LONG,0.11835818025068322,BAJO,-104.9727914375,8.498789062499995
4,44,M044,ARCH,0.16268651372923235,BAJO,-104.9727914375,8.498789062499995
4,45,M045,DECK_LONG,0.11961089988139449,BAJO,-108.3723070625,5.099273437500003
4,46,M046,ARCH,0.19314514154745585,BAJO,-108.3723070625,5.099273437500003
4,47,M047,DECK_LONG,0.1327422277451967,BAJO,-111.77182268749999,1.6997578125000103
4,48,M048,ARCH,0.21489197100965882,BAJO,-111.77182268749999,1.6997578125000103
4,49,M049,SPANDREL,0.23117292000000003,BAJO,-36.0606976,0.0
4,50,M050,SPANDREL,0.17010032716585005,BAJO,-38.8191824375,2.7584848374999993
4,51,M051,SPANDREL,0.16396106065487015,BAJO,-41.577667274999996,5.516969674999999
4,52,M052,SPANDREL,0.14173890185158225,BAJO,-44.3361521125,8.275454512500005
4,53,M053,SPANDREL,0.14826651550809025,BAJO,-47.094636949999995,11.033939349999997
4,54,M054,SPANDREL,0.15982283070850825,BAJO,-49.8531217875,8.275454512499998
4,55,M055,SPANDREL,0.15021277296020713,BAJO,-52.611606625,5.516969674999999
4,56,M056,SPANDREL,0.17570495079569684,BAJO,-55.3700914625,2.7584848374999993
4,57,M057,SPANDREL,0.22876128,BAJO,-58.1285763,0.0
4,58,M058,SPANDREL,0.16241525354179215,BAJO,-61.6469362,3.5183599
4,59,M059,SPANDREL,0.1578754238842654,BAJO,-65.1652961,7.036719800000007
4,60,M060,SPANDREL,0.16227895735959688,BAJO,-68.683656,10.5550797
4,61,M061,SPANDREL,0.14553448012420894,BAJO,-72.2020159,14.0734396
4,62,M062,SPANDREL,0.15577816826655666,BAJO,-75.7203758,10.555079700000007
4,63,M063,SPANDREL,0.14449194996001058,BAJO,-79.2387357,7.0367198
4,64,M064,SPANDREL,0.1678290953265186,BAJO,-82.75709560000001,3.518359899999993
4,65,M065,SPANDREL,0.22634964000000005,BAJO,-86.2754555,0.0
4,66,M066,SPANDREL,0.1613133967505153,BAJO,-89.67497112500001,3.3995156250000065
4,67,M067,SPANDREL,0.15667255778642084,BAJO,-93.07448675,6.799031249999999
4,68,M068,SPANDREL,0.16086038921534845,BAJO,-96.474002375,10.198546874999991
4,69,M069,SPANDREL,0.14396599447532651,BAJO,-99.873518,13.598062499999997
4,70,M070,SPANDREL,0.15434879924711095,BAJO,-103.27303362500001,10.198546874999991
4,71,M071,SPANDREL,0.14324348140472765,BAJO,-106.67254925,6.799031249999999
4,72,M072,SPANDREL,0.1667539834874635,BAJO,-110.072064875,3.3995156250000065
4,73,M073,SPANDREL,0.22393800000000003,BAJO,-113.4715805,0.0
4,74,M074,DECK_LONG,0.13328484408614838,BAJO,-37.439940018749994,1.379242418749996
4,75,M075,ARCH,0.21600676835946075,BAJO,-37.439940018749994,1.379242418749996
4,76,M076,DECK_LONG,0.13014342899532066,BAJO,-40.19842485625,4.1377272562500025
4,77,M077,ARCH,0.17915161604123042,BAJO,-40.19842485625,4.1377272562500025
4,78,M078,DECK_LONG,0.11718167339809735,BAJO,-42.95690969375,6.896212093750002
4,79,M079,ARCH,0.18907188277059792,BAJO,-42.95690969375,6.896212093750002
4,80,M080,DECK_LONG,0.10926798864610458,BAJO,-45.71539453125,9.654696931250001
4,81,M081,ARCH,0.17673699161697365,BAJO,-45.71539453125,9.654696931250001
4,82,M082,DECK_LONG,0.10439961291434745,BAJO,-48.47387936875,9.654696931250001
4,83,M083,ARCH,0.1693156871478317,BAJO,-48.47387936875,9.654696931250001
4,84,M084,DECK_LONG,0.1208840959383216,BAJO,-51.23236420625,6.896212093750002
4,85,M085,ARCH,0.1662139387341525,BAJO,-51.23236420625,6.896212093750002
4,86,M086,DECK_LONG,0.12343907053192539,BAJO,-53.99084904375,4.137727256249995
4,87,M087,ARCH,0.19929114334787884,BAJO,-53.99084904375,4.137727256249995
4,88,M088,DECK_LONG,0.13624167509829835,BAJO,-56.749333881249996,1.3792424187500032
4,89,M089,ARCH,0.2205141327072503,BAJO,-56.749333881249996,1.3792424187500032
4,90,M090,DECK_LONG,0.14904375133150458,BAJO,-59.887756249999995,1.7591799499999965
4,91,M091,ARCH,0.20559481698457557,BAJO,-59.887756249999995,1.7591799499999965
4,92,M092,DECK_LONG,0.1232851681262607,BAJO,-63.40611615,5.277539850000004
4,93,M093,ARCH,0.16931578911850537,BAJO,-63.40611615,5.277539850000004
4,94,M094,DECK_LONG,0.11226654195968007,BAJO,-66.92447605000001,8.795899750000011
4,95,M095,ARCH,0.18136759605764147,BAJO,-66.92447605000001,8.795899750000011
4,96,M096,DECK_LONG,0.1056333097535106,BAJO,-70.44283595,12.314259650000004
4,97,M097,ARCH,0.1710905359955869,BAJO,-70.44283595,12.314259650000004
4,98,M098,DECK_LONG,0.11883747347269943,BAJO,-73.96119585,12.314259650000011
4,99,M099,ARCH,0.16374642713727078,BAJO,-73.96119585,12.314259650000011
4,100,M100,DECK_LONG,0.11589389388083289,BAJO,-77.47955575,8.795899750000004
4,101,M101,ARCH,0.15897312154442658,BAJO,-77.47955575,8.795899750000004
4,102,M102,DECK_LONG,0.11679647506698382,BAJO,-80.99791565000001,5.277539849999997
4,103,M103,ARCH,0.18880746930912365,BAJO,-80.99791565000001,5.277539849999997
4,104,M104,DECK_LONG,0.12955511817077298,BAJO,-84.51627555000002,1.7591799499999894
4,105,M105,ARCH,0.20998354049984574,BAJO,-84.51627555000002,1.7591799499999894
4,106,M106,DECK_LONG,0.14652785273716015,BAJO,-87.97521331250002,1.6997578125000103
4,107,M107,ARCH,0.2016730642756262,BAJO,-87.97521331250002,1.6997578125000103
4,108,M108,DECK_LONG,0.12114437295679699,BAJO,-91.37472893750001,5.099273437500003
4,109,M109,ARCH,0.19548275294288647,BAJO,-91.37472893750001,5.099273437500003
4,110,M110,DECK_LONG,0.1099949294188377,BAJO,-94.7742445625,8.498789062499995
4,111,M111,ARCH,0.17792971348239722,BAJO,-94.7742445625,8.498789062499995
4,112,M112,DECK_LONG,0.10324823475362997,BAJO,-98.1737601875,11.898304687499987
4,113,M113,ARCH,0.16746577868776488,BAJO,-98.1737601875,11.898304687499987
4,114,M114,DECK_LONG,0.11646686688471755,BAJO,-101.57327581250001,11.898304687499987
4,115,M115,ARCH,0.16011362255025327,BAJO,-101.57327581250001,11.898304687499987
4,116,M116,DECK_LONG,0.11363112543268357,BAJO,-104.9727914375,8.498789062499995
4,117,M117,ARCH,0.18347269521082082,BAJO,-104.9727914375,8.498789062499995
4,118,M118,DECK_LONG,0.1146271123863364,BAJO,-108.3723070625,5.099273437500003
4,119,M119,ARCH,0.1855479045123063,BAJO,-108.3723070625,5.099273437500003
4,120,M120,DECK_LONG,0.14941838700966867,BAJO,-111.77182268749999,1.6997578125000103
4,121,M121,ARCH,0.20607936652030373,BAJO,-111.77182268749999,1.6997578125000103
4,122,M122,SPANDREL,0.22221540000000004,BAJO,-36.0606976,0.0
4,123,M123,SPANDREL,0.16281431644704925,BAJO,-38.8191824375,2.7584848374999993
4,124,M124,SPANDREL,0.1573415147278102,BAJO,-41.577667274999996,5.516969674999999
4,125,M125,SPANDREL,0.16006720812549374,BAJO,-44.3361521125,8.275454512500005
4,126,M126,SPANDREL,0.1420186558594511,BAJO,-47.094636949999995,11.033939349999997
4,127,M127,SPANDREL,0.1534690178668856,BAJO,-49.8531217875,8.275454512499998
4,128,M128,SPANDREL,0.16930761698057245,BAJO,-52.611606625,5.516969674999999
4,129,M129,SPANDREL,0.168418940076896,BAJO,-55.3700914625,2.7584848374999993
4,130,M130,SPANDREL,0.21980376000000001,BAJO,-58.1285763,0.0
4,131,M131,SPANDREL,0.18271716023451617,BAJO,-61.6469362,3.5183599
4,132,M132,SPANDREL,0.1514315290318464,BAJO,-65.1652961,7.036719800000007
4,133,M133,SPANDREL,0.15601893823296553,BAJO,-68.683656,10.5550797
4,134,M134,SPANDREL,0.13933137113530822,BAJO,-72.2020159,14.0734396
4,135,M135,SPANDREL,0.1495181491399253,BAJO,-75.7203758,10.555079700000007
4,136,M136,SPANDREL,0.16308010818814228,BAJO,-79.2387357,7.0367198
4,137,M137,SPANDREL,0.16079110100637428,BAJO,-82.75709560000001,3.518359899999993
4,138,M138,SPANDREL,0.21739212000000002,BAJO,-86.2754555,0.0
4,139,M139,SPANDREL,0.18171559701407114,BAJO,-89.67497112500001,3.3995156250000065
4,140,M140,SPANDREL,0.1502067061952352,BAJO,-93.07448675,6.799031249999999
4,141,M141,SPANDREL,0.15458996924593457,BAJO,-96.474002375,10.198546874999991
4,142,M142,SPANDREL,0.1377585054929741,BAJO,-99.873518,13.598062499999997
4,143,M143,SPANDREL,0.14807837927769707,BAJO,-103.27303362500001,10.198546874999991
4,144,M144,SPANDREL,0.16189497637930153,BAJO,-106.67254925,6.799031249999999
4,145,M145,SPANDREL,0.1596812207294308,BAJO,-110.072064875,3.3995156250000065
4,146,M146,SPANDREL,0.21498048000000003,BAJO,-113.4715805,0.0
4,147,M147,DECK_CROSS,0.15526890000000002,BAJO,-36.0606976,0.0
4,148,M148,DECK_CROSS,0.11406682864835908,BAJO,-38.8191824375,2.7584848374999993
4,149,M149,DECK_CROSS,0.1100557373537419,BAJO,-41.577667274999996,5.516969674999999
4,150,M150,DECK_CROSS,0.11180266827086012,BAJO,-44.3361521125,8.275454512500005
4,151,M151,DECK_CROSS,0.0994523812952086,BAJO,-47.094636949999995,11.033939349999997
4,152,M152,DECK_CROSS,0.10730390218544547,BAJO,-49.8531217875,8.275454512499998
4,153,M153,DECK_CROSS,0.10068190483465347,BAJO,-52.611606625,5.516969674999999
4,154,M154,DECK_CROSS,0.11788816294143643,BAJO,-55.3700914625,2.7584848374999993
4,155,M155,DECK_CROSS,0.1536246,BAJO,-58.1285763,0.0
4,156,M156,DECK_CROSS,0.10889204498824699,BAJO,-61.6469362,3.5183599
4,157,M157,DECK_CROSS,0.10595250190035078,BAJO,-65.1652961,7.036719800000007
4,158,M158,DECK_CROSS,0.1090031302469372,BAJO,-68.683656,10.5550797
4,159,M159,DECK_CROSS,0.09760136520997618,BAJO,-72.2020159,14.0734396
4,160,M160,DECK_CROSS,0.10457077404713705,BAJO,-75.7203758,10.555079700000007
4,161,M161,DECK_CROSS,0.1138947149614616,BAJO,-79.2387357,7.0367198
4,162,M162,DECK_CROSS,0.1125833007505605,BAJO,-82.75709560000001,3.518359899999993
4,163,M163,DECK_CROSS,0.15198030000000004,BAJO,-86.2754555,0.0
4,164,M164,DECK_CROSS,0.10813166139684624,BAJO,-89.67497112500001,3.3995156250000065
4,165,M165,DECK_CROSS,0.10512660803850749,BAJO,-93.07448675,6.799031249999999
4,166,M166,DECK_CROSS,0.10803319720030387,BAJO,-96.474002375,10.198546874999991
4,167,M167,DECK_CROSS,0.09653079457696585,BAJO,-99.873518,13.598062499999997
4,168,M168,DECK_CROSS,0.10359347676741465,BAJO,-103.27303362500001,10.198546874999991
4,169,M169,DECK_CROSS,0.11309588316400726,BAJO,-106.67254925,6.799031249999999
4,170,M170,DECK_CROSS,0.1118411523538564,BAJO,-110.072064875,3.3995156250000065
4,171,M171,DECK_CROSS,0.15033600000000003,BAJO,-113.4715805,0.0
5,1,M001,DECK_LONG,0.17399813263806063,BAJO,-37.439940018749994,1.379242418749996
5,2,M002,ARCH,0.2812768713188002,BAJO,-37.439940018749994,1.379242418749996
5,3,M003,DECK_LONG,0.14419300371640642,BAJO,-40.19842485625,4.1377272562500025
5,4,M004,ARCH,0.23370869374506148,BAJO,-40.19842485625,4.1377272562500025
5,5,M005,DECK_LONG,0.1524935283754861,BAJO,-42.95690969375,6.896212093750002
5,6,M006,ARCH,0.2098838997173615,BAJO,-42.95690969375,6.896212093750002
5,7,M007,DECK_LONG,0.14244506770696802,BAJO,-45.71539453125,9.654696931250001
5,8,M008,ARCH,0.22985429119703613,BAJO,-45.71539453125,9.654696931250001
5,9,M009,DECK_LONG,0.1363595980422716,BAJO,-48.47387936875,9.654696931250001
5,10,M010,ARCH,0.22057766061060868,BAJO,-48.47387936875,9.654696931250001
5,11,M011,DECK_LONG,0.13375001426560088,BAJO,-51.23236420625,6.896212093750002
5,12,M012,ARCH,0.21693882071626436,BAJO,-51.23236420625,6.896212093750002
5,13,M013,DECK_LONG,0.16070741610785813,BAJO,-53.99084904375,4.137727256249995
5,14,M014,ARCH,0.22093362045353085,BAJO,-53.99084904375,4.137727256249995
5,15,M015,DECK_LONG,0.17769417140324806,BAJO,-56.749333881249996,1.3792424187500032
5,16,M016,ARCH,0.28691107675353716,BAJO,-56.749333881249996,1.3792424187500032
5,17,M017,DECK_LONG,0.16554265099598764,BAJO,-59.887756249999995,1.7591799499999965
5,18,M018,ARCH,0.26796533001889467,BAJO,-59.887756249999995,1.7591799499999965
5,19,M019,DECK_LONG,0.16030888734684054,BAJO,-63.40611615,5.277539850000004
5,20,M020,ARCH,0.22109965589358088,BAJO,-63.40611615,5.277539850000004
5,21,M021,DECK_LONG,0.1462276243214734,BAJO,-66.92447605000001,8.795899750000011
5,22,M022,ARCH,0.20078996438546057,BAJO,-66.92447605000001,8.795899750000011
5,23,M023,DECK_LONG,0.13784076314964008,BAJO,-70.44283595,12.314259650000004
5,24,M024,ARCH,0.22270330102764194,BAJO,-70.44283595,12.314259650000004
5,25,M025,DECK_LONG,0.13181859388582087,BAJO,-73.96119585,12.314259650000011
5,26,M026,ARCH,0.2135231649547468,BAJO,-73.96119585,12.314259650000011
5,27,M027,DECK_LONG,0.15076181422291446,BAJO,-77.47955575,8.795899750000004
5,28,M028,ARCH,0.2077018392352182,BAJO,-77.47955575,8.795899750000004
5,29,M029,DECK_LONG,0.1521980210227444,BAJO,-80.99791565000001,5.277539849999997
5,30,M030,ARCH,0.2454642561318538,BAJO,-80.99791565000001,5.277539849999997
5,31,M031,DECK_LONG,0.16914140427850916,BAJO,-84.51627555000002,1.7591799499999894
5,32,M032,ARCH,0.27345123441298236,BAJO,-84.51627555000002,1.7591799499999894
5,33,M033,DECK_LONG,0.1623146168408603,BAJO,-87.97521331250002,1.6997578125000103
5,34,M034,ARCH,0.26310708595622667,BAJO,-87.97521331250002,1.6997578125000103
5,35,M035,DECK_LONG,0.15766020056481883,BAJO,-91.37472893750001,5.099273437500003
5,36,M036,ARCH,0.21695955763840538,BAJO,-91.37472893750001,5.099273437500003
5,37,M037,DECK_LONG,0.14340248029604669,BAJO,-94.7742445625,8.498789062499995
5,38,M038,ARCH,0.2314194871616849,BAJO,-94.7742445625,8.498789062499995
5,39,M039,DECK_LONG,0.13486577376988,BAJO,-98.1737601875,11.898304687499987
5,40,M040,ARCH,0.2181820409326368,BAJO,-98.1737601875,11.898304687499987
5,41,M041,DECK_LONG,0.12883700573712045,BAJO,-101.57327581250001,11.898304687499987
5,42,M042,ARCH,0.20899184576074725,BAJO,-101.57327581250001,11.898304687499987
5,43,M043,DECK_LONG,0.14794772531335404,BAJO,-104.9727914375,8.498789062499995
5,44,M044,ARCH,0.20335814216154047,BAJO,-104.9727914375,8.498789062499995
5,45,M045,DECK_LONG,0.1495136248517431,BAJO,-108.3723070625,5.099273437500003
5,46,M046,ARCH,0.2414314269343198,BAJO,-108.3723070625,5.099273437500003
5,47,M047,DECK_LONG,0.1659277846814959,BAJO,-111.77182268749999,1.6997578125000103
5,48,M048,ARCH,0.2686149637620736,BAJO,-111.77182268749999,1.6997578125000103
5,49,M049,SPANDREL,0.2889661500000001,BAJO,-36.0606976,0.0
5,50,M050,SPANDREL,0.2126254089573126,BAJO,-38.8191824375,2.7584848374999993
5,51,M051,SPANDREL,0.2049513258185877,BAJO,-41.577667274999996,5.516969674999999
5,52,M052,SPANDREL,0.1771736273144778,BAJO,-44.3361521125,8.275454512500005
5,53,M053,SPANDREL,0.18533314438511278,BAJO,-47.094636949999995,11.033939349999997
5,54,M054,SPANDREL,0.19977853838563533,BAJO,-49.8531217875,8.275454512499998
5,55,M055,SPANDREL,0.18776596620025893,BAJO,-52.611606625,5.516969674999999
5,56,M056,SPANDREL,0.2196311884946211,BAJO,-55.3700914625,2.7584848374999993
5,57,M057,SPANDREL,0.28595160000000003,BAJO,-58.1285763,0.0
5,58,M058,SPANDREL,0.20301906692724014,BAJO,-61.6469362,3.5183599
5,59,M059,SPANDREL,0.19734427985533176,BAJO,-65.1652961,7.036719800000007
5,60,M060,SPANDREL,0.20284869669949612,BAJO,-68.683656,10.5550797
5,61,M061,SPANDREL,0.1819181001552612,BAJO,-72.2020159,14.0734396
5,62,M062,SPANDREL,0.19472271033319585,BAJO,-75.7203758,10.555079700000007
5,63,M063,SPANDREL,0.18061493745001322,BAJO,-79.2387357,7.0367198
5,64,M064,SPANDREL,0.20978636915814824,BAJO,-82.75709560000001,3.518359899999993
5,65,M065,SPANDREL,0.2829370500000001,BAJO,-86.2754555,0.0
5,66,M066,SPANDREL,0.2016417459381441,BAJO,-89.67497112500001,3.3995156250000065
5,67,M067,SPANDREL,0.19584069723302608,BAJO,-93.07448675,6.799031249999999
5,68,M068,SPANDREL,0.20107548651918558,BAJO,-96.474002375,10.198546874999991
5,69,M069,SPANDREL,0.17995749309415812,BAJO,-99.873518,13.598062499999997
5,70,M070,SPANDREL,0.1929359990588887,BAJO,-103.27303362500001,10.198546874999991
5,71,M071,SPANDREL,0.17905435175590956,BAJO,-106.67254925,6.799031249999999
5,72,M072,SPANDREL,0.20844247935932939,BAJO,-110.072064875,3.3995156250000065
5,73,M073,SPANDREL,0.2799225000000001,BAJO,-113.4715805,0.0
5,74,M074,DECK_LONG,0.16660605510768547,BAJO,-37.439940018749994,1.379242418749996
5,75,M075,ARCH,0.2700084604493259,BAJO,-37.439940018749994,1.379242418749996
5,76,M076,DECK_LONG,0.16267928624415084,BAJO,-40.19842485625,4.1377272562500025
5,77,M077,ARCH,0.223939520051538,BAJO,-40.19842485625,4.1377272562500025
5,78,M078,DECK_LONG,0.1464770917476217,BAJO,-42.95690969375,6.896212093750002
5,79,M079,ARCH,0.23633985346324737,BAJO,-42.95690969375,6.896212093750002
5,80,M080,DECK_LONG,0.13658498580763073,BAJO,-45.71539453125,9.654696931250001
5,81,M081,ARCH,0.22092123952121706,BAJO,-45.71539453125,9.654696931250001
5,82,M082,DECK_LONG,0.1304995161429343,BAJO,-48.47387936875,9.654696931250001
5,83,M083,ARCH,0.21164460893478962,BAJO,-48.47387936875,9.654696931250001
5,84,M084,DECK_LONG,0.151105119922902,BAJO,-51.23236420625,6.896212093750002
5,85,M085,ARCH,0.20776742341769058,BAJO,-51.23236420625,6.896212093750002
5,86,M086,DECK_LONG,0.15429883816490672,BAJO,-53.99084904375,4.137727256249995
5,87,M087,ARCH,0.24911392918484854,BAJO,-53.99084904375,4.137727256249995
5,88,M088,DECK_LONG,0.17030209387287296,BAJO,-56.749333881249996,1.3792424187500032
5,89,M089,ARCH,0.2756426658840629,BAJO,-56.749333881249996,1.3792424187500032
5,90,M090,DECK_LONG,0.18630468916438073,BAJO,-59.887756249999995,1.7591799499999965
5,91,M091,ARCH,0.25699352123071945,BAJO,-59.887756249999995,1.7591799499999965
5,92,M092,DECK_LONG,0.15410646015782586,BAJO,-63.40611615,5.277539850000004
5,93,M093,ARCH,0.2116447363981317,BAJO,-63.40611615,5.277539850000004
5,94,M094,DECK_LONG,0.14033317744960008,BAJO,-66.92447605000001,8.795899750000011
5,95,M095,ARCH,0.22670949507205185,BAJO,-66.92447605000001,8.795899750000011
5,96,M096,DECK_LONG,0.13204163719188824,BAJO,-70.44283595,12.314259650000004
5,97,M097,ARCH,0.21386316999448363,BAJO,-70.44283595,12.314259650000004
5,98,M098,DECK_LONG,0.1485468418408743,BAJO,-73.96119585,12.314259650000011
5,99,M099,ARCH,0.2046830339215885,BAJO,-73.96119585,12.314259650000011
5,100,M100,DECK_LONG,0.1448673673510411,BAJO,-77.47955575,8.795899750000004
5,101,M101,ARCH,0.19871640193053325,BAJO,-77.47955575,8.795899750000004
5,102,M102,DECK_LONG,0.14599559383372976,BAJO,-80.99791565000001,5.277539849999997
5,103,M103,ARCH,0.23600933663640458,BAJO,-80.99791565000001,5.277539849999997
5,104,M104,DECK_LONG,0.16194389771346623,BAJO,-84.51627555000002,1.7591799499999894
5,105,M105,ARCH,0.2624794256248072,BAJO,-84.51627555000002,1.7591799499999894
5,106,M106,DECK_LONG,0.18315981592145023,BAJO,-87.97521331250002,1.6997578125000103
5,107,M107,ARCH,0.2520913303445328,BAJO,-87.97521331250002,1.6997578125000103
5,108,M108,DECK_LONG,0.1514304661959962,BAJO,-91.37472893750001,5.099273437500003
5,109,M109,ARCH,0.24435344117860808,BAJO,-91.37472893750001,5.099273437500003
5,110,M110,DECK_LONG,0.13749366177354716,BAJO,-94.7742445625,8.498789062499995
5,111,M111,ARCH,0.22241214185299657,BAJO,-94.7742445625,8.498789062499995
5,112,M112,DECK_LONG,0.12906029344203748,BAJO,-98.1737601875,11.898304687499987
5,113,M113,ARCH,0.2093322233597061,BAJO,-98.1737601875,11.898304687499987
5,114,M114,DECK_LONG,0.14558358360589696,BAJO,-101.57327581250001,11.898304687499987
5,115,M115,ARCH,0.2001420281878166,BAJO,-101.57327581250001,11.898304687499987
5,116,M116,DECK_LONG,0.14203890679085449,BAJO,-104.9727914375,8.498789062499995
5,117,M117,ARCH,0.22934086901352607,BAJO,-104.9727914375,8.498789062499995
5,118,M118,DECK_LONG,0.14328389048292048,BAJO,-108.3723070625,5.099273437500003
5,119,M119,ARCH,0.23193488064038284,BAJO,-108.3723070625,5.099273437500003
5,120,M120,DECK_LONG,0.18677298376208584,BAJO,-111.77182268749999,1.6997578125000103
5,121,M121,ARCH,0.25759920815037973,BAJO,-111.77182268749999,1.6997578125000103
5,122,M122,SPANDREL,0.27776925,BAJO,-36.0606976,0.0
5,123,M123,SPANDREL,0.20351789555881156,BAJO,-38.8191824375,2.7584848374999993
5,124,M124,SPANDREL,0.19667689340976272,BAJO,-41.577667274999996,5.516969674999999
5,125,M125,SPANDREL,0.2000840101568672,BAJO,-44.3361521125,8.275454512500005
5,126,M126,SPANDREL,0.17752331982431385,BAJO,-47.094636949999995,11.033939349999997
5,127,M127,SPANDREL,0.19183627233360703,BAJO,-49.8531217875,8.275454512499998
5,128,M128,SPANDREL,0.21163452122571555,BAJO,-52.611606625,5.516969674999999
5,129,M129,SPANDREL,0.21052367509612005,BAJO,-55.3700914625,2.7584848374999993
5,130,M130,SPANDREL,0.2747547,BAJO,-58.1285763,0.0
5,131,M131,SPANDREL,0.22839645029314518,BAJO,-61.6469362,3.5183599
5,132,M132,SPANDREL,0.189289411289808,BAJO,-65.1652961,7.036719800000007
5,133,M133,SPANDREL,0.19502367279120694,BAJO,-68.683656,10.5550797
5,134,M134,SPANDREL,0.17416421391913528,BAJO,-72.2020159,14.0734396
5,135,M135,SPANDREL,0.18689768642490667,BAJO,-75.7203758,10.555079700000007
5,136,M136,SPANDREL,0.20385013523517784,BAJO,-79.2387357,7.0367198
5,137,M137,SPANDREL,0.20098887625796785,BAJO,-82.75709560000001,3.518359899999993
5,138,M138,SPANDREL,0.27174015000000007,BAJO,-86.2754555,0.0
5,139,M139,SPANDREL,0.22714449626758895,BAJO,-89.67497112500001,3.3995156250000065
5,140,M140,SPANDREL,0.18775838274404405,BAJO,-93.07448675,6.799031249999999
5,141,M141,SPANDREL,0.19323746155741822,BAJO,-96.474002375,10.198546874999991
5,142,M142,SPANDREL,0.17219813186621763,BAJO,-99.873518,13.598062499999997
5,143,M143,SPANDREL,0.18509797409712134,BAJO,-103.27303362500001,10.198546874999991
5,144,M144,SPANDREL,0.20236872047412696,BAJO,-106.67254925,6.799031249999999
5,145,M145,SPANDREL,0.1996015259117885,BAJO,-110.072064875,3.3995156250000065
5,146,M146,SPANDREL,0.26872560000000006,BAJO,-113.4715805,0.0
5,147,M147,DECK_CROSS,0.19408612500000003,BAJO,-36.0606976,0.0
5,148,M148,DECK_CROSS,0.14258353581044886,BAJO,-38.8191824375,2.7584848374999993
5,149,M149,DECK_CROSS,0.13756967169217735,BAJO,-41.577667274999996,5.516969674999999
5,150,M150,DECK_CROSS,0.13975333533857517,BAJO,-44.3361521125,8.275454512500005
5,151,M151,DECK_CROSS,0.12431547661901074,BAJO,-47.094636949999995,11.033939349999997
5,152,M152,DECK_CROSS,0.13412987773180685,BAJO,-49.8531217875,8.275454512499998
5,153,M153,DECK_CROSS,0.1258523810433168,BAJO,-52.611606625,5.516969674999999
5,154,M154,DECK_CROSS,0.14736020367679556,BAJO,-55.3700914625,2.7584848374999993
5,155,M155,DECK_CROSS,0.19203075000000003,BAJO,-58.1285763,0.0
5,156,M156,DECK_CROSS,0.13611505623530873,BAJO,-61.6469362,3.5183599
5,157,M157,DECK_CROSS,0.1324406273754385,BAJO,-65.1652961,7.036719800000007
5,158,M158,DECK_CROSS,0.1362539128086715,BAJO,-68.683656,10.5550797
5,159,M159,DECK_CROSS,0.12200170651247022,BAJO,-72.2020159,14.0734396
5,160,M160,DECK_CROSS,0.1307134675589213,BAJO,-75.7203758,10.555079700000007
5,161,M161,DECK_CROSS,0.14236839370182702,BAJO,-79.2387357,7.0367198
5,162,M162,DECK_CROSS,0.14072912593820064,BAJO,-82.75709560000001,3.518359899999993
5,163,M163,DECK_CROSS,0.18997537500000003,BAJO,-86.2754555,0.0
5,164,M164,DECK_CROSS,0.1351645767460578,BAJO,-89.67497112500001,3.3995156250000065
5,165,M165,DECK_CROSS,0.13140826004813436,BAJO,-93.07448675,6.799031249999999
5,166,M166,DECK_CROSS,0.13504149650037986,BAJO,-96.474002375,10.198546874999991
5,167,M167,DECK_CROSS,0.12066349322120731,BAJO,-99.873518,13.598062499999997
5,168,M168,DECK_CROSS,0.12949184595926833,BAJO,-103.27303362500001,10.198546874999991
5,169,M169,DECK_CROSS,0.1413698539550091,BAJO,-106.67254925,6.799031249999999
5,170,M170,DECK_CROSS,0.1398014404423205,BAJO,-110.072064875,3.3995156250000065
5,171,M171,DECK_CROSS,0.18792000000000003,BAJO,-113.4715805,0.0
6,1,M001,DECK_LONG,0.20879775916567275,BAJO,-37.439940018749994,1.379242418749996
6,2,M002,ARCH,0.3375322455825602,BAJO,-37.439940018749994,1.379242418749996
6,3,M003,DECK_LONG,0.17303160445968768,BAJO,-40.19842485625,4.1377272562500025
6,4,M004,ARCH,0.2804504324940738,BAJO,-40.19842485625,4.1377272562500025
6,5,M005,DECK_LONG,0.18299223405058332,BAJO,-42.95690969375,6.896212093750002
6,6,M006,ARCH,0.25186067966083375,BAJO,-42.95690969375,6.896212093750002
6,7,M007,DECK_LONG,0.1709340812483616,BAJO,-45.71539453125,9.654696931250001
6,8,M008,ARCH,0.2758251494364433,BAJO,-45.71539453125,9.654696931250001
6,9,M009,DECK_LONG,0.1636315176507259,BAJO,-48.47387936875,9.654696931250001
6,10,M010,ARCH,0.2646931927327304,BAJO,-48.47387936875,9.654696931250001
6,11,M011,DECK_LONG,0.16050001711872103,BAJO,-51.23236420625,6.896212093750002
6,12,M012,ARCH,0.2603265848595172,BAJO,-51.23236420625,6.896212093750002
6,13,M013,DECK_LONG,0.19284889932942978,BAJO,-53.99084904375,4.137727256249995
6,14,M014,ARCH,0.26512034454423705,BAJO,-53.99084904375,4.137727256249995
6,15,M015,DECK_LONG,0.21323300568389766,BAJO,-56.749333881249996,1.3792424187500032
6,16,M016,ARCH,0.3442932921042446,BAJO,-56.749333881249996,1.3792424187500032
6,17,M017,DECK_LONG,0.19865118119518518,BAJO,-59.887756249999995,1.7591799499999965
6,18,M018,ARCH,0.3215583960226736,BAJO,-59.887756249999995,1.7591799499999965
6,19,M019,DECK_LONG,0.19237066481620865,BAJO,-63.40611615,5.277539850000004
6,20,M020,ARCH,0.265319587072297,BAJO,-63.40611615,5.277539850000004
6,21,M021,DECK_LONG,0.17547314918576812,BAJO,-66.92447605000001,8.795899750000011
6,22,M022,ARCH,0.24094795726255266,BAJO,-66.92447605000001,8.795899750000011
6,23,M023,DECK_LONG,0.1654089157795681,BAJO,-70.44283595,12.314259650000004
6,24,M024,ARCH,0.26724396123317035,BAJO,-70.44283595,12.314259650000004
6,25,M025,DECK_LONG,0.15818231266298502,BAJO,-73.96119585,12.314259650000011
6,26,M026,ARCH,0.25622779794569617,BAJO,-73.96119585,12.314259650000011
6,27,M027,DECK_LONG,0.18091417706749735,BAJO,-77.47955575,8.795899750000004
6,28,M028,ARCH,0.24924220708226186,BAJO,-77.47955575,8.795899750000004
6,29,M029,DECK_LONG,0.1826376252272933,BAJO,-80.99791565000001,5.277539849999997
6,30,M030,ARCH,0.2945571073582245,BAJO,-80.99791565000001,5.277539849999997
6,31,M031,DECK_LONG,0.202969685134211,BAJO,-84.51627555000002,1.7591799499999894
6,32,M032,ARCH,0.3281414812955788,BAJO,-84.51627555000002,1.7591799499999894
6,33,M033,DECK_LONG,0.19477754020903235,BAJO,-87.97521331250002,1.6997578125000103
6,34,M034,ARCH,0.315728503147472,BAJO,-87.97521331250002,1.6997578125000103
6,35,M035,DECK_LONG,0.18919224067778262,BAJO,-91.37472893750001,5.099273437500003
6,36,M036,ARCH,0.2603514691660865,BAJO,-91.37472893750001,5.099273437500003
6,37,M037,DECK_LONG,0.17208297635525605,BAJO,-94.7742445625,8.498789062499995
6,38,M038,ARCH,0.27770338459402183,BAJO,-94.7742445625,8.498789062499995
6,39,M039,DECK_LONG,0.16183892852385598,BAJO,-98.1737601875,11.898304687499987
6,40,M040,ARCH,0.26181844911916413,BAJO,-98.1737601875,11.898304687499987
6,41,M041,DECK_LONG,0.15460440688454455,BAJO,-101.57327581250001,11.898304687499987
6,42,M042,ARCH,0.25079021491289666,BAJO,-101.57327581250001,11.898304687499987
6,43,M043,DECK_LONG,0.17753727037602485,BAJO,-104.9727914375,8.498789062499995
6,44,M044,ARCH,0.24402977059384856,BAJO,-104.9727914375,8.498789062499995
6,45,M045,DECK_LONG,0.17941634982209173,BAJO,-108.3723070625,5.099273437500003
6,46,M046,ARCH,0.2897177123211838,BAJO,-108.3723070625,5.099273437500003
6,47,M047,DECK_LONG,0.19911334161779506,BAJO,-111.77182268749999,1.6997578125000103
6,48,M048,ARCH,0.32233795651448827,BAJO,-111.77182268749999,1.6997578125000103
6,49,M049,SPANDREL,0.34675938000000006,BAJO,-36.0606976,0.0
6,50,M050,SPANDREL,0.2551504907487751,BAJO,-38.8191824375,2.7584848374999993
6,51,M051,SPANDREL,0.2459415909823052,BAJO,-41.577667274999996,5.516969674999999
6,52,M052,SPANDREL,0.21260835277737336,BAJO,-44.3361521125,8.275454512500005
6,53,M053,SPANDREL,0.22239977326213536,BAJO,-47.094636949999995,11.033939349999997
6,54,M054,SPANDREL,0.23973424606276236,BAJO,-49.8531217875,8.275454512499998
6,55,M055,SPANDREL,0.2253191594403107,BAJO,-52.611606625,5.516969674999999
6,56,M056,SPANDREL,0.2635574261935453,BAJO,-55.3700914625,2.7584848374999993
6,57,M057,SPANDREL,0.34314192000000004,BAJO,-58.1285763,0.0
6,58,M058,SPANDREL,0.24362288031268822,BAJO,-61.6469362,3.5183599
6,59,M059,SPANDREL,0.23681313582639812,BAJO,-65.1652961,7.036719800000007
6,60,M060,SPANDREL,0.24341843603939534,BAJO,-68.683656,10.5550797
6,61,M061,SPANDREL,0.21830172018631344,BAJO,-72.2020159,14.0734396
6,62,M062,SPANDREL,0.23366725239983502,BAJO,-75.7203758,10.555079700000007
6,63,M063,SPANDREL,0.21673792494001587,BAJO,-79.2387357,7.0367198
6,64,M064,SPANDREL,0.2517436429897779,BAJO,-82.75709560000001,3.518359899999993
6,65,M065,SPANDREL,0.3395244600000001,BAJO,-86.2754555,0.0
6,66,M066,SPANDREL,0.24197009512577292,BAJO,-89.67497112500001,3.3995156250000065
6,67,M067,SPANDREL,0.23500883667963127,BAJO,-93.07448675,6.799031249999999
6,68,M068,SPANDREL,0.24129058382302274,BAJO,-96.474002375,10.198546874999991
6,69,M069,SPANDREL,0.21594899171298973,BAJO,-99.873518,13.598062499999997
6,70,M070,SPANDREL,0.23152319887066644,BAJO,-103.27303362500001,10.198546874999991
6,71,M071,SPANDREL,0.21486522210709147,BAJO,-106.67254925,6.799031249999999
6,72,M072,SPANDREL,0.25013097523119526,BAJO,-110.072064875,3.3995156250000065
6,73,M073,SPANDREL,0.33590700000000007,BAJO,-113.4715805,0.0
6,74,M074,DECK_LONG,0.19992726612922257,BAJO,-37.439940018749994,1.379242418749996
6,75,M075,ARCH,0.324010152539191,BAJO,-37.439940018749994,1.379242418749996
6,76,M076,DECK_LONG,0.19521514349298097,BAJO,-40.19842485625,4.1377272562500025
6,77,M077,ARCH,0.26872742406184563,BAJO,-40.19842485625,4.1377272562500025
6,78,M078,DECK_LONG,0.175772510097146,BAJO,-42.95690969375,6.896212093750002
6,79,M079,ARCH,0.2836078241558968,BAJO,-42.95690969375,6.896212093750002
6,80,M080,DECK_LONG,0.16390198296915684,BAJO,-45.71539453125,9.654696931250001
6,81,M081,ARCH,0.2651054874254605,BAJO,-45.71539453125,9.654696931250001
6,82,M082,DECK_LONG,0.15659941937152114,BAJO,-48.47387936875,9.654696931250001
6,83,M083,ARCH,0.25397353072174755,BAJO,-48.47387936875,9.654696931250001
6,84,M084,DECK_LONG,0.1813261439074824,BAJO,-51.23236420625,6.896212093750002
6,85,M085,ARCH,0.2493209081012287,BAJO,-51.23236420625,6.896212093750002
6,86,M086,DECK_LONG,0.18515860579788807,BAJO,-53.99084904375,4.137727256249995
6,87,M087,ARCH,0.29893671502181823,BAJO,-53.99084904375,4.137727256249995
6,88,M088,DECK_LONG,0.20436251264744754,BAJO,-56.749333881249996,1.3792424187500032
6,89,M089,ARCH,0.33077119906087543,BAJO,-56.749333881249996,1.3792424187500032
6,90,M090,DECK_LONG,0.22356562699725688,BAJO,-59.887756249999995,1.7591799499999965
6,91,M091,ARCH,0.3083922254768634,BAJO,-59.887756249999995,1.7591799499999965
6,92,M092,DECK_LONG,0.18492775218939103,BAJO,-63.40611615,5.277539850000004
6,93,M093,ARCH,0.253973683677758,BAJO,-63.40611615,5.277539850000004
6,94,M094,DECK_LONG,0.16839981293952008,BAJO,-66.92447605000001,8.795899750000011
6,95,M095,ARCH,0.27205139408646223,BAJO,-66.92447605000001,8.795899750000011
6,96,M096,DECK_LONG,0.1584499646302659,BAJO,-70.44283595,12.314259650000004
6,97,M097,ARCH,0.2566358039933803,BAJO,-70.44283595,12.314259650000004
6,98,M098,DECK_LONG,0.17825621020904914,BAJO,-73.96119585,12.314259650000011
6,99,M099,ARCH,0.24561964070590617,BAJO,-73.96119585,12.314259650000011
6,100,M100,DECK_LONG,0.17384084082124932,BAJO,-77.47955575,8.795899750000004
6,101,M101,ARCH,0.2384596823166399,BAJO,-77.47955575,8.795899750000004
6,102,M102,DECK_LONG,0.17519471260047573,BAJO,-80.99791565000001,5.277539849999997
6,103,M103,ARCH,0.2832112039636855,BAJO,-80.99791565000001,5.277539849999997
6,104,M104,DECK_LONG,0.19433267725615946,BAJO,-84.51627555000002,1.7591799499999894
6,105,M105,ARCH,0.3149753107497686,BAJO,-84.51627555000002,1.7591799499999894
6,106,M106,DECK_LONG,0.21979177910574027,BAJO,-87.97521331250002,1.6997578125000103
6,107,M107,ARCH,0.30250959641343933,BAJO,-87.97521331250002,1.6997578125000103
6,108,M108,DECK_LONG,0.1817165594351955,BAJO,-91.37472893750001,5.099273437500003
6,109,M109,ARCH,0.29322412941432974,BAJO,-91.37472893750001,5.099273437500003
6,110,M110,DECK_LONG,0.1649923941282566,BAJO,-94.7742445625,8.498789062499995
6,111,M111,ARCH,0.26689457022359586,BAJO,-94.7742445625,8.498789062499995
6,112,M112,DECK_LONG,0.15487235213044498,BAJO,-98.1737601875,11.898304687499987
6,113,M113,ARCH,0.2511986680316473,BAJO,-98.1737601875,11.898304687499987
6,114,M114,DECK_LONG,0.17470030032707634,BAJO,-101.57327581250001,11.898304687499987
6,115,M115,ARCH,0.2401704338253799,BAJO,-101.57327581250001,11.898304687499987
6,116,M116,DECK_LONG,0.1704466881490254,BAJO,-104.9727914375,8.498789062499995
6,117,M117,ARCH,0.27520904281623126,BAJO,-104.9727914375,8.498789062499995
6,118,M118,DECK_LONG,0.1719406685795046,BAJO,-108.3723070625,5.099273437500003
6,119,M119,ARCH,0.27832185676845944,BAJO,-108.3723070625,5.099273437500003
6,120,M120,DECK_LONG,0.22412758051450302,BAJO,-111.77182268749999,1.6997578125000103
6,121,M121,ARCH,0.3091190497804556,BAJO,-111.77182268749999,1.6997578125000103
6,122,M122,SPANDREL,0.33332310000000004,BAJO,-36.0606976,0.0
6,123,M123,SPANDREL,0.24422147467057387,BAJO,-38.8191824375,2.7584848374999993
6,124,M124,SPANDREL,0.23601227209171524,BAJO,-41.577667274999996,5.516969674999999
6,125,M125,SPANDREL,0.24010081218824061,BAJO,-44.3361521125,8.275454512500005
6,126,M126,SPANDREL,0.21302798378917664,BAJO,-47.094636949999995,11.033939349999997
6,127,M127,SPANDREL,0.23020352680032843,BAJO,-49.8531217875,8.275454512499998
6,128,M128,SPANDREL,0.25396142547085865,BAJO,-52.611606625,5.516969674999999
6,129,M129,SPANDREL,0.25262841011534404,BAJO,-55.3700914625,2.7584848374999993
6,130,M130,SPANDREL,0.32970564,BAJO,-58.1285763,0.0
6,131,M131,SPANDREL,0.27407574035177423,BAJO,-61.6469362,3.5183599
6,132,M132,SPANDREL,0.2271472935477696,BAJO,-65.1652961,7.036719800000007
6,133,M133,SPANDREL,0.23402840734944833,BAJO,-68.683656,10.5550797
6,134,M134,SPANDREL,0.20899705670296234,BAJO,-72.2020159,14.0734396
6,135,M135,SPANDREL,0.224277223709888,BAJO,-75.7203758,10.555079700000007
6,136,M136,SPANDREL,0.24462016228221342,BAJO,-79.2387357,7.0367198
6,137,M137,SPANDREL,0.24118665150956142,BAJO,-82.75709560000001,3.518359899999993
6,138,M138,SPANDREL,0.32608818000000006,BAJO,-86.2754555,0.0
6,139,M139,SPANDREL,0.27257339552110676,BAJO,-89.67497112500001,3.3995156250000065
6,140,M140,SPANDREL,0.22531005929285283,BAJO,-93.07448675,6.799031249999999
6,141,M141,SPANDREL,0.23188495386890187,BAJO,-96.474002375,10.198546874999991
6,142,M142,SPANDREL,0.20663775823946112,BAJO,-99.873518,13.598062499999997
6,143,M143,SPANDREL,0.22211756891654563,BAJO,-103.27303362500001,10.198546874999991
6,144,M144,SPANDREL,0.24284246456895234,BAJO,-106.67254925,6.799031249999999
6,145,M145,SPANDREL,0.2395218310941462,BAJO,-110.072064875,3.3995156250000065
6,146,M146,SPANDREL,0.32247072000000004,BAJO,-113.4715805,0.0
6,147,M147,DECK_CROSS,0.23290335000000004,BAJO,-36.0606976,0.0
6,148,M148,DECK_CROSS,0.17110024297253862,BAJO,-38.8191824375,2.7584848374999993
6,149,M149,DECK_CROSS,0.1650836060306128,BAJO,-41.577667274999996,5.516969674999999
6,150,M150,DECK_CROSS,0.1677040024062902,BAJO,-44.3361521125,8.275454512500005
6,151,M151,DECK_CROSS,0.14917857194281292,BAJO,-47.094636949999995,11.033939349999997
6,152,M152,DECK_CROSS,0.1609558532781682,BAJO,-49.8531217875,8.275454512499998
6,153,M153,DECK_CROSS,0.1510228572519802,BAJO,-52.611606625,5.516969674999999
6,154,M154,DECK_CROSS,0.17683224441215464,BAJO,-55.3700914625,2.7584848374999993
6,155,M155,DECK_CROSS,0.23043690000000003,BAJO,-58.1285763,0.0
6,156,M156,DECK_CROSS,0.1633380674823705,BAJO,-61.6469362,3.5183599
6,157,M157,DECK_CROSS,0.1589287528505262,BAJO,-65.1652961,7.036719800000007
6,158,M158,DECK_CROSS,0.16350469537040582,BAJO,-68.683656,10.5550797
6,159,M159,DECK_CROSS,0.14640204781496427,BAJO,-72.2020159,14.0734396
6,160,M160,DECK_CROSS,0.1568561610707056,BAJO,-75.7203758,10.555079700000007
6,161,M161,DECK_CROSS,0.17084207244219243,BAJO,-79.2387357,7.0367198
6,162,M162,DECK_CROSS,0.16887495112584075,BAJO,-82.75709560000001,3.518359899999993
6,163,M163,DECK_CROSS,0.22797045000000005,BAJO,-86.2754555,0.0
6,164,M164,DECK_CROSS,0.16219749209526937,BAJO,-89.67497112500001,3.3995156250000065
6,165,M165,DECK_CROSS,0.15768991205776123,BAJO,-93.07448675,6.799031249999999
6,166,M166,DECK_CROSS,0.1620497958004558,BAJO,-96.474002375,10.198546874999991
6,167,M167,DECK_CROSS,0.1447961918654488,BAJO,-99.873518,13.598062499999997
6,168,M168,DECK_CROSS,0.155390215151122,BAJO,-103.27303362500001,10.198546874999991
6,169,M169,DECK_CROSS,0.1696438247460109,BAJO,-106.67254925,6.799031249999999
6,170,M170,DECK_CROSS,0.1677617285307846,BAJO,-110.072064875,3.3995156250000065
6,171,M171,DECK_CROSS,0.225504,BAJO,-113.4715805,0.0
7,1,M001,DECK_LONG,0.24359738569328487,BAJO,-37.439940018749994,1.379242418749996
7,2,M002,ARCH,0.3937876198463202,MODERADO,-37.439940018749994,1.379242418749996
7,3,M003,DECK_LONG,0.20187020520296897,BAJO,-40.19842485625,4.1377272562500025
7,4,M004,ARCH,0.3271921712430861,BAJO,-40.19842485625,4.1377272562500025
7,5,M005,DECK_LONG,0.2134909397256805,BAJO,-42.95690969375,6.896212093750002
7,6,M006,ARCH,0.2938374596043061,BAJO,-42.95690969375,6.896212093750002
7,7,M007,DECK_LONG,0.1994230947897552,BAJO,-45.71539453125,9.654696931250001
7,8,M008,ARCH,0.32179600767585054,BAJO,-45.71539453125,9.654696931250001
7,9,M009,DECK_LONG,0.19090343725918021,BAJO,-48.47387936875,9.654696931250001
7,10,M010,ARCH,0.3088087248548521,BAJO,-48.47387936875,9.654696931250001
7,11,M011,DECK_LONG,0.1872500199718412,BAJO,-51.23236420625,6.896212093750002
7,12,M012,ARCH,0.3037143490027701,BAJO,-51.23236420625,6.896212093750002
7,13,M013,DECK_LONG,0.22499038255100137,BAJO,-53.99084904375,4.137727256249995
7,14,M014,ARCH,0.30930706863494317,BAJO,-53.99084904375,4.137727256249995
7,15,M015,DECK_LONG,0.24877183996454727,BAJO,-56.749333881249996,1.3792424187500032
7,16,M016,ARCH,0.401675507454952,MODERADO,-56.749333881249996,1.3792424187500032
7,17,M017,DECK_LONG,0.2317597113943827,BAJO,-59.887756249999995,1.7591799499999965
7,18,M018,ARCH,0.37515146202645255,MODERADO,-59.887756249999995,1.7591799499999965
7,19,M019,DECK_LONG,0.22443244228557674,BAJO,-63.40611615,5.277539850000004
7,20,M020,ARCH,0.3095395182510132,BAJO,-63.40611615,5.277539850000004
7,21,M021,DECK_LONG,0.20471867405006278,BAJO,-66.92447605000001,8.795899750000011
7,22,M022,ARCH,0.28110595013964473,BAJO,-66.92447605000001,8.795899750000011
7,23,M023,DECK_LONG,0.19297706840949613,BAJO,-70.44283595,12.314259650000004
7,24,M024,ARCH,0.31178462143869873,BAJO,-70.44283595,12.314259650000004
7,25,M025,DECK_LONG,0.1845460314401492,BAJO,-73.96119585,12.314259650000011
7,26,M026,ARCH,0.2989324309366455,BAJO,-73.96119585,12.314259650000011
7,27,M027,DECK_LONG,0.21106653991208021,BAJO,-77.47955575,8.795899750000004
7,28,M028,ARCH,0.2907825749293055,BAJO,-77.47955575,8.795899750000004
7,29,M029,DECK_LONG,0.21307722943184215,BAJO,-80.99791565000001,5.277539849999997
7,30,M030,ARCH,0.3436499585845953,BAJO,-80.99791565000001,5.277539849999997
7,31,M031,DECK_LONG,0.23679796598991282,BAJO,-84.51627555000002,1.7591799499999894
7,32,M032,ARCH,0.3828317281781753,MODERADO,-84.51627555000002,1.7591799499999894
7,33,M033,DECK_LONG,0.2272404635772044,BAJO,-87.97521331250002,1.6997578125000103
7,34,M034,ARCH,0.3683499203387173,MODERADO,-87.97521331250002,1.6997578125000103
7,35,M035,DECK_LONG,0.22072428079074638,BAJO,-91.37472893750001,5.099273437500003
7,36,M036,ARCH,0.3037433806937675,BAJO,-91.37472893750001,5.099273437500003
7,37,M037,DECK_LONG,0.20076347241446532,BAJO,-94.7742445625,8.498789062499995
7,38,M038,ARCH,0.32398728202635874,BAJO,-94.7742445625,8.498789062499995
7,39,M039,DECK_LONG,0.18881208327783197,BAJO,-98.1737601875,11.898304687499987
7,40,M040,ARCH,0.30545485730569144,BAJO,-98.1737601875,11.898304687499987
7,41,M041,DECK_LONG,0.18037180803196862,BAJO,-101.57327581250001,11.898304687499987
7,42,M042,ARCH,0.2925885840650461,BAJO,-101.57327581250001,11.898304687499987
7,43,M043,DECK_LONG,0.20712681543869563,BAJO,-104.9727914375,8.498789062499995
7,44,M044,ARCH,0.2847013990261566,BAJO,-104.9727914375,8.498789062499995
7,45,M045,DECK_LONG,0.20931907479244036,BAJO,-108.3723070625,5.099273437500003
7,46,M046,ARCH,0.3380039977080477,BAJO,-108.3723070625,5.099273437500003
7,47,M047,DECK_LONG,0.23229889855409425,BAJO,-111.77182268749999,1.6997578125000103
7,48,M048,ARCH,0.376060949266903,MODERADO,-111.77182268749999,1.6997578125000103
7,49,M049,SPANDREL,0.4045526100000001,MODERADO,-36.0606976,0.0
7,50,M050,SPANDREL,0.2976755725402376,BAJO,-38.8191824375,2.7584848374999993
7,51,M051,SPANDREL,0.2869318561460227,BAJO,-41.577667274999996,5.516969674999999
7,52,M052,SPANDREL,0.24804307824026886,BAJO,-44.3361521125,8.275454512500005
7,53,M053,SPANDREL,0.2594664021391579,BAJO,-47.094636949999995,11.033939349999997
7,54,M054,SPANDREL,0.27968995373988936,BAJO,-49.8531217875,8.275454512499998
7,55,M055,SPANDREL,0.2628723526803624,BAJO,-52.611606625,5.516969674999999
7,56,M056,SPANDREL,0.30748366389246945,BAJO,-55.3700914625,2.7584848374999993
7,57,M057,SPANDREL,0.40033224000000006,MODERADO,-58.1285763,0.0
7,58,M058,SPANDREL,0.2842266936981362,BAJO,-61.6469362,3.5183599
7,59,M059,SPANDREL,0.27628199179746443,BAJO,-65.1652961,7.036719800000007
7,60,M060,SPANDREL,0.2839881753792945,BAJO,-68.683656,10.5550797
7,61,M061,SPANDREL,0.2546853402173656,BAJO,-72.2020159,14.0734396
7,62,M062,SPANDREL,0.27261179446647416,BAJO,-75.7203758,10.555079700000007
7,63,M063,SPANDREL,0.25286091243001846,BAJO,-79.2387357,7.0367198
7,64,M064,SPANDREL,0.2937009168214075,BAJO,-82.75709560000001,3.518359899999993
7,65,M065,SPANDREL,0.3961118700000001,MODERADO,-86.2754555,0.0
7,66,M066,SPANDREL,0.28229844431340173,BAJO,-89.67497112500001,3.3995156250000065
7,67,M067,SPANDREL,0.2741769761262365,BAJO,-93.07448675,6.799031249999999
7,68,M068,SPANDREL,0.2815056811268598,BAJO,-96.474002375,10.198546874999991
7,69,M069,SPANDREL,0.2519404903318213,BAJO,-99.873518,13.598062499999997
7,70,M070,SPANDREL,0.2701103986824442,BAJO,-103.27303362500001,10.198546874999991
7,71,M071,SPANDREL,0.2506760924582734,BAJO,-106.67254925,6.799031249999999
7,72,M072,SPANDREL,0.2918194711030611,BAJO,-110.072064875,3.3995156250000065
7,73,M073,SPANDREL,0.39189150000000006,MODERADO,-113.4715805,0.0
7,74,M074,DECK_LONG,0.23324847715075966,BAJO,-37.439940018749994,1.379242418749996
7,75,M075,ARCH,0.37801184462905624,MODERADO,-37.439940018749994,1.379242418749996
7,76,M076,DECK_LONG,0.22775100074181112,BAJO,-40.19842485625,4.1377272562500025
7,77,M077,ARCH,0.3135153280721532,BAJO,-40.19842485625,4.1377272562500025
7,78,M078,DECK_LONG,0.20506792844667035,BAJO,-42.95690969375,6.896212093750002
7,79,M079,ARCH,0.33087579484854635,BAJO,-42.95690969375,6.896212093750002
7,80,M080,DECK_LONG,0.19121898013068298,BAJO,-45.71539453125,9.654696931250001
7,81,M081,ARCH,0.3092897353297039,BAJO,-45.71539453125,9.654696931250001
7,82,M082,DECK_LONG,0.182699322600108,BAJO,-48.47387936875,9.654696931250001
7,83,M083,ARCH,0.29630245250870546,BAJO,-48.47387936875,9.654696931250001
7,84,M084,DECK_LONG,0.2115471678920628,BAJO,-51.23236420625,6.896212093750002
7,85,M085,ARCH,0.29087439278476684,BAJO,-51.23236420625,6.896212093750002
7,86,M086,DECK_LONG,0.2160183734308694,BAJO,-53.99084904375,4.137727256249995
7,87,M087,ARCH,0.34875950085878793,BAJO,-53.99084904375,4.137727256249995
7,88,M088,DECK_LONG,0.23842293142202212,BAJO,-56.749333881249996,1.3792424187500032
7,89,M089,ARCH,0.385899732237688,MODERADO,-56.749333881249996,1.3792424187500032
7,90,M090,DECK_LONG,0.260826564830133,BAJO,-59.887756249999995,1.7591799499999965
7,91,M091,ARCH,0.35979092972300725,MODERADO,-59.887756249999995,1.7591799499999965
7,92,M092,DECK_LONG,0.2157490442209562,BAJO,-63.40611615,5.277539850000004
7,93,M093,ARCH,0.29630263095738435,BAJO,-63.40611615,5.277539850000004
7,94,M094,DECK_LONG,0.19646644842944008,BAJO,-66.92447605000001,8.795899750000011
7,95,M095,ARCH,0.31739329310087255,BAJO,-66.92447605000001,8.795899750000011
7,96,M096,DECK_LONG,0.18485829206864354,BAJO,-70.44283595,12.314259650000004
7,97,M097,ARCH,0.29940843799227707,BAJO,-70.44283595,12.314259650000004
7,98,M098,DECK_LONG,0.207965578577224,BAJO,-73.96119585,12.314259650000011
7,99,M099,ARCH,0.28655624749022385,BAJO,-73.96119585,12.314259650000011
7,100,M100,DECK_LONG,0.20281431429145752,BAJO,-77.47955575,8.795899750000004
7,101,M101,ARCH,0.2782029627027465,BAJO,-77.47955575,8.795899750000004
7,102,M102,DECK_LONG,0.20439383136722167,BAJO,-80.99791565000001,5.277539849999997
7,103,M103,ARCH,0.3304130712909664,BAJO,-80.99791565000001,5.277539849999997
7,104,M104,DECK_LONG,0.22672145679885272,BAJO,-84.51627555000002,1.7591799499999894
7,105,M105,ARCH,0.36747119587473004,MODERADO,-84.51627555000002,1.7591799499999894
7,106,M106,DECK_LONG,0.25642374229003034,BAJO,-87.97521331250002,1.6997578125000103
7,107,M107,ARCH,0.35292786248234587,MODERADO,-87.97521331250002,1.6997578125000103
7,108,M108,DECK_LONG,0.21200265267439472,BAJO,-91.37472893750001,5.099273437500003
7,109,M109,ARCH,0.3420948176500513,BAJO,-91.37472893750001,5.099273437500003
7,110,M110,DECK_LONG,0.19249112648296599,BAJO,-94.7742445625,8.498789062499995
7,111,M111,ARCH,0.31137699859419515,BAJO,-94.7742445625,8.498789062499995
7,112,M112,DECK_LONG,0.18068441081885245,BAJO,-98.1737601875,11.898304687499987
7,113,M113,ARCH,0.2930651127035885,BAJO,-98.1737601875,11.898304687499987
7,114,M114,DECK_LONG,0.20381701704825572,BAJO,-101.57327581250001,11.898304687499987
7,115,M115,ARCH,0.28019883946294316,BAJO,-101.57327581250001,11.898304687499987
7,116,M116,DECK_LONG,0.19885446950719624,BAJO,-104.9727914375,8.498789062499995
7,117,M117,ARCH,0.32107721661893646,BAJO,-104.9727914375,8.498789062499995
7,118,M118,DECK_LONG,0.2005974466760887,BAJO,-108.3723070625,5.099273437500003
7,119,M119,ARCH,0.32470883289653596,BAJO,-108.3723070625,5.099273437500003
7,120,M120,DECK_LONG,0.2614821772669202,BAJO,-111.77182268749999,1.6997578125000103
7,121,M121,ARCH,0.36063889141053157,MODERADO,-111.77182268749999,1.6997578125000103
7,122,M122,SPANDREL,0.38887695000000005,MODERADO,-36.0606976,0.0
7,123,M123,SPANDREL,0.2849250537823361,BAJO,-38.8191824375,2.7584848374999993
7,124,M124,SPANDREL,0.27534765077366774,BAJO,-41.577667274999996,5.516969674999999
7,125,M125,SPANDREL,0.280117614219614,BAJO,-44.3361521125,8.275454512500005
7,126,M126,SPANDREL,0.24853264775403938,BAJO,-47.094636949999995,11.033939349999997
7,127,M127,SPANDREL,0.26857078126704975,BAJO,-49.8531217875,8.275454512499998
7,128,M128,SPANDREL,0.2962883297160017,BAJO,-52.611606625,5.516969674999999
7,129,M129,SPANDREL,0.294733145134568,BAJO,-55.3700914625,2.7584848374999993
7,130,M130,SPANDREL,0.38465658,MODERADO,-58.1285763,0.0
7,131,M131,SPANDREL,0.3197550304104032,BAJO,-61.6469362,3.5183599
7,132,M132,SPANDREL,0.2650051758057312,BAJO,-65.1652961,7.036719800000007
7,133,M133,SPANDREL,0.2730331419076897,BAJO,-68.683656,10.5550797
7,134,M134,SPANDREL,0.24382989948678935,BAJO,-72.2020159,14.0734396
7,135,M135,SPANDREL,0.2616567609948693,BAJO,-75.7203758,10.555079700000007
7,136,M136,SPANDREL,0.285390189329249,BAJO,-79.2387357,7.0367198
7,137,M137,SPANDREL,0.2813844267611549,BAJO,-82.75709560000001,3.518359899999993
7,138,M138,SPANDREL,0.38043621000000005,MODERADO,-86.2754555,0.0
7,139,M139,SPANDREL,0.3180022947746245,BAJO,-89.67497112500001,3.3995156250000065
7,140,M140,SPANDREL,0.2628617358416616,BAJO,-93.07448675,6.799031249999999
7,141,M141,SPANDREL,0.27053244618038547,BAJO,-96.474002375,10.198546874999991
7,142,M142,SPANDREL,0.24107738461270461,BAJO,-99.873518,13.598062499999997
7,143,M143,SPANDREL,0.2591371637359699,BAJO,-103.27303362500001,10.198546874999991
7,144,M144,SPANDREL,0.2833162086637777,BAJO,-106.67254925,6.799031249999999
7,145,M145,SPANDREL,0.2794421362765039,BAJO,-110.072064875,3.3995156250000065
7,146,M146,SPANDREL,0.3762158400000001,MODERADO,-113.4715805,0.0
7,147,M147,DECK_CROSS,0.27172057499999996,BAJO,-36.0606976,0.0
7,148,M148,DECK_CROSS,0.19961695013462835,BAJO,-38.8191824375,2.7584848374999993
7,149,M149,DECK_CROSS,0.19259754036904822,BAJO,-41.577667274999996,5.516969674999999
7,150,M150,DECK_CROSS,0.1956546694740052,BAJO,-44.3361521125,8.275454512500005
7,151,M151,DECK_CROSS,0.17404166726661502,BAJO,-47.094636949999995,11.033939349999997
7,152,M152,DECK_CROSS,0.18778182882452957,BAJO,-49.8531217875,8.275454512499998
7,153,M153,DECK_CROSS,0.1761933334606435,BAJO,-52.611606625,5.516969674999999
7,154,M154,DECK_CROSS,0.20630428514751373,BAJO,-55.3700914625,2.7584848374999993
7,155,M155,DECK_CROSS,0.26884305,BAJO,-58.1285763,0.0
7,156,M156,DECK_CROSS,0.1905610787294322,BAJO,-61.6469362,3.5183599
7,157,M157,DECK_CROSS,0.1854168783256139,BAJO,-65.1652961,7.036719800000007
7,158,M158,DECK_CROSS,0.1907554779321401,BAJO,-68.683656,10.5550797
7,159,M159,DECK_CROSS,0.17080238911745832,BAJO,-72.2020159,14.0734396
7,160,M160,DECK_CROSS,0.18299885458248982,BAJO,-75.7203758,10.555079700000007
7,161,M161,DECK_CROSS,0.19931575118255782,BAJO,-79.2387357,7.0367198
7,162,M162,DECK_CROSS,0.19702077631348083,BAJO,-82.75709560000001,3.518359899999993
7,163,M163,DECK_CROSS,0.265965525,BAJO,-86.2754555,0.0
7,164,M164,DECK_CROSS,0.18923040744448089,BAJO,-89.67497112500001,3.3995156250000065
7,165,M165,DECK_CROSS,0.18397156406738807,BAJO,-93.07448675,6.799031249999999
7,166,M166,DECK_CROSS,0.18905809510053176,BAJO,-96.474002375,10.198546874999991
7,167,M167,DECK_CROSS,0.16892889050969023,BAJO,-99.873518,13.598062499999997
7,168,M168,DECK_CROSS,0.18128858434297565,BAJO,-103.27303362500001,10.198546874999991
7,169,M169,DECK_CROSS,0.1979177955370127,BAJO,-106.67254925,6.799031249999999
7,170,M170,DECK_CROSS,0.19572201661924868,BAJO,-110.072064875,3.3995156250000065
7,171,M171,DECK_CROSS,0.263088,BAJO,-113.4715805,0.0
8,1,M001,DECK_LONG,0.27839701222089697,BAJO,-37.439940018749994,1.379242418749996
8,2,M002,ARCH,0.4500429941100803,MODERADO,-37.439940018749994,1.379242418749996
8,3,M003,DECK_LONG,0.2307088059462503,BAJO,-40.19842485625,4.1377272562500025
8,4,M004,ARCH,0.3739339099920984,MODERADO,-40.19842485625,4.1377272562500025
8,5,M005,DECK_LONG,0.24398964540077775,BAJO,-42.95690969375,6.896212093750002
8,6,M006,ARCH,0.3358142395477784,BAJO,-42.95690969375,6.896212093750002
8,7,M007,DECK_LONG,0.22791210833114886,BAJO,-45.71539453125,9.654696931250001
8,8,M008,ARCH,0.3677668659152578,MODERADO,-45.71539453125,9.654696931250001
8,9,M009,DECK_LONG,0.21817535686763456,BAJO,-48.47387936875,9.654696931250001
8,10,M010,ARCH,0.3529242569769739,MODERADO,-48.47387936875,9.654696931250001
8,11,M011,DECK_LONG,0.2140000228249614,BAJO,-51.23236420625,6.896212093750002
8,12,M012,ARCH,0.347102113146023,BAJO,-51.23236420625,6.896212093750002
8,13,M013,DECK_LONG,0.257131865772573,BAJO,-53.99084904375,4.137727256249995
8,14,M014,ARCH,0.35349379272564935,MODERADO,-53.99084904375,4.137727256249995
8,15,M015,DECK_LONG,0.2843106742451969,BAJO,-56.749333881249996,1.3792424187500032
8,16,M016,ARCH,0.45905772280565943,MODERADO,-56.749333881249996,1.3792424187500032
8,17,M017,DECK_LONG,0.2648682415935802,BAJO,-59.887756249999995,1.7591799499999965
8,18,M018,ARCH,0.42874452803023144,MODERADO,-59.887756249999995,1.7591799499999965
8,19,M019,DECK_LONG,0.25649421975494485,BAJO,-63.40611615,5.277539850000004
8,20,M020,ARCH,0.35375944942972937,MODERADO,-63.40611615,5.277539850000004
8,21,M021,DECK_LONG,0.2339641989143575,BAJO,-66.92447605000001,8.795899750000011
8,22,M022,ARCH,0.3212639430167369,BAJO,-66.92447605000001,8.795899750000011
8,23,M023,DECK_LONG,0.22054522103942414,BAJO,-70.44283595,12.314259650000004
8,24,M024,ARCH,0.3563252816442271,MODERADO,-70.44283595,12.314259650000004
8,25,M025,DECK_LONG,0.2109097502173134,BAJO,-73.96119585,12.314259650000011
8,26,M026,ARCH,0.3416370639275949,BAJO,-73.96119585,12.314259650000011
8,27,M027,DECK_LONG,0.24121890275666316,BAJO,-77.47955575,8.795899750000004
8,28,M028,ARCH,0.33232294277634916,BAJO,-77.47955575,8.795899750000004
8,29,M029,DECK_LONG,0.24351683363639104,BAJO,-80.99791565000001,5.277539849999997
8,30,M030,ARCH,0.39274280981096604,MODERADO,-80.99791565000001,5.277539849999997
8,31,M031,DECK_LONG,0.27062624684561465,BAJO,-84.51627555000002,1.7591799499999894
8,32,M032,ARCH,0.4375219750607718,MODERADO,-84.51627555000002,1.7591799499999894
8,33,M033,DECK_LONG,0.2597033869453764,BAJO,-87.97521331250002,1.6997578125000103
8,34,M034,ARCH,0.4209713375299626,MODERADO,-87.97521331250002,1.6997578125000103
8,35,M035,DECK_LONG,0.25225632090371014,BAJO,-91.37472893750001,5.099273437500003
8,36,M036,ARCH,0.3471352922214486,BAJO,-91.37472893750001,5.099273437500003
8,37,M037,DECK_LONG,0.22944396847367468,BAJO,-94.7742445625,8.498789062499995
8,38,M038,ARCH,0.37027117945869575,MODERADO,-94.7742445625,8.498789062499995
8,39,M039,DECK_LONG,0.21578523803180796,BAJO,-98.1737601875,11.898304687499987
8,40,M040,ARCH,0.34909126549221886,BAJO,-98.1737601875,11.898304687499987
8,41,M041,DECK_LONG,0.2061392091793927,BAJO,-101.57327581250001,11.898304687499987
8,42,M042,ARCH,0.3343869532171956,BAJO,-101.57327581250001,11.898304687499987
8,43,M043,DECK_LONG,0.23671636050136644,BAJO,-104.9727914375,8.498789062499995
8,44,M044,ARCH,0.3253730274584647,BAJO,-104.9727914375,8.498789062499995
8,45,M045,DECK_LONG,0.23922179976278898,BAJO,-108.3723070625,5.099273437500003
8,46,M046,ARCH,0.3862902830949117,MODERADO,-108.3723070625,5.099273437500003
8,47,M047,DECK_LONG,0.2654844554903934,BAJO,-111.77182268749999,1.6997578125000103
8,48,M048,ARCH,0.42978394201931763,MODERADO,-111.77182268749999,1.6997578125000103
8,49,M049,SPANDREL,0.46234584000000006,MODERADO,-36.0606976,0.0
8,50,M050,SPANDREL,0.3402006543317001,BAJO,-38.8191824375,2.7584848374999993
8,51,M051,SPANDREL,0.3279221213097403,BAJO,-41.577667274999996,5.516969674999999
8,52,M052,SPANDREL,0.2834778037031645,BAJO,-44.3361521125,8.275454512500005
8,53,M053,SPANDREL,0.2965330310161805,BAJO,-47.094636949999995,11.033939349999997
8,54,M054,SPANDREL,0.3196456614170165,BAJO,-49.8531217875,8.275454512499998
8,55,M055,SPANDREL,0.30042554592041426,BAJO,-52.611606625,5.516969674999999
8,56,M056,SPANDREL,0.3514099015913937,MODERADO,-55.3700914625,2.7584848374999993
8,57,M057,SPANDREL,0.45752256,MODERADO,-58.1285763,0.0
8,58,M058,SPANDREL,0.3248305070835843,BAJO,-61.6469362,3.5183599
8,59,M059,SPANDREL,0.3157508477685308,BAJO,-65.1652961,7.036719800000007
8,60,M060,SPANDREL,0.32455791471919376,BAJO,-68.683656,10.5550797
8,61,M061,SPANDREL,0.2910689602484179,BAJO,-72.2020159,14.0734396
8,62,M062,SPANDREL,0.3115563365331133,BAJO,-75.7203758,10.555079700000007
8,63,M063,SPANDREL,0.28898389992002116,BAJO,-79.2387357,7.0367198
8,64,M064,SPANDREL,0.3356581906530372,BAJO,-82.75709560000001,3.518359899999993
8,65,M065,SPANDREL,0.4526992800000001,MODERADO,-86.2754555,0.0
8,66,M066,SPANDREL,0.3226267935010306,BAJO,-89.67497112500001,3.3995156250000065
8,67,M067,SPANDREL,0.31334511557284167,BAJO,-93.07448675,6.799031249999999
8,68,M068,SPANDREL,0.3217207784306969,BAJO,-96.474002375,10.198546874999991
8,69,M069,SPANDREL,0.28793198895065303,BAJO,-99.873518,13.598062499999997
8,70,M070,SPANDREL,0.3086975984942219,BAJO,-103.27303362500001,10.198546874999991
8,71,M071,SPANDREL,0.2864869628094553,BAJO,-106.67254925,6.799031249999999
8,72,M072,SPANDREL,0.333507966974927,BAJO,-110.072064875,3.3995156250000065
8,73,M073,SPANDREL,0.44787600000000005,MODERADO,-113.4715805,0.0
8,74,M074,DECK_LONG,0.26656968817229676,BAJO,-37.439940018749994,1.379242418749996
8,75,M075,ARCH,0.4320135367189215,MODERADO,-37.439940018749994,1.379242418749996
8,76,M076,DECK_LONG,0.26028685799064133,BAJO,-40.19842485625,4.1377272562500025
8,77,M077,ARCH,0.35830323208246084,MODERADO,-40.19842485625,4.1377272562500025
8,78,M078,DECK_LONG,0.2343633467961947,BAJO,-42.95690969375,6.896212093750002
8,79,M079,ARCH,0.37814376554119583,MODERADO,-42.95690969375,6.896212093750002
8,80,M080,DECK_LONG,0.21853597729220917,BAJO,-45.71539453125,9.654696931250001
8,81,M081,ARCH,0.3534739832339473,MODERADO,-45.71539453125,9.654696931250001
8,82,M082,DECK_LONG,0.2087992258286949,BAJO,-48.47387936875,9.654696931250001
8,83,M083,ARCH,0.3386313742956634,BAJO,-48.47387936875,9.654696931250001
8,84,M084,DECK_LONG,0.2417681918766432,BAJO,-51.23236420625,6.896212093750002
8,85,M085,ARCH,0.332427877468305,BAJO,-51.23236420625,6.896212093750002
8,86,M086,DECK_LONG,0.24687814106385078,BAJO,-53.99084904375,4.137727256249995
8,87,M087,ARCH,0.3985822866957577,MODERADO,-53.99084904375,4.137727256249995
8,88,M088,DECK_LONG,0.2724833501965967,BAJO,-56.749333881249996,1.3792424187500032
8,89,M089,ARCH,0.4410282654145006,MODERADO,-56.749333881249996,1.3792424187500032
8,90,M090,DECK_LONG,0.29808750266300915,BAJO,-59.887756249999995,1.7591799499999965
8,91,M091,ARCH,0.41118963396915115,MODERADO,-59.887756249999995,1.7591799499999965
8,92,M092,DECK_LONG,0.2465703362525214,BAJO,-63.40611615,5.277539850000004
8,93,M093,ARCH,0.33863157823701073,BAJO,-63.40611615,5.277539850000004
8,94,M094,DECK_LONG,0.22453308391936014,BAJO,-66.92447605000001,8.795899750000011
8,95,M095,ARCH,0.36273519211528293,MODERADO,-66.92447605000001,8.795899750000011
8,96,M096,DECK_LONG,0.2112666195070212,BAJO,-70.44283595,12.314259650000004
8,97,M097,ARCH,0.3421810719911738,BAJO,-70.44283595,12.314259650000004
8,98,M098,DECK_LONG,0.23767494694539887,BAJO,-73.96119585,12.314259650000011
8,99,M099,ARCH,0.32749285427454156,BAJO,-73.96119585,12.314259650000011
8,100,M100,DECK_LONG,0.23178778776166578,BAJO,-77.47955575,8.795899750000004
8,101,M101,ARCH,0.31794624308885316,BAJO,-77.47955575,8.795899750000004
8,102,M102,DECK_LONG,0.23359295013396764,BAJO,-80.99791565000001,5.277539849999997
8,103,M103,ARCH,0.3776149386182473,MODERADO,-80.99791565000001,5.277539849999997
8,104,M104,DECK_LONG,0.25911023634154595,BAJO,-84.51627555000002,1.7591799499999894
8,105,M105,ARCH,0.4199670809996915,MODERADO,-84.51627555000002,1.7591799499999894
8,106,M106,DECK_LONG,0.2930557054743203,BAJO,-87.97521331250002,1.6997578125000103
8,107,M107,ARCH,0.4033461285512524,MODERADO,-87.97521331250002,1.6997578125000103
8,108,M108,DECK_LONG,0.24228874591359398,BAJO,-91.37472893750001,5.099273437500003
8,109,M109,ARCH,0.39096550588577295,MODERADO,-91.37472893750001,5.099273437500003
8,110,M110,DECK_LONG,0.2199898588376754,BAJO,-94.7742445625,8.498789062499995
8,111,M111,ARCH,0.35585942696479445,MODERADO,-94.7742445625,8.498789062499995
8,112,M112,DECK_LONG,0.20649646950725994,BAJO,-98.1737601875,11.898304687499987
8,113,M113,ARCH,0.33493155737552976,BAJO,-98.1737601875,11.898304687499987
8,114,M114,DECK_LONG,0.2329337337694351,BAJO,-101.57327581250001,11.898304687499987
8,115,M115,ARCH,0.32022724510050654,BAJO,-101.57327581250001,11.898304687499987
8,116,M116,DECK_LONG,0.22726225086536714,BAJO,-104.9727914375,8.498789062499995
8,117,M117,ARCH,0.36694539042164165,MODERADO,-104.9727914375,8.498789062499995
8,118,M118,DECK_LONG,0.2292542247726728,BAJO,-108.3723070625,5.099273437500003
8,119,M119,ARCH,0.3710958090246126,MODERADO,-108.3723070625,5.099273437500003
8,120,M120,DECK_LONG,0.29883677401933734,BAJO,-111.77182268749999,1.6997578125000103
8,121,M121,ARCH,0.41215873304060746,MODERADO,-111.77182268749999,1.6997578125000103
8,122,M122,SPANDREL,0.44443080000000007,MODERADO,-36.0606976,0.0
8,123,M123,SPANDREL,0.3256286328940985,BAJO,-38.8191824375,2.7584848374999993
8,124,M124,SPANDREL,0.3146830294556204,BAJO,-41.577667274999996,5.516969674999999
8,125,M125,SPANDREL,0.3201344162509875,BAJO,-44.3361521125,8.275454512500005
8,126,M126,SPANDREL,0.2840373117189022,BAJO,-47.094636949999995,11.033939349999997
8,127,M127,SPANDREL,0.3069380357337712,BAJO,-49.8531217875,8.275454512499998
8,128,M128,SPANDREL,0.3386152339611449,BAJO,-52.611606625,5.516969674999999
8,129,M129,SPANDREL,0.336837880153792,BAJO,-55.3700914625,2.7584848374999993
8,130,M130,SPANDREL,0.43960752000000003,MODERADO,-58.1285763,0.0
8,131,M131,SPANDREL,0.36543432046903235,MODERADO,-61.6469362,3.5183599
8,132,M132,SPANDREL,0.3028630580636928,BAJO,-65.1652961,7.036719800000007
8,133,M133,SPANDREL,0.31203787646593106,BAJO,-68.683656,10.5550797
8,134,M134,SPANDREL,0.27866274227061644,BAJO,-72.2020159,14.0734396
8,135,M135,SPANDREL,0.2990362982798506,BAJO,-75.7203758,10.555079700000007
8,136,M136,SPANDREL,0.32616021637628456,BAJO,-79.2387357,7.0367198
8,137,M137,SPANDREL,0.32158220201274856,BAJO,-82.75709560000001,3.518359899999993
8,138,M138,SPANDREL,0.43478424000000004,MODERADO,-86.2754555,0.0
8,139,M139,SPANDREL,0.3634311940281423,MODERADO,-89.67497112500001,3.3995156250000065
8,140,M140,SPANDREL,0.3004134123904704,BAJO,-93.07448675,6.799031249999999
8,141,M141,SPANDREL,0.30917993849186914,BAJO,-96.474002375,10.198546874999991
8,142,M142,SPANDREL,0.2755170109859482,BAJO,-99.873518,13.598062499999997
8,143,M143,SPANDREL,0.29615675855539414,BAJO,-103.27303362500001,10.198546874999991
8,144,M144,SPANDREL,0.32378995275860306,BAJO,-106.67254925,6.799031249999999
8,145,M145,SPANDREL,0.3193624414588616,BAJO,-110.072064875,3.3995156250000065
8,146,M146,SPANDREL,0.42996096000000006,MODERADO,-113.4715805,0.0
8,147,M147,DECK_CROSS,0.31053780000000003,BAJO,-36.0606976,0.0
8,148,M148,DECK_CROSS,0.22813365729671817,BAJO,-38.8191824375,2.7584848374999993
8,149,M149,DECK_CROSS,0.2201114747074838,BAJO,-41.577667274999996,5.516969674999999
8,150,M150,DECK_CROSS,0.22360533654172024,BAJO,-44.3361521125,8.275454512500005
8,151,M151,DECK_CROSS,0.1989047625904172,BAJO,-47.094636949999995,11.033939349999997
8,152,M152,DECK_CROSS,0.21460780437089094,BAJO,-49.8531217875,8.275454512499998
8,153,M153,DECK_CROSS,0.20136380966930695,BAJO,-52.611606625,5.516969674999999
8,154,M154,DECK_CROSS,0.23577632588287287,BAJO,-55.3700914625,2.7584848374999993
8,155,M155,DECK_CROSS,0.3072492,BAJO,-58.1285763,0.0
8,156,M156,DECK_CROSS,0.21778408997649398,BAJO,-61.6469362,3.5183599
8,157,M157,DECK_CROSS,0.21190500380070157,BAJO,-65.1652961,7.036719800000007
8,158,M158,DECK_CROSS,0.2180062604938744,BAJO,-68.683656,10.5550797
8,159,M159,DECK_CROSS,0.19520273041995237,BAJO,-72.2020159,14.0734396
8,160,M160,DECK_CROSS,0.2091415480942741,BAJO,-75.7203758,10.555079700000007
8,161,M161,DECK_CROSS,0.2277894299229232,BAJO,-79.2387357,7.0367198
8,162,M162,DECK_CROSS,0.225166601501121,BAJO,-82.75709560000001,3.518359899999993
8,163,M163,DECK_CROSS,0.3039606000000001,BAJO,-86.2754555,0.0
8,164,M164,DECK_CROSS,0.21626332279369248,BAJO,-89.67497112500001,3.3995156250000065
8,165,M165,DECK_CROSS,0.21025321607701497,BAJO,-93.07448675,6.799031249999999
8,166,M166,DECK_CROSS,0.21606639440060774,BAJO,-96.474002375,10.198546874999991
8,167,M167,DECK_CROSS,0.1930615891539317,BAJO,-99.873518,13.598062499999997
8,168,M168,DECK_CROSS,0.2071869535348293,BAJO,-103.27303362500001,10.198546874999991
8,169,M169,DECK_CROSS,0.22619176632801452,BAJO,-106.67254925,6.799031249999999
8,170,M170,DECK_CROSS,0.2236823047077128,BAJO,-110.072064875,3.3995156250000065
8,171,M171,DECK_CROSS,0.30067200000000005,BAJO,-113.4715805,0.0
9,1,M001,DECK_LONG,0.31319663874850917,BAJO,-37.439940018749994,1.379242418749996
9,2,M002,ARCH,0.5062983683738403,MODERADO,-37.439940018749994,1.379242418749996
9,3,M003,DECK_LONG,0.2595474066895316,BAJO,-40.19842485625,4.1377272562500025
9,4,M004,ARCH,0.4206756487411108,MODERADO,-40.19842485625,4.1377272562500025
9,5,M005,DECK_LONG,0.274488351075875,BAJO,-42.95690969375,6.896212093750002
9,6,M006,ARCH,0.3777910194912507,MODERADO,-42.95690969375,6.896212093750002
9,7,M007,DECK_LONG,0.2564011218725425,BAJO,-45.71539453125,9.654696931250001
9,8,M008,ARCH,0.4137377241546651,MODERADO,-45.71539453125,9.654696931250001
9,9,M009,DECK_LONG,0.24544727647608894,BAJO,-48.47387936875,9.654696931250001
9,10,M010,ARCH,0.3970397890990957,MODERADO,-48.47387936875,9.654696931250001
9,11,M011,DECK_LONG,0.24075002567808157,BAJO,-51.23236420625,6.896212093750002
9,12,M012,ARCH,0.3904898772892759,MODERADO,-51.23236420625,6.896212093750002
9,13,M013,DECK_LONG,0.2892733489941447,BAJO,-53.99084904375,4.137727256249995
9,14,M014,ARCH,0.3976805168163556,MODERADO,-53.99084904375,4.137727256249995
9,15,M015,DECK_LONG,0.31984950852584654,BAJO,-56.749333881249996,1.3792424187500032
9,16,M016,ARCH,0.516439938156367,MODERADO,-56.749333881249996,1.3792424187500032
9,17,M017,DECK_LONG,0.2979767717927778,BAJO,-59.887756249999995,1.7591799499999965
9,18,M018,ARCH,0.4823375940340105,MODERADO,-59.887756249999995,1.7591799499999965
9,19,M019,DECK_LONG,0.288555997224313,BAJO,-63.40611615,5.277539850000004
9,20,M020,ARCH,0.3979793806084456,MODERADO,-63.40611615,5.277539850000004
9,21,M021,DECK_LONG,0.2632097237786522,BAJO,-66.92447605000001,8.795899750000011
9,22,M022,ARCH,0.36142193589382904,MODERADO,-66.92447605000001,8.795899750000011
9,23,M023,DECK_LONG,0.24811337366935224,BAJO,-70.44283595,12.314259650000004
9,24,M024,ARCH,0.4008659418497556,MODERADO,-70.44283595,12.314259650000004
9,25,M025,DECK_LONG,0.23727346899447763,BAJO,-73.96119585,12.314259650000011
9,26,M026,ARCH,0.38434169691854436,MODERADO,-73.96119585,12.314259650000011
9,27,M027,DECK_LONG,0.2713712656012461,BAJO,-77.47955575,8.795899750000004
9,28,M028,ARCH,0.3738633106233928,MODERADO,-77.47955575,8.795899750000004
9,29,M029,DECK_LONG,0.27395643784094,BAJO,-80.99791565000001,5.277539849999997
9,30,M030,ARCH,0.44183566103733685,MODERADO,-80.99791565000001,5.277539849999997
9,31,M031,DECK_LONG,0.30445452770131654,BAJO,-84.51627555000002,1.7591799499999894
9,32,M032,ARCH,0.49221222194336833,MODERADO,-84.51627555000002,1.7591799499999894
9,33,M033,DECK_LONG,0.29216631031354856,BAJO,-87.97521331250002,1.6997578125000103
9,34,M034,ARCH,0.47359275472120804,MODERADO,-87.97521331250002,1.6997578125000103
9,35,M035,DECK_LONG,0.283788361016674,BAJO,-91.37472893750001,5.099273437500003
9,36,M036,ARCH,0.39052720374912975,MODERADO,-91.37472893750001,5.099273437500003
9,37,M037,DECK_LONG,0.2581244645328841,BAJO,-94.7742445625,8.498789062499995
9,38,M038,ARCH,0.4165550768910328,MODERADO,-94.7742445625,8.498789062499995
9,39,M039,DECK_LONG,0.242758392785784,BAJO,-98.1737601875,11.898304687499987
9,40,M040,ARCH,0.3927276736787463,MODERADO,-98.1737601875,11.898304687499987
9,41,M041,DECK_LONG,0.23190661032681686,BAJO,-101.57327581250001,11.898304687499987
9,42,M042,ARCH,0.3761853223693451,MODERADO,-101.57327581250001,11.898304687499987
9,43,M043,DECK_LONG,0.2663059055640373,BAJO,-104.9727914375,8.498789062499995
9,44,M044,ARCH,0.3660446558907729,MODERADO,-104.9727914375,8.498789062499995
9,45,M045,DECK_LONG,0.26912452473313764,BAJO,-108.3723070625,5.099273437500003
9,46,M046,ARCH,0.4345765684817757,MODERADO,-108.3723070625,5.099273437500003
9,47,M047,DECK_LONG,0.29867001242669267,BAJO,-111.77182268749999,1.6997578125000103
9,48,M048,ARCH,0.4835069347717325,MODERADO,-111.77182268749999,1.6997578125000103
9,49,M049,SPANDREL,0.5201390700000003,MODERADO,-36.0606976,0.0
9,50,M050,SPANDREL,0.3827257361231627,MODERADO,-38.8191824375,2.7584848374999993
9,51,M051,SPANDREL,0.36891238647345787,MODERADO,-41.577667274999996,5.516969674999999
9,52,M052,SPANDREL,0.31891252916606005,BAJO,-44.3361521125,8.275454512500005
9,53,M053,SPANDREL,0.3335996598932031,BAJO,-47.094636949999995,11.033939349999997
9,54,M054,SPANDREL,0.3596013690941436,MODERADO,-49.8531217875,8.275454512499998
9,55,M055,SPANDREL,0.3379787391604661,BAJO,-52.611606625,5.516969674999999
9,56,M056,SPANDREL,0.395336139290318,MODERADO,-55.3700914625,2.7584848374999993
9,57,M057,SPANDREL,0.5147128800000002,MODERADO,-58.1285763,0.0
9,58,M058,SPANDREL,0.3654343204690324,MODERADO,-61.6469362,3.5183599
9,59,M059,SPANDREL,0.35521970373959727,MODERADO,-65.1652961,7.036719800000007
9,60,M060,SPANDREL,0.36512765405909303,MODERADO,-68.683656,10.5550797
9,61,M061,SPANDREL,0.32745258027947016,BAJO,-72.2020159,14.0734396
9,62,M062,SPANDREL,0.35050087859975254,MODERADO,-75.7203758,10.555079700000007
9,63,M063,SPANDREL,0.32510688741002386,BAJO,-79.2387357,7.0367198
9,64,M064,SPANDREL,0.3776154644846669,MODERADO,-82.75709560000001,3.518359899999993
9,65,M065,SPANDREL,0.5092866900000003,MODERADO,-86.2754555,0.0
9,66,M066,SPANDREL,0.3629551426886594,MODERADO,-89.67497112500001,3.3995156250000065
9,67,M067,SPANDREL,0.35251325501944697,MODERADO,-93.07448675,6.799031249999999
9,68,M068,SPANDREL,0.3619358757345341,MODERADO,-96.474002375,10.198546874999991
9,69,M069,SPANDREL,0.3239234875694847,BAJO,-99.873518,13.598062499999997
9,70,M070,SPANDREL,0.3472847983059997,BAJO,-103.27303362500001,10.198546874999991
9,71,M071,SPANDREL,0.32229783316063726,BAJO,-106.67254925,6.799031249999999
9,72,M072,SPANDREL,0.3751964628467929,MODERADO,-110.072064875,3.3995156250000065
9,73,M073,SPANDREL,0.5038605000000002,MODERADO,-113.4715805,0.0
9,74,M074,DECK_LONG,0.29989089919383394,BAJO,-37.439940018749994,1.379242418749996
9,75,M075,ARCH,0.4860152288087867,MODERADO,-37.439940018749994,1.379242418749996
9,76,M076,DECK_LONG,0.2928227152394715,BAJO,-40.19842485625,4.1377272562500025
9,77,M077,ARCH,0.4030911360927685,MODERADO,-40.19842485625,4.1377272562500025
9,78,M078,DECK_LONG,0.26365876514571907,BAJO,-42.95690969375,6.896212093750002
9,79,M079,ARCH,0.4254117362338454,MODERADO,-42.95690969375,6.896212093750002
9,80,M080,DECK_LONG,0.24585297445373536,BAJO,-45.71539453125,9.654696931250001
9,81,M081,ARCH,0.39765823113819077,MODERADO,-45.71539453125,9.654696931250001
9,82,M082,DECK_LONG,0.2348991290572818,BAJO,-48.47387936875,9.654696931250001
9,83,M083,ARCH,0.3809602960826214,MODERADO,-48.47387936875,9.654696931250001
9,84,M084,DECK_LONG,0.2719892158612236,BAJO,-51.23236420625,6.896212093750002
9,85,M085,ARCH,0.37398136215184313,MODERADO,-51.23236420625,6.896212093750002
9,86,M086,DECK_LONG,0.2777379086968321,BAJO,-53.99084904375,4.137727256249995
9,87,M087,ARCH,0.44840507253272743,MODERADO,-53.99084904375,4.137727256249995
9,88,M088,DECK_LONG,0.3065437689711713,BAJO,-56.749333881249996,1.3792424187500032
9,89,M089,ARCH,0.49615679859131323,MODERADO,-56.749333881249996,1.3792424187500032
9,90,M090,DECK_LONG,0.33534844049588536,BAJO,-59.887756249999995,1.7591799499999965
9,91,M091,ARCH,0.4625883382152951,MODERADO,-59.887756249999995,1.7591799499999965
9,92,M092,DECK_LONG,0.27739162828408664,BAJO,-63.40611615,5.277539850000004
9,93,M093,ARCH,0.3809605255166371,MODERADO,-63.40611615,5.277539850000004
9,94,M094,DECK_LONG,0.25259971940928017,BAJO,-66.92447605000001,8.795899750000011
9,95,M095,ARCH,0.40807709112969337,MODERADO,-66.92447605000001,8.795899750000011
9,96,M096,DECK_LONG,0.23767494694539892,BAJO,-70.44283595,12.314259650000004
9,97,M097,ARCH,0.3849537059900706,MODERADO,-70.44283595,12.314259650000004
9,98,M098,DECK_LONG,0.2673843153135738,BAJO,-73.96119585,12.314259650000011
9,99,M099,ARCH,0.3684294610588594,MODERADO,-73.96119585,12.314259650000011
9,100,M100,DECK_LONG,0.26076126123187404,BAJO,-77.47955575,8.795899750000004
9,101,M101,ARCH,0.35768952347495986,MODERADO,-77.47955575,8.795899750000004
9,102,M102,DECK_LONG,0.26279206890071366,BAJO,-80.99791565000001,5.277539849999997
9,103,M103,ARCH,0.4248168059455283,MODERADO,-80.99791565000001,5.277539849999997
9,104,M104,DECK_LONG,0.29149901588423927,BAJO,-84.51627555000002,1.7591799499999894
9,105,M105,ARCH,0.472462966124653,MODERADO,-84.51627555000002,1.7591799499999894
9,106,M106,DECK_LONG,0.32968766865861043,BAJO,-87.97521331250002,1.6997578125000103
9,107,M107,ARCH,0.4537643946201591,MODERADO,-87.97521331250002,1.6997578125000103
9,108,M108,DECK_LONG,0.2725748391527933,BAJO,-91.37472893750001,5.099273437500003
9,109,M109,ARCH,0.43983619412149466,MODERADO,-91.37472893750001,5.099273437500003
9,110,M110,DECK_LONG,0.24748859119238492,BAJO,-94.7742445625,8.498789062499995
9,111,M111,ARCH,0.4003418553353939,MODERADO,-94.7742445625,8.498789062499995
9,112,M112,DECK_LONG,0.2323085281956675,BAJO,-98.1737601875,11.898304687499987
9,113,M113,ARCH,0.37679800204747105,MODERADO,-98.1737601875,11.898304687499987
9,114,M114,DECK_LONG,0.26205045049061454,BAJO,-101.57327581250001,11.898304687499987
9,115,M115,ARCH,0.3602556507380699,MODERADO,-101.57327581250001,11.898304687499987
9,116,M116,DECK_LONG,0.2556700322235381,BAJO,-104.9727914375,8.498789062499995
9,117,M117,ARCH,0.412813564224347,MODERADO,-104.9727914375,8.498789062499995
9,118,M118,DECK_LONG,0.25791100286925694,BAJO,-108.3723070625,5.099273437500003
9,119,M119,ARCH,0.4174827851526892,MODERADO,-108.3723070625,5.099273437500003
9,120,M120,DECK_LONG,0.3361913707717546,BAJO,-111.77182268749999,1.6997578125000103
9,121,M121,ARCH,0.4636785746706835,MODERADO,-111.77182268749999,1.6997578125000103
9,122,M122,SPANDREL,0.49998465000000014,MODERADO,-36.0606976,0.0
9,123,M123,SPANDREL,0.36633221200586086,MODERADO,-38.8191824375,2.7584848374999993
9,124,M124,SPANDREL,0.35401840813757296,MODERADO,-41.577667274999996,5.516969674999999
9,125,M125,SPANDREL,0.36015121828236096,MODERADO,-44.3361521125,8.275454512500005
9,126,M126,SPANDREL,0.319541975683765,BAJO,-47.094636949999995,11.033939349999997
9,127,M127,SPANDREL,0.34530529020049266,BAJO,-49.8531217875,8.275454512499998
9,128,M128,SPANDREL,0.38094213820628803,MODERADO,-52.611606625,5.516969674999999
9,129,M129,SPANDREL,0.3789426151730161,MODERADO,-55.3700914625,2.7584848374999993
9,130,M130,SPANDREL,0.4945584600000001,MODERADO,-58.1285763,0.0
9,131,M131,SPANDREL,0.41111361052766143,MODERADO,-61.6469362,3.5183599
9,132,M132,SPANDREL,0.3407209403216545,BAJO,-65.1652961,7.036719800000007
9,133,M133,SPANDREL,0.3510426110241725,MODERADO,-68.683656,10.5550797
9,134,M134,SPANDREL,0.3134955850544436,BAJO,-72.2020159,14.0734396
9,135,M135,SPANDREL,0.336415835564832,BAJO,-75.7203758,10.555079700000007
9,136,M136,SPANDREL,0.3669302434233202,MODERADO,-79.2387357,7.0367198
9,137,M137,SPANDREL,0.3617799772643422,MODERADO,-82.75709560000001,3.518359899999993
9,138,M138,SPANDREL,0.48913227000000015,MODERADO,-86.2754555,0.0
9,139,M139,SPANDREL,0.4088600932816602,MODERADO,-89.67497112500001,3.3995156250000065
9,140,M140,SPANDREL,0.33796508893927935,BAJO,-93.07448675,6.799031249999999
9,141,M141,SPANDREL,0.3478274308033528,BAJO,-96.474002375,10.198546874999991
9,142,M142,SPANDREL,0.3099566373591918,BAJO,-99.873518,13.598062499999997
9,143,M143,SPANDREL,0.3331763533748185,BAJO,-103.27303362500001,10.198546874999991
9,144,M144,SPANDREL,0.3642636968534286,MODERADO,-106.67254925,6.799031249999999
9,145,M145,SPANDREL,0.35928274664121934,MODERADO,-110.072064875,3.3995156250000065
9,146,M146,SPANDREL,0.48370608000000015,MODERADO,-113.4715805,0.0
9,147,M147,DECK_CROSS,0.3493550250000001,BAJO,-36.0606976,0.0
9,148,M148,DECK_CROSS,0.25665036445880796,BAJO,-38.8191824375,2.7584848374999993
9,149,M149,DECK_CROSS,0.24762540904591926,BAJO,-41.577667274999996,5.516969674999999
9,150,M150,DECK_CROSS,0.2515560036094353,BAJO,-44.3361521125,8.275454512500005
9,151,M151,DECK_CROSS,0.2237678579142194,BAJO,-47.094636949999995,11.033939349999997
9,152,M152,DECK_CROSS,0.24143377991725234,BAJO,-49.8531217875,8.275454512499998
9,153,M153,DECK_CROSS,0.2265342858779703,BAJO,-52.611606625,5.516969674999999
9,154,M154,DECK_CROSS,0.26524836661823203,BAJO,-55.3700914625,2.7584848374999993
9,155,M155,DECK_CROSS,0.3456553500000001,BAJO,-58.1285763,0.0
9,156,M156,DECK_CROSS,0.2450071012235558,BAJO,-61.6469362,3.5183599
9,157,M157,DECK_CROSS,0.23839312927578934,BAJO,-65.1652961,7.036719800000007
9,158,M158,DECK_CROSS,0.24525704305560875,BAJO,-68.683656,10.5550797
9,159,M159,DECK_CROSS,0.21960307172244645,BAJO,-72.2020159,14.0734396
9,160,M160,DECK_CROSS,0.2352842416060584,BAJO,-75.7203758,10.555079700000007
9,161,M161,DECK_CROSS,0.25626310866328866,BAJO,-79.2387357,7.0367198
9,162,M162,DECK_CROSS,0.25331242668876114,BAJO,-82.75709560000001,3.518359899999993
9,163,M163,DECK_CROSS,0.3419556750000001,BAJO,-86.2754555,0.0
9,164,M164,DECK_CROSS,0.24329623814290408,BAJO,-89.67497112500001,3.3995156250000065
9,165,M165,DECK_CROSS,0.23653486808664187,BAJO,-93.07448675,6.799031249999999
9,166,M166,DECK_CROSS,0.24307469370068374,BAJO,-96.474002375,10.198546874999991
9,167,M167,DECK_CROSS,0.21719428779817326,BAJO,-99.873518,13.598062499999997
9,168,M168,DECK_CROSS,0.233085322726683,BAJO,-103.27303362500001,10.198546874999991
9,169,M169,DECK_CROSS,0.2544657371190164,BAJO,-106.67254925,6.799031249999999
9,170,M170,DECK_CROSS,0.25164259279617696,BAJO,-110.072064875,3.3995156250000065
9,171,M171,DECK_CROSS,0.3382560000000001,BAJO,-113.4715805,0.0
10,1,M001,DECK_LONG,0.34799626527612126,BAJO,-37.439940018749994,1.379242418749996
10,2,M002,ARCH,0.5625537426376004,MODERADO,-37.439940018749994,1.379242418749996
10,3,M003,DECK_LONG,0.28838600743281284,BAJO,-40.19842485625,4.1377272562500025
10,4,M004,ARCH,0.46741738749012296,MODERADO,-40.19842485625,4.1377272562500025
10,5,M005,DECK_LONG,0.3049870567509722,BAJO,-42.95690969375,6.896212093750002
10,6,M006,ARCH,0.419767799434723,MODERADO,-42.95690969375,6.896212093750002
10,7,M007,DECK_LONG,0.28489013541393604,BAJO,-45.71539453125,9.654696931250001
10,8,M008,ARCH,0.45970858239407225,MODERADO,-45.71539453125,9.654696931250001
10,9,M009,DECK_LONG,0.2727191960845432,BAJO,-48.47387936875,9.654696931250001
10,10,M010,ARCH,0.44115532122121737,MODERADO,-48.47387936875,9.654696931250001
10,11,M011,DECK_LONG,0.26750002853120175,BAJO,-51.23236420625,6.896212093750002
10,12,M012,ARCH,0.4338776414325287,MODERADO,-51.23236420625,6.896212093750002
10,13,M013,DECK_LONG,0.32141483221571626,BAJO,-53.99084904375,4.137727256249995
10,14,M014,ARCH,0.4418672409070617,MODERADO,-53.99084904375,4.137727256249995
10,15,M015,DECK_LONG,0.3553883428064961,MODERADO,-56.749333881249996,1.3792424187500032
10,16,M016,ARCH,0.5738221535070743,MODERADO,-56.749333881249996,1.3792424187500032
10,17,M017,DECK_LONG,0.3310853019919753,BAJO,-59.887756249999995,1.7591799499999965
10,18,M018,ARCH,0.5359306600377893,MODERADO,-59.887756249999995,1.7591799499999965
10,19,M019,DECK_LONG,0.3206177746936811,BAJO,-63.40611615,5.277539850000004
10,20,M020,ARCH,0.44219931178716176,MODERADO,-63.40611615,5.277539850000004
10,21,M021,DECK_LONG,0.2924552486429468,BAJO,-66.92447605000001,8.795899750000011
10,22,M022,ARCH,0.40157992877092114,MODERADO,-66.92447605000001,8.795899750000011
10,23,M023,DECK_LONG,0.27568152629928017,BAJO,-70.44283595,12.314259650000004
10,24,M024,ARCH,0.4454066020552839,MODERADO,-70.44283595,12.314259650000004
10,25,M025,DECK_LONG,0.26363718777164175,BAJO,-73.96119585,12.314259650000011
10,26,M026,ARCH,0.4270463299094936,MODERADO,-73.96119585,12.314259650000011
10,27,M027,DECK_LONG,0.3015236284458289,BAJO,-77.47955575,8.795899750000004
10,28,M028,ARCH,0.4154036784704364,MODERADO,-77.47955575,8.795899750000004
10,29,M029,DECK_LONG,0.3043960420454888,BAJO,-80.99791565000001,5.277539849999997
10,30,M030,ARCH,0.4909285122637076,MODERADO,-80.99791565000001,5.277539849999997
10,31,M031,DECK_LONG,0.3382828085570183,BAJO,-84.51627555000002,1.7591799499999894
10,32,M032,ARCH,0.5469024688259647,MODERADO,-84.51627555000002,1.7591799499999894
10,33,M033,DECK_LONG,0.3246292336817206,BAJO,-87.97521331250002,1.6997578125000103
10,34,M034,ARCH,0.5262141719124533,MODERADO,-87.97521331250002,1.6997578125000103
10,35,M035,DECK_LONG,0.31532040112963766,BAJO,-91.37472893750001,5.099273437500003
10,36,M036,ARCH,0.43391911527681076,MODERADO,-91.37472893750001,5.099273437500003
10,37,M037,DECK_LONG,0.28680496059209337,BAJO,-94.7742445625,8.498789062499995
10,38,M038,ARCH,0.4628389743233698,MODERADO,-94.7742445625,8.498789062499995
10,39,M039,DECK_LONG,0.26973154753976,BAJO,-98.1737601875,11.898304687499987
10,40,M040,ARCH,0.4363640818652736,MODERADO,-98.1737601875,11.898304687499987
10,41,M041,DECK_LONG,0.2576740114742409,BAJO,-101.57327581250001,11.898304687499987
10,42,M042,ARCH,0.4179836915214945,MODERADO,-101.57327581250001,11.898304687499987
10,43,M043,DECK_LONG,0.2958954506267081,BAJO,-104.9727914375,8.498789062499995
10,44,M044,ARCH,0.40671628432308093,MODERADO,-104.9727914375,8.498789062499995
10,45,M045,DECK_LONG,0.2990272497034862,BAJO,-108.3723070625,5.099273437500003
10,46,M046,ARCH,0.4828628538686396,MODERADO,-108.3723070625,5.099273437500003
10,47,M047,DECK_LONG,0.3318555693629918,BAJO,-111.77182268749999,1.6997578125000103
10,48,M048,ARCH,0.5372299275241472,MODERADO,-111.77182268749999,1.6997578125000103
10,49,M049,SPANDREL,0.5779323000000002,MODERADO,-36.0606976,0.0
10,50,M050,SPANDREL,0.4252508179146252,MODERADO,-38.8191824375,2.7584848374999993
10,51,M051,SPANDREL,0.4099026516371754,MODERADO,-41.577667274999996,5.516969674999999
10,52,M052,SPANDREL,0.3543472546289556,MODERADO,-44.3361521125,8.275454512500005
10,53,M053,SPANDREL,0.37066628877022556,MODERADO,-47.094636949999995,11.033939349999997
10,54,M054,SPANDREL,0.39955707677127067,MODERADO,-49.8531217875,8.275454512499998
10,55,M055,SPANDREL,0.37553193240051785,MODERADO,-52.611606625,5.516969674999999
10,56,M056,SPANDREL,0.4392623769892422,MODERADO,-55.3700914625,2.7584848374999993
10,57,M057,SPANDREL,0.5719032000000001,MODERADO,-58.1285763,0.0
10,58,M058,SPANDREL,0.4060381338544803,MODERADO,-61.6469362,3.5183599
10,59,M059,SPANDREL,0.3946885597106635,MODERADO,-65.1652961,7.036719800000007
10,60,M060,SPANDREL,0.40569739339899225,MODERADO,-68.683656,10.5550797
10,61,M061,SPANDREL,0.3638362003105224,MODERADO,-72.2020159,14.0734396
10,62,M062,SPANDREL,0.3894454206663917,MODERADO,-75.7203758,10.555079700000007
10,63,M063,SPANDREL,0.36122987490002645,MODERADO,-79.2387357,7.0367198
10,64,M064,SPANDREL,0.4195727383162965,MODERADO,-82.75709560000001,3.518359899999993
10,65,M065,SPANDREL,0.5658741000000002,MODERADO,-86.2754555,0.0
10,66,M066,SPANDREL,0.4032834918762882,MODERADO,-89.67497112500001,3.3995156250000065
10,67,M067,SPANDREL,0.39168139446605216,MODERADO,-93.07448675,6.799031249999999
10,68,M068,SPANDREL,0.40215097303837116,MODERADO,-96.474002375,10.198546874999991
10,69,M069,SPANDREL,0.35991498618831624,MODERADO,-99.873518,13.598062499999997
10,70,M070,SPANDREL,0.3858719981177774,MODERADO,-103.27303362500001,10.198546874999991
10,71,M071,SPANDREL,0.3581087035118191,MODERADO,-106.67254925,6.799031249999999
10,72,M072,SPANDREL,0.41688495871865877,MODERADO,-110.072064875,3.3995156250000065
10,73,M073,SPANDREL,0.5598450000000001,MODERADO,-113.4715805,0.0
10,74,M074,DECK_LONG,0.33321211021537095,BAJO,-37.439940018749994,1.379242418749996
10,75,M075,ARCH,0.5400169208986518,MODERADO,-37.439940018749994,1.379242418749996
10,76,M076,DECK_LONG,0.3253585724883017,BAJO,-40.19842485625,4.1377272562500025
10,77,M077,ARCH,0.447879040103076,MODERADO,-40.19842485625,4.1377272562500025
10,78,M078,DECK_LONG,0.2929541834952434,BAJO,-42.95690969375,6.896212093750002
10,79,M079,ARCH,0.47267970692649475,MODERADO,-42.95690969375,6.896212093750002
10,80,M080,DECK_LONG,0.27316997161526146,BAJO,-45.71539453125,9.654696931250001
10,81,M081,ARCH,0.4418424790424341,MODERADO,-45.71539453125,9.654696931250001
10,82,M082,DECK_LONG,0.2609990322858686,BAJO,-48.47387936875,9.654696931250001
10,83,M083,ARCH,0.42328921786957924,MODERADO,-48.47387936875,9.654696931250001
10,84,M084,DECK_LONG,0.302210239845804,BAJO,-51.23236420625,6.896212093750002
10,85,M085,ARCH,0.41553484683538117,MODERADO,-51.23236420625,6.896212093750002
10,86,M086,DECK_LONG,0.30859767632981344,BAJO,-53.99084904375,4.137727256249995
10,87,M087,ARCH,0.4982278583696971,MODERADO,-53.99084904375,4.137727256249995
10,88,M088,DECK_LONG,0.3406041877457459,BAJO,-56.749333881249996,1.3792424187500032
10,89,M089,ARCH,0.5512853317681258,MODERADO,-56.749333881249996,1.3792424187500032
10,90,M090,DECK_LONG,0.37260937832876145,MODERADO,-59.887756249999995,1.7591799499999965
10,91,M091,ARCH,0.5139870424614389,MODERADO,-59.887756249999995,1.7591799499999965
10,92,M092,DECK_LONG,0.30821292031565173,BAJO,-63.40611615,5.277539850000004
10,93,M093,ARCH,0.4232894727962634,MODERADO,-63.40611615,5.277539850000004
10,94,M094,DECK_LONG,0.28066635489920017,BAJO,-66.92447605000001,8.795899750000011
10,95,M095,ARCH,0.4534189901441037,MODERADO,-66.92447605000001,8.795899750000011
10,96,M096,DECK_LONG,0.2640832743837765,BAJO,-70.44283595,12.314259650000004
10,97,M097,ARCH,0.42772633998896725,MODERADO,-70.44283595,12.314259650000004
10,98,M098,DECK_LONG,0.2970936836817486,BAJO,-73.96119585,12.314259650000011
10,99,M099,ARCH,0.409366067843177,MODERADO,-73.96119585,12.314259650000011
10,100,M100,DECK_LONG,0.2897347347020822,BAJO,-77.47955575,8.795899750000004
10,101,M101,ARCH,0.3974328038610665,MODERADO,-77.47955575,8.795899750000004
10,102,M102,DECK_LONG,0.2919911876674595,BAJO,-80.99791565000001,5.277539849999997
10,103,M103,ARCH,0.47201867327280916,MODERADO,-80.99791565000001,5.277539849999997
10,104,M104,DECK_LONG,0.32388779542693247,BAJO,-84.51627555000002,1.7591799499999894
10,105,M105,ARCH,0.5249588512496144,MODERADO,-84.51627555000002,1.7591799499999894
10,106,M106,DECK_LONG,0.36631963184290045,MODERADO,-87.97521331250002,1.6997578125000103
10,107,M107,ARCH,0.5041826606890656,MODERADO,-87.97521331250002,1.6997578125000103
10,108,M108,DECK_LONG,0.3028609323919924,BAJO,-91.37472893750001,5.099273437500003
10,109,M109,ARCH,0.48870688235721615,MODERADO,-91.37472893750001,5.099273437500003
10,110,M110,DECK_LONG,0.2749873235470943,BAJO,-94.7742445625,8.498789062499995
10,111,M111,ARCH,0.44482428370599314,MODERADO,-94.7742445625,8.498789062499995
10,112,M112,DECK_LONG,0.25812058688407497,BAJO,-98.1737601875,11.898304687499987
10,113,M113,ARCH,0.4186644467194122,MODERADO,-98.1737601875,11.898304687499987
10,114,M114,DECK_LONG,0.2911671672117939,BAJO,-101.57327581250001,11.898304687499987
10,115,M115,ARCH,0.4002840563756332,MODERADO,-101.57327581250001,11.898304687499987
10,116,M116,DECK_LONG,0.28407781358170897,BAJO,-104.9727914375,8.498789062499995
10,117,M117,ARCH,0.45868173802705214,MODERADO,-104.9727914375,8.498789062499995
10,118,M118,DECK_LONG,0.28656778096584096,BAJO,-108.3723070625,5.099273437500003
10,119,M119,ARCH,0.4638697612807657,MODERADO,-108.3723070625,5.099273437500003
10,120,M120,DECK_LONG,0.3735459675241717,MODERADO,-111.77182268749999,1.6997578125000103
10,121,M121,ARCH,0.5151984163007595,MODERADO,-111.77182268749999,1.6997578125000103
10,122,M122,SPANDREL,0.5555385,MODERADO,-36.0606976,0.0
10,123,M123,SPANDREL,0.4070357911176231,MODERADO,-38.8191824375,2.7584848374999993
10,124,M124,SPANDREL,0.39335378681952543,MODERADO,-41.577667274999996,5.516969674999999
10,125,M125,SPANDREL,0.4001680203137344,MODERADO,-44.3361521125,8.275454512500005
10,126,M126,SPANDREL,0.3550466396486277,MODERADO,-47.094636949999995,11.033939349999997
10,127,M127,SPANDREL,0.38367254466721407,MODERADO,-49.8531217875,8.275454512499998
10,128,M128,SPANDREL,0.4232690424514311,MODERADO,-52.611606625,5.516969674999999
10,129,M129,SPANDREL,0.4210473501922401,MODERADO,-55.3700914625,2.7584848374999993
10,130,M130,SPANDREL,0.5495094,MODERADO,-58.1285763,0.0
10,131,M131,SPANDREL,0.45679290058629035,MODERADO,-61.6469362,3.5183599
10,132,M132,SPANDREL,0.378578822579616,MODERADO,-65.1652961,7.036719800000007
10,133,M133,SPANDREL,0.3900473455824139,MODERADO,-68.683656,10.5550797
10,134,M134,SPANDREL,0.34832842783827056,BAJO,-72.2020159,14.0734396
10,135,M135,SPANDREL,0.37379537284981335,MODERADO,-75.7203758,10.555079700000007
10,136,M136,SPANDREL,0.4077002704703557,MODERADO,-79.2387357,7.0367198
10,137,M137,SPANDREL,0.4019777525159357,MODERADO,-82.75709560000001,3.518359899999993
10,138,M138,SPANDREL,0.5434803000000001,MODERADO,-86.2754555,0.0
10,139,M139,SPANDREL,0.4542889925351779,MODERADO,-89.67497112500001,3.3995156250000065
10,140,M140,SPANDREL,0.3755167654880881,MODERADO,-93.07448675,6.799031249999999
10,141,M141,SPANDREL,0.38647492311483644,MODERADO,-96.474002375,10.198546874999991
10,142,M142,SPANDREL,0.34439626373243526,BAJO,-99.873518,13.598062499999997
10,143,M143,SPANDREL,0.3701959481942427,MODERADO,-103.27303362500001,10.198546874999991
10,144,M144,SPANDREL,0.4047374409482539,MODERADO,-106.67254925,6.799031249999999
10,145,M145,SPANDREL,0.399203051823577,MODERADO,-110.072064875,3.3995156250000065
10,146,M146,SPANDREL,0.5374512000000001,MODERADO,-113.4715805,0.0
10,147,M147,DECK_CROSS,0.38817225000000005,MODERADO,-36.0606976,0.0
10,148,M148,DECK_CROSS,0.2851670716208977,BAJO,-38.8191824375,2.7584848374999993
10,149,M149,DECK_CROSS,0.2751393433843547,BAJO,-41.577667274999996,5.516969674999999
10,150,M150,DECK_CROSS,0.27950667067715035,BAJO,-44.3361521125,8.275454512500005
10,151,M151,DECK_CROSS,0.24863095323802148,BAJO,-47.094636949999995,11.033939349999997
10,152,M152,DECK_CROSS,0.2682597554636137,BAJO,-49.8531217875,8.275454512499998
10,153,M153,DECK_CROSS,0.2517047620866336,BAJO,-52.611606625,5.516969674999999
10,154,M154,DECK_CROSS,0.2947204073535911,BAJO,-55.3700914625,2.7584848374999993
10,155,M155,DECK_CROSS,0.38406150000000006,MODERADO,-58.1285763,0.0
10,156,M156,DECK_CROSS,0.27223011247061746,BAJO,-61.6469362,3.5183599
10,157,M157,DECK_CROSS,0.264881254750877,BAJO,-65.1652961,7.036719800000007
10,158,M158,DECK_CROSS,0.272507825617343,BAJO,-68.683656,10.5550797
10,159,M159,DECK_CROSS,0.24400341302494044,BAJO,-72.2020159,14.0734396
10,160,M160,DECK_CROSS,0.2614269351178426,BAJO,-75.7203758,10.555079700000007
10,161,M161,DECK_CROSS,0.28473678740365405,BAJO,-79.2387357,7.0367198
10,162,M162,DECK_CROSS,0.2814582518764013,BAJO,-82.75709560000001,3.518359899999993
10,163,M163,DECK_CROSS,0.37995075000000006,MODERADO,-86.2754555,0.0
10,164,M164,DECK_CROSS,0.2703291534921156,BAJO,-89.67497112500001,3.3995156250000065
10,165,M165,DECK_CROSS,0.2628165200962687,BAJO,-93.07448675,6.799031249999999
10,166,M166,DECK_CROSS,0.2700829930007597,BAJO,-96.474002375,10.198546874999991
10,167,M167,DECK_CROSS,0.24132698644241463,BAJO,-99.873518,13.598062499999997
10,168,M168,DECK_CROSS,0.25898369191853665,BAJO,-103.27303362500001,10.198546874999991
10,169,M169,DECK_CROSS,0.2827397079100182,BAJO,-106.67254925,6.799031249999999
10,170,M170,DECK_CROSS,0.279602880884641,BAJO,-110.072064875,3.3995156250000065
10,171,M171,DECK_CROSS,0.37584000000000006,MODERADO,-113.4715805,0.0
11,1,M001,DECK_LONG,0.3827958918037333,MODERADO,-37.439940018749994,1.379242418749996
11,2,M002,ARCH,0.6188091169013603,MODERADO,-37.439940018749994,1.379242418749996
11,3,M003,DECK_LONG,0.3172246081760941,BAJO,-40.19842485625,4.1377272562500025
11,4,M004,ARCH,0.5141591262391353,MODERADO,-40.19842485625,4.1377272562500025
11,5,M005,DECK_LONG,0.33548576242606937,BAJO,-42.95690969375,6.896212093750002
11,6,M006,ARCH,0.46174457937819524,MODERADO,-42.95690969375,6.896212093750002
11,7,M007,DECK_LONG,0.3133791489553296,BAJO,-45.71539453125,9.654696931250001
11,8,M008,ARCH,0.5056794406334794,MODERADO,-45.71539453125,9.654696931250001
11,9,M009,DECK_LONG,0.29999111569299747,BAJO,-48.47387936875,9.654696931250001
11,10,M010,ARCH,0.48527085334333897,MODERADO,-48.47387936875,9.654696931250001
11,11,M011,DECK_LONG,0.2942500313843219,BAJO,-51.23236420625,6.896212093750002
11,12,M012,ARCH,0.47726540557578156,MODERADO,-51.23236420625,6.896212093750002
11,13,M013,DECK_LONG,0.3535563154372878,MODERADO,-53.99084904375,4.137727256249995
11,14,M014,ARCH,0.48605396499776776,MODERADO,-53.99084904375,4.137727256249995
11,15,M015,DECK_LONG,0.39092717708714564,MODERADO,-56.749333881249996,1.3792424187500032
11,16,M016,ARCH,0.6312043688577816,MODERADO,-56.749333881249996,1.3792424187500032
11,17,M017,DECK_LONG,0.3641938321911728,MODERADO,-59.887756249999995,1.7591799499999965
11,18,M018,ARCH,0.5895237260415682,MODERADO,-59.887756249999995,1.7591799499999965
11,19,M019,DECK_LONG,0.35267955216304914,MODERADO,-63.40611615,5.277539850000004
11,20,M020,ARCH,0.4864192429658778,MODERADO,-63.40611615,5.277539850000004
11,21,M021,DECK_LONG,0.3217007735072415,BAJO,-66.92447605000001,8.795899750000011
11,22,M022,ARCH,0.4417379216480132,MODERADO,-66.92447605000001,8.795899750000011
11,23,M023,DECK_LONG,0.3032496789292082,BAJO,-70.44283595,12.314259650000004
11,24,M024,ARCH,0.4899472622608122,MODERADO,-70.44283595,12.314259650000004
11,25,M025,DECK_LONG,0.2900009065488059,BAJO,-73.96119585,12.314259650000011
11,26,M026,ARCH,0.4697509629004429,MODERADO,-73.96119585,12.314259650000011
11,27,M027,DECK_LONG,0.3316759912904118,BAJO,-77.47955575,8.795899750000004
11,28,M028,ARCH,0.45694404631748003,MODERADO,-77.47955575,8.795899750000004
11,29,M029,DECK_LONG,0.33483564625003764,BAJO,-80.99791565000001,5.277539849999997
11,30,M030,ARCH,0.5400213634900782,MODERADO,-80.99791565000001,5.277539849999997
11,31,M031,DECK_LONG,0.3721110894127201,MODERADO,-84.51627555000002,1.7591799499999894
11,32,M032,ARCH,0.6015927157085611,MODERADO,-84.51627555000002,1.7591799499999894
11,33,M033,DECK_LONG,0.35709215704989256,MODERADO,-87.97521331250002,1.6997578125000103
11,34,M034,ARCH,0.5788355891036986,MODERADO,-87.97521331250002,1.6997578125000103
11,35,M035,DECK_LONG,0.3468524412426014,BAJO,-91.37472893750001,5.099273437500003
11,36,M036,ARCH,0.4773110268044917,MODERADO,-91.37472893750001,5.099273437500003
11,37,M037,DECK_LONG,0.3154854566513027,BAJO,-94.7742445625,8.498789062499995
11,38,M038,ARCH,0.5091228717557066,MODERADO,-94.7742445625,8.498789062499995
11,39,M039,DECK_LONG,0.2967047022937359,BAJO,-98.1737601875,11.898304687499987
11,40,M040,ARCH,0.48000049005180084,MODERADO,-98.1737601875,11.898304687499987
11,41,M041,DECK_LONG,0.28344141262166495,BAJO,-101.57327581250001,11.898304687499987
11,42,M042,ARCH,0.45978206067364386,MODERADO,-101.57327581250001,11.898304687499987
11,43,M043,DECK_LONG,0.32548499568937883,BAJO,-104.9727914375,8.498789062499995
11,44,M044,ARCH,0.4473879127553889,MODERADO,-104.9727914375,8.498789062499995
11,45,M045,DECK_LONG,0.3289299746738348,BAJO,-108.3723070625,5.099273437500003
11,46,M046,ARCH,0.5311491392555034,MODERADO,-108.3723070625,5.099273437500003
11,47,M047,DECK_LONG,0.36504112629929086,MODERADO,-111.77182268749999,1.6997578125000103
11,48,M048,ARCH,0.5909529202765618,MODERADO,-111.77182268749999,1.6997578125000103
11,49,M049,SPANDREL,0.63572553,MODERADO,-36.0606976,0.0
11,50,M050,SPANDREL,0.46777589970608763,MODERADO,-38.8191824375,2.7584848374999993
11,51,M051,SPANDREL,0.45089291680089283,MODERADO,-41.577667274999996,5.516969674999999
11,52,M052,SPANDREL,0.3897819800918511,MODERADO,-44.3361521125,8.275454512500005
11,53,M053,SPANDREL,0.40773291764724806,MODERADO,-47.094636949999995,11.033939349999997
11,54,M054,SPANDREL,0.43951278444839764,MODERADO,-49.8531217875,8.275454512499998
11,55,M055,SPANDREL,0.41308512564056954,MODERADO,-52.611606625,5.516969674999999
11,56,M056,SPANDREL,0.4831886146881663,MODERADO,-55.3700914625,2.7584848374999993
11,57,M057,SPANDREL,0.62909352,MODERADO,-58.1285763,0.0
11,58,M058,SPANDREL,0.44664194723992834,MODERADO,-61.6469362,3.5183599
11,59,M059,SPANDREL,0.43415741568172983,MODERADO,-65.1652961,7.036719800000007
11,60,M060,SPANDREL,0.44626713273889135,MODERADO,-68.683656,10.5550797
11,61,M061,SPANDREL,0.40021982034157455,MODERADO,-72.2020159,14.0734396
11,62,M062,SPANDREL,0.42838996273303076,MODERADO,-75.7203758,10.555079700000007
11,63,M063,SPANDREL,0.39735286239002904,MODERADO,-79.2387357,7.0367198
11,64,M064,SPANDREL,0.46153001214792605,MODERADO,-82.75709560000001,3.518359899999993
11,65,M065,SPANDREL,0.62246151,MODERADO,-86.2754555,0.0
11,66,M066,SPANDREL,0.44361184106391693,MODERADO,-89.67497112500001,3.3995156250000065
11,67,M067,SPANDREL,0.4308495339126573,MODERADO,-93.07448675,6.799031249999999
11,68,M068,SPANDREL,0.44236607034220826,MODERADO,-96.474002375,10.198546874999991
11,69,M069,SPANDREL,0.3959064848071478,MODERADO,-99.873518,13.598062499999997
11,70,M070,SPANDREL,0.4244591979295551,MODERADO,-103.27303362500001,10.198546874999991
11,71,M071,SPANDREL,0.39391957386300097,MODERADO,-106.67254925,6.799031249999999
11,72,M072,SPANDREL,0.45857345459052457,MODERADO,-110.072064875,3.3995156250000065
11,73,M073,SPANDREL,0.6158295,MODERADO,-113.4715805,0.0
11,74,M074,DECK_LONG,0.366533321236908,MODERADO,-37.439940018749994,1.379242418749996
11,75,M075,ARCH,0.5940186129885169,MODERADO,-37.439940018749994,1.379242418749996
11,76,M076,DECK_LONG,0.3578944297371318,MODERADO,-40.19842485625,4.1377272562500025
11,77,M077,ARCH,0.49266694411338363,MODERADO,-40.19842485625,4.1377272562500025
11,78,M078,DECK_LONG,0.3222496018447677,BAJO,-42.95690969375,6.896212093750002
11,79,M079,ARCH,0.5199476776191442,MODERADO,-42.95690969375,6.896212093750002
11,80,M080,DECK_LONG,0.3004869687767875,BAJO,-45.71539453125,9.654696931250001
11,81,M081,ARCH,0.4860267269466774,MODERADO,-45.71539453125,9.654696931250001
11,82,M082,DECK_LONG,0.28709893551445537,BAJO,-48.47387936875,9.654696931250001
11,83,M083,ARCH,0.46561813965653703,MODERADO,-48.47387936875,9.654696931250001
11,84,M084,DECK_LONG,0.33243126383038435,BAJO,-51.23236420625,6.896212093750002
11,85,M085,ARCH,0.45708833151891926,MODERADO,-51.23236420625,6.896212093750002
11,86,M086,DECK_LONG,0.3394574439627947,BAJO,-53.99084904375,4.137727256249995
11,87,M087,ARCH,0.5480506442066666,MODERADO,-53.99084904375,4.137727256249995
11,88,M088,DECK_LONG,0.3746646065203204,MODERADO,-56.749333881249996,1.3792424187500032
11,89,M089,ARCH,0.6064138649449382,MODERADO,-56.749333881249996,1.3792424187500032
11,90,M090,DECK_LONG,0.40987031616163755,MODERADO,-59.887756249999995,1.7591799499999965
11,91,M091,ARCH,0.5653857467075828,MODERADO,-59.887756249999995,1.7591799499999965
11,92,M092,DECK_LONG,0.33903421234721687,BAJO,-63.40611615,5.277539850000004
11,93,M093,ARCH,0.46561842007588966,MODERADO,-63.40611615,5.277539850000004
11,94,M094,DECK_LONG,0.30873299038912017,BAJO,-66.92447605000001,8.795899750000011
11,95,M095,ARCH,0.498760889158514,MODERADO,-66.92447605000001,8.795899750000011
11,96,M096,DECK_LONG,0.2904916018221541,BAJO,-70.44283595,12.314259650000004
11,97,M097,ARCH,0.4704989739878639,MODERADO,-70.44283595,12.314259650000004
11,98,M098,DECK_LONG,0.32680305204992344,BAJO,-73.96119585,12.314259650000011
11,99,M099,ARCH,0.45030267462749457,MODERADO,-73.96119585,12.314259650000011
11,100,M100,DECK_LONG,0.3187082081722904,BAJO,-77.47955575,8.795899750000004
11,101,M101,ARCH,0.4371760842471731,MODERADO,-77.47955575,8.795899750000004
11,102,M102,DECK_LONG,0.3211903064342055,BAJO,-80.99791565000001,5.277539849999997
11,103,M103,ARCH,0.5192205406000899,MODERADO,-80.99791565000001,5.277539849999997
11,104,M104,DECK_LONG,0.3562765749696256,MODERADO,-84.51627555000002,1.7591799499999894
11,105,M105,ARCH,0.5774547363745758,MODERADO,-84.51627555000002,1.7591799499999894
11,106,M106,DECK_LONG,0.4029515950271904,MODERADO,-87.97521331250002,1.6997578125000103
11,107,M107,ARCH,0.5546009267579721,MODERADO,-87.97521331250002,1.6997578125000103
11,108,M108,DECK_LONG,0.33314702563119164,BAJO,-91.37472893750001,5.099273437500003
11,109,M109,ARCH,0.5375775705929376,MODERADO,-91.37472893750001,5.099273437500003
11,110,M110,DECK_LONG,0.30248605590180366,BAJO,-94.7742445625,8.498789062499995
11,111,M111,ARCH,0.4893067120765924,MODERADO,-94.7742445625,8.498789062499995
11,112,M112,DECK_LONG,0.2839326455724824,BAJO,-98.1737601875,11.898304687499987
11,113,M113,ARCH,0.46053089139135334,MODERADO,-98.1737601875,11.898304687499987
11,114,M114,DECK_LONG,0.32028388393297325,BAJO,-101.57327581250001,11.898304687499987
11,115,M115,ARCH,0.4403124620131964,MODERADO,-101.57327581250001,11.898304687499987
11,116,M116,DECK_LONG,0.3124855949398798,BAJO,-104.9727914375,8.498789062499995
11,117,M117,ARCH,0.5045499118297573,MODERADO,-104.9727914375,8.498789062499995
11,118,M118,DECK_LONG,0.315224559062425,BAJO,-108.3723070625,5.099273437500003
11,119,M119,ARCH,0.5102567374088421,MODERADO,-108.3723070625,5.099273437500003
11,120,M120,DECK_LONG,0.4109005642765888,MODERADO,-111.77182268749999,1.6997578125000103
11,121,M121,ARCH,0.5667182579308353,MODERADO,-111.77182268749999,1.6997578125000103
11,122,M122,SPANDREL,0.61109235,MODERADO,-36.0606976,0.0
11,123,M123,SPANDREL,0.44773937022938537,MODERADO,-38.8191824375,2.7584848374999993
11,124,M124,SPANDREL,0.4326891655014779,MODERADO,-41.577667274999996,5.516969674999999
11,125,M125,SPANDREL,0.44018482234510775,MODERADO,-44.3361521125,8.275454512500005
11,126,M126,SPANDREL,0.39055130361349044,MODERADO,-47.094636949999995,11.033939349999997
11,127,M127,SPANDREL,0.4220397991339354,MODERADO,-49.8531217875,8.275454512499998
11,128,M128,SPANDREL,0.4655959466965741,MODERADO,-52.611606625,5.516969674999999
11,129,M129,SPANDREL,0.463152085211464,MODERADO,-55.3700914625,2.7584848374999993
11,130,M130,SPANDREL,0.6044603399999999,MODERADO,-58.1285763,0.0
11,131,M131,SPANDREL,0.5024721906449193,MODERADO,-61.6469362,3.5183599
11,132,M132,SPANDREL,0.41643670483757755,MODERADO,-65.1652961,7.036719800000007
11,133,M133,SPANDREL,0.42905208014065516,MODERADO,-68.683656,10.5550797
11,134,M134,SPANDREL,0.38316127062209754,MODERADO,-72.2020159,14.0734396
11,135,M135,SPANDREL,0.41117491013479457,MODERADO,-75.7203758,10.555079700000007
11,136,M136,SPANDREL,0.4484702975173912,MODERADO,-79.2387357,7.0367198
11,137,M137,SPANDREL,0.44217552776752916,MODERADO,-82.75709560000001,3.518359899999993
11,138,M138,SPANDREL,0.59782833,MODERADO,-86.2754555,0.0
11,139,M139,SPANDREL,0.49971789178869563,MODERADO,-89.67497112500001,3.3995156250000065
11,140,M140,SPANDREL,0.41306844203689685,MODERADO,-93.07448675,6.799031249999999
11,141,M141,SPANDREL,0.42512241542632007,MODERADO,-96.474002375,10.198546874999991
11,142,M142,SPANDREL,0.37883589010567875,MODERADO,-99.873518,13.598062499999997
11,143,M143,SPANDREL,0.40721554301366697,MODERADO,-103.27303362500001,10.198546874999991
11,144,M144,SPANDREL,0.4452111850430792,MODERADO,-106.67254925,6.799031249999999
11,145,M145,SPANDREL,0.43912335700593463,MODERADO,-110.072064875,3.3995156250000065
11,146,M146,SPANDREL,0.59119632,MODERADO,-113.4715805,0.0
11,147,M147,DECK_CROSS,0.426989475,MODERADO,-36.0606976,0.0
11,148,M148,DECK_CROSS,0.3136837787829875,BAJO,-38.8191824375,2.7584848374999993
11,149,M149,DECK_CROSS,0.3026532777227901,BAJO,-41.577667274999996,5.516969674999999
11,150,M150,DECK_CROSS,0.30745733774486533,BAJO,-44.3361521125,8.275454512500005
11,151,M151,DECK_CROSS,0.2734940485618236,BAJO,-47.094636949999995,11.033939349999997
11,152,M152,DECK_CROSS,0.29508573100997504,BAJO,-49.8531217875,8.275454512499998
11,153,M153,DECK_CROSS,0.276875238295297,BAJO,-52.611606625,5.516969674999999
11,154,M154,DECK_CROSS,0.3241924480889502,BAJO,-55.3700914625,2.7584848374999993
11,155,M155,DECK_CROSS,0.42246765,MODERADO,-58.1285763,0.0
11,156,M156,DECK_CROSS,0.2994531237176792,BAJO,-61.6469362,3.5183599
11,157,M157,DECK_CROSS,0.2913693802259647,BAJO,-65.1652961,7.036719800000007
11,158,M158,DECK_CROSS,0.29975860817907723,BAJO,-68.683656,10.5550797
11,159,M159,DECK_CROSS,0.26840375432743446,BAJO,-72.2020159,14.0734396
11,160,M160,DECK_CROSS,0.2875696286296268,BAJO,-75.7203758,10.555079700000007
11,161,M161,DECK_CROSS,0.31321046614401943,BAJO,-79.2387357,7.0367198
11,162,M162,DECK_CROSS,0.3096040770640413,BAJO,-82.75709560000001,3.518359899999993
11,163,M163,DECK_CROSS,0.41794582500000005,MODERADO,-86.2754555,0.0
11,164,M164,DECK_CROSS,0.29736206884132715,BAJO,-89.67497112500001,3.3995156250000065
11,165,M165,DECK_CROSS,0.28909817210589556,BAJO,-93.07448675,6.799031249999999
11,166,M166,DECK_CROSS,0.2970912923008356,BAJO,-96.474002375,10.198546874999991
11,167,M167,DECK_CROSS,0.26545968508665607,BAJO,-99.873518,13.598062499999997
11,168,M168,DECK_CROSS,0.28488206111039027,BAJO,-103.27303362500001,10.198546874999991
11,169,M169,DECK_CROSS,0.3110136787010199,BAJO,-106.67254925,6.799031249999999
11,170,M170,DECK_CROSS,0.3075631689731051,BAJO,-110.072064875,3.3995156250000065
11,171,M171,DECK_CROSS,0.413424,MODERADO,-113.4715805,0.0
12,1,M001,DECK_LONG,0.4175955183313455,MODERADO,-37.439940018749994,1.379242418749996
12,2,M002,ARCH,0.6750644911651204,MODERADO,-37.439940018749994,1.379242418749996
12,3,M003,DECK_LONG,0.34606320891937536,BAJO,-40.19842485625,4.1377272562500025
12,4,M004,ARCH,0.5609008649881476,MODERADO,-40.19842485625,4.1377272562500025
12,5,M005,DECK_LONG,0.36598446810116664,MODERADO,-42.95690969375,6.896212093750002
12,6,M006,ARCH,0.5037213593216675,MODERADO,-42.95690969375,6.896212093750002
12,7,M007,DECK_LONG,0.3418681624967232,BAJO,-45.71539453125,9.654696931250001
12,8,M008,ARCH,0.5516502988728866,MODERADO,-45.71539453125,9.654696931250001
12,9,M009,DECK_LONG,0.3272630353014518,BAJO,-48.47387936875,9.654696931250001
12,10,M010,ARCH,0.5293863854654608,MODERADO,-48.47387936875,9.654696931250001
12,11,M011,DECK_LONG,0.32100003423744206,BAJO,-51.23236420625,6.896212093750002
12,12,M012,ARCH,0.5206531697190344,MODERADO,-51.23236420625,6.896212093750002
12,13,M013,DECK_LONG,0.38569779865885956,MODERADO,-53.99084904375,4.137727256249995
12,14,M014,ARCH,0.5302406890884741,MODERADO,-53.99084904375,4.137727256249995
12,15,M015,DECK_LONG,0.42646601136779533,MODERADO,-56.749333881249996,1.3792424187500032
12,16,M016,ARCH,0.6885865842084892,MODERADO,-56.749333881249996,1.3792424187500032
12,17,M017,DECK_LONG,0.39730236239037037,MODERADO,-59.887756249999995,1.7591799499999965
12,18,M018,ARCH,0.6431167920453472,MODERADO,-59.887756249999995,1.7591799499999965
12,19,M019,DECK_LONG,0.3847413296324173,MODERADO,-63.40611615,5.277539850000004
12,20,M020,ARCH,0.530639174144594,MODERADO,-63.40611615,5.277539850000004
12,21,M021,DECK_LONG,0.35094629837153624,MODERADO,-66.92447605000001,8.795899750000011
12,22,M022,ARCH,0.48189591452510533,MODERADO,-66.92447605000001,8.795899750000011
12,23,M023,DECK_LONG,0.3308178315591362,BAJO,-70.44283595,12.314259650000004
12,24,M024,ARCH,0.5344879224663407,MODERADO,-70.44283595,12.314259650000004
12,25,M025,DECK_LONG,0.31636462532597004,BAJO,-73.96119585,12.314259650000011
12,26,M026,ARCH,0.5124555958913923,MODERADO,-73.96119585,12.314259650000011
12,27,M027,DECK_LONG,0.3618283541349947,MODERADO,-77.47955575,8.795899750000004
12,28,M028,ARCH,0.4984844141645237,MODERADO,-77.47955575,8.795899750000004
12,29,M029,DECK_LONG,0.3652752504545866,MODERADO,-80.99791565000001,5.277539849999997
12,30,M030,ARCH,0.589114214716449,MODERADO,-80.99791565000001,5.277539849999997
12,31,M031,DECK_LONG,0.405939370268422,MODERADO,-84.51627555000002,1.7591799499999894
12,32,M032,ARCH,0.6562829625911576,MODERADO,-84.51627555000002,1.7591799499999894
12,33,M033,DECK_LONG,0.3895550804180647,MODERADO,-87.97521331250002,1.6997578125000103
12,34,M034,ARCH,0.631457006294944,MODERADO,-87.97521331250002,1.6997578125000103
12,35,M035,DECK_LONG,0.37838448135556524,MODERADO,-91.37472893750001,5.099273437500003
12,36,M036,ARCH,0.520702938332173,MODERADO,-91.37472893750001,5.099273437500003
12,37,M037,DECK_LONG,0.3441659527105121,BAJO,-94.7742445625,8.498789062499995
12,38,M038,ARCH,0.5554067691880437,MODERADO,-94.7742445625,8.498789062499995
12,39,M039,DECK_LONG,0.32367785704771196,BAJO,-98.1737601875,11.898304687499987
12,40,M040,ARCH,0.5236368982383283,MODERADO,-98.1737601875,11.898304687499987
12,41,M041,DECK_LONG,0.3092088137690891,BAJO,-101.57327581250001,11.898304687499987
12,42,M042,ARCH,0.5015804298257933,MODERADO,-101.57327581250001,11.898304687499987
12,43,M043,DECK_LONG,0.3550745407520497,MODERADO,-104.9727914375,8.498789062499995
12,44,M044,ARCH,0.4880595411876971,MODERADO,-104.9727914375,8.498789062499995
12,45,M045,DECK_LONG,0.35883269964418346,MODERADO,-108.3723070625,5.099273437500003
12,46,M046,ARCH,0.5794354246423676,MODERADO,-108.3723070625,5.099273437500003
12,47,M047,DECK_LONG,0.39822668323559013,MODERADO,-111.77182268749999,1.6997578125000103
12,48,M048,ARCH,0.6446759130289765,MODERADO,-111.77182268749999,1.6997578125000103
12,49,M049,SPANDREL,0.6935187600000001,MODERADO,-36.0606976,0.0
12,50,M050,SPANDREL,0.5103009814975502,MODERADO,-38.8191824375,2.7584848374999993
12,51,M051,SPANDREL,0.4918831819646104,MODERADO,-41.577667274999996,5.516969674999999
12,52,M052,SPANDREL,0.4252167055547467,MODERADO,-44.3361521125,8.275454512500005
12,53,M053,SPANDREL,0.44479954652427073,MODERADO,-47.094636949999995,11.033939349999997
12,54,M054,SPANDREL,0.4794684921255247,MODERADO,-49.8531217875,8.275454512499998
12,55,M055,SPANDREL,0.4506383188806214,MODERADO,-52.611606625,5.516969674999999
12,56,M056,SPANDREL,0.5271148523870905,MODERADO,-55.3700914625,2.7584848374999993
12,57,M057,SPANDREL,0.6862838400000001,MODERADO,-58.1285763,0.0
12,58,M058,SPANDREL,0.48724576062537645,MODERADO,-61.6469362,3.5183599
12,59,M059,SPANDREL,0.47362627165279625,MODERADO,-65.1652961,7.036719800000007
12,60,M060,SPANDREL,0.4868368720787907,MODERADO,-68.683656,10.5550797
12,61,M061,SPANDREL,0.4366034403726269,MODERADO,-72.2020159,14.0734396
12,62,M062,SPANDREL,0.46733450479967004,MODERADO,-75.7203758,10.555079700000007
12,63,M063,SPANDREL,0.43347584988003174,MODERADO,-79.2387357,7.0367198
12,64,M064,SPANDREL,0.5034872859795558,MODERADO,-82.75709560000001,3.518359899999993
12,65,M065,SPANDREL,0.6790489200000002,MODERADO,-86.2754555,0.0
12,66,M066,SPANDREL,0.48394019025154583,MODERADO,-89.67497112500001,3.3995156250000065
12,67,M067,SPANDREL,0.47001767335926253,MODERADO,-93.07448675,6.799031249999999
12,68,M068,SPANDREL,0.4825811676460455,MODERADO,-96.474002375,10.198546874999991
12,69,M069,SPANDREL,0.43189798342597946,MODERADO,-99.873518,13.598062499999997
12,70,M070,SPANDREL,0.4630463977413329,MODERADO,-103.27303362500001,10.198546874999991
12,71,M071,SPANDREL,0.42973044421418294,MODERADO,-106.67254925,6.799031249999999
12,72,M072,SPANDREL,0.5002619504623905,MODERADO,-110.072064875,3.3995156250000065
12,73,M073,SPANDREL,0.6718140000000001,MODERADO,-113.4715805,0.0
12,74,M074,DECK_LONG,0.39985453225844514,MODERADO,-37.439940018749994,1.379242418749996
12,75,M075,ARCH,0.648020305078382,MODERADO,-37.439940018749994,1.379242418749996
12,76,M076,DECK_LONG,0.39043028698596194,MODERADO,-40.19842485625,4.1377272562500025
12,77,M077,ARCH,0.5374548481236913,MODERADO,-40.19842485625,4.1377272562500025
12,78,M078,DECK_LONG,0.351545020194292,MODERADO,-42.95690969375,6.896212093750002
12,79,M079,ARCH,0.5672156483117936,MODERADO,-42.95690969375,6.896212093750002
12,80,M080,DECK_LONG,0.3278039659383137,BAJO,-45.71539453125,9.654696931250001
12,81,M081,ARCH,0.530210974850921,MODERADO,-45.71539453125,9.654696931250001
12,82,M082,DECK_LONG,0.3131988387430423,BAJO,-48.47387936875,9.654696931250001
12,83,M083,ARCH,0.5079470614434951,MODERADO,-48.47387936875,9.654696931250001
12,84,M084,DECK_LONG,0.3626522878149648,MODERADO,-51.23236420625,6.896212093750002
12,85,M085,ARCH,0.4986418162024574,MODERADO,-51.23236420625,6.896212093750002
12,86,M086,DECK_LONG,0.37031721159577613,MODERADO,-53.99084904375,4.137727256249995
12,87,M087,ARCH,0.5978734300436365,MODERADO,-53.99084904375,4.137727256249995
12,88,M088,DECK_LONG,0.4087250252948951,MODERADO,-56.749333881249996,1.3792424187500032
12,89,M089,ARCH,0.6615423981217509,MODERADO,-56.749333881249996,1.3792424187500032
12,90,M090,DECK_LONG,0.44713125399451376,MODERADO,-59.887756249999995,1.7591799499999965
12,91,M091,ARCH,0.6167844509537268,MODERADO,-59.887756249999995,1.7591799499999965
12,92,M092,DECK_LONG,0.36985550437878206,MODERADO,-63.40611615,5.277539850000004
12,93,M093,ARCH,0.507947367355516,MODERADO,-63.40611615,5.277539850000004
12,94,M094,DECK_LONG,0.33679962587904017,BAJO,-66.92447605000001,8.795899750000011
12,95,M095,ARCH,0.5441027881729245,MODERADO,-66.92447605000001,8.795899750000011
12,96,M096,DECK_LONG,0.3168999292605318,BAJO,-70.44283595,12.314259650000004
12,97,M097,ARCH,0.5132716079867606,MODERADO,-70.44283595,12.314259650000004
12,98,M098,DECK_LONG,0.3565124204180983,MODERADO,-73.96119585,12.314259650000011
12,99,M099,ARCH,0.49123928141181233,MODERADO,-73.96119585,12.314259650000011
12,100,M100,DECK_LONG,0.34768168164249863,BAJO,-77.47955575,8.795899750000004
12,101,M101,ARCH,0.4769193646332798,MODERADO,-77.47955575,8.795899750000004
12,102,M102,DECK_LONG,0.35038942520095145,MODERADO,-80.99791565000001,5.277539849999997
12,103,M103,ARCH,0.566422407927371,MODERADO,-80.99791565000001,5.277539849999997
12,104,M104,DECK_LONG,0.38866535451231893,MODERADO,-84.51627555000002,1.7591799499999894
12,105,M105,ARCH,0.6299506214995372,MODERADO,-84.51627555000002,1.7591799499999894
12,106,M106,DECK_LONG,0.43958355821148054,MODERADO,-87.97521331250002,1.6997578125000103
12,107,M107,ARCH,0.6050191928268787,MODERADO,-87.97521331250002,1.6997578125000103
12,108,M108,DECK_LONG,0.363433118870391,MODERADO,-91.37472893750001,5.099273437500003
12,109,M109,ARCH,0.5864482588286595,MODERADO,-91.37472893750001,5.099273437500003
12,110,M110,DECK_LONG,0.3299847882565132,BAJO,-94.7742445625,8.498789062499995
12,111,M111,ARCH,0.5337891404471917,MODERADO,-94.7742445625,8.498789062499995
12,112,M112,DECK_LONG,0.30974470426088996,BAJO,-98.1737601875,11.898304687499987
12,113,M113,ARCH,0.5023973360632946,MODERADO,-98.1737601875,11.898304687499987
12,114,M114,DECK_LONG,0.3494006006541527,BAJO,-101.57327581250001,11.898304687499987
12,115,M115,ARCH,0.4803408676507598,MODERADO,-101.57327581250001,11.898304687499987
12,116,M116,DECK_LONG,0.3408933762980508,BAJO,-104.9727914375,8.498789062499995
12,117,M117,ARCH,0.5504180856324625,MODERADO,-104.9727914375,8.498789062499995
12,118,M118,DECK_LONG,0.3438813371590092,BAJO,-108.3723070625,5.099273437500003
12,119,M119,ARCH,0.5566437135369189,MODERADO,-108.3723070625,5.099273437500003
12,120,M120,DECK_LONG,0.44825516102900603,MODERADO,-111.77182268749999,1.6997578125000103
12,121,M121,ARCH,0.6182380995609112,MODERADO,-111.77182268749999,1.6997578125000103
12,122,M122,SPANDREL,0.6666462000000001,MODERADO,-36.0606976,0.0
12,123,M123,SPANDREL,0.48844294934114774,MODERADO,-38.8191824375,2.7584848374999993
12,124,M124,SPANDREL,0.4720245441834305,MODERADO,-41.577667274999996,5.516969674999999
12,125,M125,SPANDREL,0.48020162437648123,MODERADO,-44.3361521125,8.275454512500005
12,126,M126,SPANDREL,0.4260559675783533,MODERADO,-47.094636949999995,11.033939349999997
12,127,M127,SPANDREL,0.46040705360065687,MODERADO,-49.8531217875,8.275454512499998
12,128,M128,SPANDREL,0.5079228509417173,MODERADO,-52.611606625,5.516969674999999
12,129,M129,SPANDREL,0.5052568202306881,MODERADO,-55.3700914625,2.7584848374999993
12,130,M130,SPANDREL,0.65941128,MODERADO,-58.1285763,0.0
12,131,M131,SPANDREL,0.5481514807035485,MODERADO,-61.6469362,3.5183599
12,132,M132,SPANDREL,0.4542945870955392,MODERADO,-65.1652961,7.036719800000007
12,133,M133,SPANDREL,0.46805681469889665,MODERADO,-68.683656,10.5550797
12,134,M134,SPANDREL,0.4179941134059247,MODERADO,-72.2020159,14.0734396
12,135,M135,SPANDREL,0.448554447419776,MODERADO,-75.7203758,10.555079700000007
12,136,M136,SPANDREL,0.48924032456442684,MODERADO,-79.2387357,7.0367198
12,137,M137,SPANDREL,0.48237330301912285,MODERADO,-82.75709560000001,3.518359899999993
12,138,M138,SPANDREL,0.6521763600000001,MODERADO,-86.2754555,0.0
12,139,M139,SPANDREL,0.5451467910422135,MODERADO,-89.67497112500001,3.3995156250000065
12,140,M140,SPANDREL,0.45062011858570566,MODERADO,-93.07448675,6.799031249999999
12,141,M141,SPANDREL,0.46376990773780374,MODERADO,-96.474002375,10.198546874999991
12,142,M142,SPANDREL,0.41327551647892224,MODERADO,-99.873518,13.598062499999997
12,143,M143,SPANDREL,0.44423513783309126,MODERADO,-103.27303362500001,10.198546874999991
12,144,M144,SPANDREL,0.4856849291379047,MODERADO,-106.67254925,6.799031249999999
12,145,M145,SPANDREL,0.4790436621882924,MODERADO,-110.072064875,3.3995156250000065
12,146,M146,SPANDREL,0.6449414400000001,MODERADO,-113.4715805,0.0
12,147,M147,DECK_CROSS,0.4658067000000001,MODERADO,-36.0606976,0.0
12,148,M148,DECK_CROSS,0.34220048594507724,BAJO,-38.8191824375,2.7584848374999993
12,149,M149,DECK_CROSS,0.3301672120612256,BAJO,-41.577667274999996,5.516969674999999
12,150,M150,DECK_CROSS,0.3354080048125804,BAJO,-44.3361521125,8.275454512500005
12,151,M151,DECK_CROSS,0.29835714388562584,BAJO,-47.094636949999995,11.033939349999997
12,152,M152,DECK_CROSS,0.3219117065563364,BAJO,-49.8531217875,8.275454512499998
12,153,M153,DECK_CROSS,0.3020457145039604,BAJO,-52.611606625,5.516969674999999
12,154,M154,DECK_CROSS,0.3536644888243093,MODERADO,-55.3700914625,2.7584848374999993
12,155,M155,DECK_CROSS,0.46087380000000006,MODERADO,-58.1285763,0.0
12,156,M156,DECK_CROSS,0.326676134964741,BAJO,-61.6469362,3.5183599
12,157,M157,DECK_CROSS,0.3178575057010524,BAJO,-65.1652961,7.036719800000007
12,158,M158,DECK_CROSS,0.32700939074081165,BAJO,-68.683656,10.5550797
12,159,M159,DECK_CROSS,0.29280409562992854,BAJO,-72.2020159,14.0734396
12,160,M160,DECK_CROSS,0.3137123221414112,BAJO,-75.7203758,10.555079700000007
12,161,M161,DECK_CROSS,0.34168414488438487,BAJO,-79.2387357,7.0367198
12,162,M162,DECK_CROSS,0.3377499022516815,BAJO,-82.75709560000001,3.518359899999993
12,163,M163,DECK_CROSS,0.4559409000000001,MODERADO,-86.2754555,0.0
12,164,M164,DECK_CROSS,0.32439498419053875,BAJO,-89.67497112500001,3.3995156250000065
12,165,M165,DECK_CROSS,0.31537982411552246,BAJO,-93.07448675,6.799031249999999
12,166,M166,DECK_CROSS,0.3240995916009116,BAJO,-96.474002375,10.198546874999991
12,167,M167,DECK_CROSS,0.2895923837308976,BAJO,-99.873518,13.598062499999997
12,168,M168,DECK_CROSS,0.310780430302244,BAJO,-103.27303362500001,10.198546874999991
12,169,M169,DECK_CROSS,0.3392876494920218,BAJO,-106.67254925,6.799031249999999
12,170,M170,DECK_CROSS,0.3355234570615692,BAJO,-110.072064875,3.3995156250000065
12,171,M171,DECK_CROSS,0.451008,MODERADO,-113.4715805,0.0
13,1,M001,DECK_LONG,0.4523951448589576,MODERADO,-37.439940018749994,1.379242418749996
13,2,M002,ARCH,0.7313198654288804,ALTO,-37.439940018749994,1.379242418749996
13,3,M003,DECK_LONG,0.3749018096626566,MODERADO,-40.19842485625,4.1377272562500025
13,4,M004,ARCH,0.6076426037371598,MODERADO,-40.19842485625,4.1377272562500025
13,5,M005,DECK_LONG,0.39648317377626385,MODERADO,-42.95690969375,6.896212093750002
13,6,M006,ARCH,0.5456981392651399,MODERADO,-42.95690969375,6.896212093750002
13,7,M007,DECK_LONG,0.3703571760381168,MODERADO,-45.71539453125,9.654696931250001
13,8,M008,ARCH,0.5976211571122938,MODERADO,-45.71539453125,9.654696931250001
13,9,M009,DECK_LONG,0.3545349549099061,MODERADO,-48.47387936875,9.654696931250001
13,10,M010,ARCH,0.5735019175875825,MODERADO,-48.47387936875,9.654696931250001
13,11,M011,DECK_LONG,0.34775003709056224,BAJO,-51.23236420625,6.896212093750002
13,12,M012,ARCH,0.5640409338622875,MODERADO,-51.23236420625,6.896212093750002
13,13,M013,DECK_LONG,0.4178392818804311,MODERADO,-53.99084904375,4.137727256249995
13,14,M014,ARCH,0.5744274131791802,MODERADO,-53.99084904375,4.137727256249995
13,15,M015,DECK_LONG,0.46200484564844496,MODERADO,-56.749333881249996,1.3792424187500032
13,16,M016,ARCH,0.7459687995591966,ALTO,-56.749333881249996,1.3792424187500032
13,17,M017,DECK_LONG,0.4304108925895679,MODERADO,-59.887756249999995,1.7591799499999965
13,18,M018,ARCH,0.6967098580491262,MODERADO,-59.887756249999995,1.7591799499999965
13,19,M019,DECK_LONG,0.4168031071017854,MODERADO,-63.40611615,5.277539850000004
13,20,M020,ARCH,0.5748591053233103,MODERADO,-63.40611615,5.277539850000004
13,21,M021,DECK_LONG,0.3801918232358309,MODERADO,-66.92447605000001,8.795899750000011
13,22,M022,ARCH,0.5220539074021974,MODERADO,-66.92447605000001,8.795899750000011
13,23,M023,DECK_LONG,0.35838598418906426,MODERADO,-70.44283595,12.314259650000004
13,24,M024,ARCH,0.5790285826718691,MODERADO,-70.44283595,12.314259650000004
13,25,M025,DECK_LONG,0.34272834410313424,BAJO,-73.96119585,12.314259650000011
13,26,M026,ARCH,0.5551602288823417,MODERADO,-73.96119585,12.314259650000011
13,27,M027,DECK_LONG,0.3919807169795776,MODERADO,-77.47955575,8.795899750000004
13,28,M028,ARCH,0.5400247820115673,MODERADO,-77.47955575,8.795899750000004
13,29,M029,DECK_LONG,0.3957148546591355,MODERADO,-80.99791565000001,5.277539849999997
13,30,M030,ARCH,0.6382070659428198,MODERADO,-80.99791565000001,5.277539849999997
13,31,M031,DECK_LONG,0.43976765112412386,MODERADO,-84.51627555000002,1.7591799499999894
13,32,M032,ARCH,0.7109732094737541,ALTO,-84.51627555000002,1.7591799499999894
13,33,M033,DECK_LONG,0.4220180037862368,MODERADO,-87.97521331250002,1.6997578125000103
13,34,M034,ARCH,0.6840784234861893,MODERADO,-87.97521331250002,1.6997578125000103
13,35,M035,DECK_LONG,0.40991652146852897,MODERADO,-91.37472893750001,5.099273437500003
13,36,M036,ARCH,0.564094849859854,MODERADO,-91.37472893750001,5.099273437500003
13,37,M037,DECK_LONG,0.37284644876972145,MODERADO,-94.7742445625,8.498789062499995
13,38,M038,ARCH,0.6016906666203807,MODERADO,-94.7742445625,8.498789062499995
13,39,M039,DECK_LONG,0.350651011801688,MODERADO,-98.1737601875,11.898304687499987
13,40,M040,ARCH,0.5672733064248556,MODERADO,-98.1737601875,11.898304687499987
13,41,M041,DECK_LONG,0.3349762149165132,BAJO,-101.57327581250001,11.898304687499987
13,42,M042,ARCH,0.5433787989779428,MODERADO,-101.57327581250001,11.898304687499987
13,43,M043,DECK_LONG,0.38466408581472056,MODERADO,-104.9727914375,8.498789062499995
13,44,M044,ARCH,0.5287311696200052,MODERADO,-104.9727914375,8.498789062499995
13,45,M045,DECK_LONG,0.3887354246145321,MODERADO,-108.3723070625,5.099273437500003
13,46,M046,ARCH,0.6277217100292315,MODERADO,-108.3723070625,5.099273437500003
13,47,M047,DECK_LONG,0.43141224017188934,MODERADO,-111.77182268749999,1.6997578125000103
13,48,M048,ARCH,0.6983989057813913,MODERADO,-111.77182268749999,1.6997578125000103
13,49,M049,SPANDREL,0.7513119900000002,ALTO,-36.0606976,0.0
13,50,M050,SPANDREL,0.5528260632890127,MODERADO,-38.8191824375,2.7584848374999993
13,51,M051,SPANDREL,0.532873447128328,MODERADO,-41.577667274999996,5.516969674999999
13,52,M052,SPANDREL,0.4606514310176422,MODERADO,-44.3361521125,8.275454512500005
13,53,M053,SPANDREL,0.4818661754012933,MODERADO,-47.094636949999995,11.033939349999997
13,54,M054,SPANDREL,0.5194241998026518,MODERADO,-49.8531217875,8.275454512499998
13,55,M055,SPANDREL,0.48819151212067313,MODERADO,-52.611606625,5.516969674999999
13,56,M056,SPANDREL,0.5710410900860148,MODERADO,-55.3700914625,2.7584848374999993
13,57,M057,SPANDREL,0.7434741600000001,ALTO,-58.1285763,0.0
13,58,M058,SPANDREL,0.5278495740108244,MODERADO,-61.6469362,3.5183599
13,59,M059,SPANDREL,0.5130951276238627,MODERADO,-65.1652961,7.036719800000007
13,60,M060,SPANDREL,0.5274066114186899,MODERADO,-68.683656,10.5550797
13,61,M061,SPANDREL,0.47298706040367905,MODERADO,-72.2020159,14.0734396
13,62,M062,SPANDREL,0.5062790468663092,MODERADO,-75.7203758,10.555079700000007
13,63,M063,SPANDREL,0.46959883737003444,MODERADO,-79.2387357,7.0367198
13,64,M064,SPANDREL,0.5454445598111854,MODERADO,-82.75709560000001,3.518359899999993
13,65,M065,SPANDREL,0.7356363300000002,ALTO,-86.2754555,0.0
13,66,M066,SPANDREL,0.5242685394391747,MODERADO,-89.67497112500001,3.3995156250000065
13,67,M067,SPANDREL,0.5091858128058678,MODERADO,-93.07448675,6.799031249999999
13,68,M068,SPANDREL,0.5227962649498825,MODERADO,-96.474002375,10.198546874999991
13,69,M069,SPANDREL,0.4678894820448112,MODERADO,-99.873518,13.598062499999997
13,70,M070,SPANDREL,0.5016335975531107,MODERADO,-103.27303362500001,10.198546874999991
13,71,M071,SPANDREL,0.4655413145653649,MODERADO,-106.67254925,6.799031249999999
13,72,M072,SPANDREL,0.5419504463342565,MODERADO,-110.072064875,3.3995156250000065
13,73,M073,SPANDREL,0.7277985000000001,ALTO,-113.4715805,0.0
13,74,M074,DECK_LONG,0.43317574327998226,MODERADO,-37.439940018749994,1.379242418749996
13,75,M075,ARCH,0.7020219971682473,ALTO,-37.439940018749994,1.379242418749996
13,76,M076,DECK_LONG,0.4229661442347921,MODERADO,-40.19842485625,4.1377272562500025
13,77,M077,ARCH,0.5822427521339988,MODERADO,-40.19842485625,4.1377272562500025
13,78,M078,DECK_LONG,0.3808404385438164,MODERADO,-42.95690969375,6.896212093750002
13,79,M079,ARCH,0.6144836190044433,MODERADO,-42.95690969375,6.896212093750002
13,80,M080,DECK_LONG,0.3551209630998398,MODERADO,-45.71539453125,9.654696931250001
13,81,M081,ARCH,0.5743952227551643,MODERADO,-45.71539453125,9.654696931250001
13,82,M082,DECK_LONG,0.3392987419716291,BAJO,-48.47387936875,9.654696931250001
13,83,M083,ARCH,0.5502759832304529,MODERADO,-48.47387936875,9.654696931250001
13,84,M084,DECK_LONG,0.3928733117995452,MODERADO,-51.23236420625,6.896212093750002
13,85,M085,ARCH,0.5401953008859957,MODERADO,-51.23236420625,6.896212093750002
13,86,M086,DECK_LONG,0.4011769792287575,MODERADO,-53.99084904375,4.137727256249995
13,87,M087,ARCH,0.6476962158806062,MODERADO,-53.99084904375,4.137727256249995
13,88,M088,DECK_LONG,0.4427854440694697,MODERADO,-56.749333881249996,1.3792424187500032
13,89,M089,ARCH,0.7166709312985635,ALTO,-56.749333881249996,1.3792424187500032
13,90,M090,DECK_LONG,0.48439219182738985,MODERADO,-59.887756249999995,1.7591799499999965
13,91,M091,ARCH,0.6681831551998706,MODERADO,-59.887756249999995,1.7591799499999965
13,92,M092,DECK_LONG,0.40067679641034726,MODERADO,-63.40611615,5.277539850000004
13,93,M093,ARCH,0.5502763146351425,MODERADO,-63.40611615,5.277539850000004
13,94,M094,DECK_LONG,0.3648662613689602,MODERADO,-66.92447605000001,8.795899750000011
13,95,M095,ARCH,0.5894446871873348,MODERADO,-66.92447605000001,8.795899750000011
13,96,M096,DECK_LONG,0.34330825669890946,BAJO,-70.44283595,12.314259650000004
13,97,M097,ARCH,0.5560442419856574,MODERADO,-70.44283595,12.314259650000004
13,98,M098,DECK_LONG,0.38622178878627317,MODERADO,-73.96119585,12.314259650000011
13,99,M099,ARCH,0.53217588819613,MODERADO,-73.96119585,12.314259650000011
13,100,M100,DECK_LONG,0.37665515511270686,MODERADO,-77.47955575,8.795899750000004
13,101,M101,ARCH,0.5166626450193864,MODERADO,-77.47955575,8.795899750000004
13,102,M102,DECK_LONG,0.37958854396769737,MODERADO,-80.99791565000001,5.277539849999997
13,103,M103,ARCH,0.6136242752546519,MODERADO,-80.99791565000001,5.277539849999997
13,104,M104,DECK_LONG,0.42105413405501224,MODERADO,-84.51627555000002,1.7591799499999894
13,105,M105,ARCH,0.6824465066244987,MODERADO,-84.51627555000002,1.7591799499999894
13,106,M106,DECK_LONG,0.4762155213957706,MODERADO,-87.97521331250002,1.6997578125000103
13,107,M107,ARCH,0.6554374588957853,MODERADO,-87.97521331250002,1.6997578125000103
13,108,M108,DECK_LONG,0.3937192121095902,MODERADO,-91.37472893750001,5.099273437500003
13,109,M109,ARCH,0.635318947064381,MODERADO,-91.37472893750001,5.099273437500003
13,110,M110,DECK_LONG,0.3574835206112226,MODERADO,-94.7742445625,8.498789062499995
13,111,M111,ARCH,0.5782715688177912,MODERADO,-94.7742445625,8.498789062499995
13,112,M112,DECK_LONG,0.3355567629492974,BAJO,-98.1737601875,11.898304687499987
13,113,M113,ARCH,0.5442637807352358,MODERADO,-98.1737601875,11.898304687499987
13,114,M114,DECK_LONG,0.37851731737533206,MODERADO,-101.57327581250001,11.898304687499987
13,115,M115,ARCH,0.5203692732883232,MODERADO,-101.57327581250001,11.898304687499987
13,116,M116,DECK_LONG,0.3693011576562217,MODERADO,-104.9727914375,8.498789062499995
13,117,M117,ARCH,0.5962862594351678,MODERADO,-104.9727914375,8.498789062499995
13,118,M118,DECK_LONG,0.37253811525559327,MODERADO,-108.3723070625,5.099273437500003
13,119,M119,ARCH,0.6030306896649954,MODERADO,-108.3723070625,5.099273437500003
13,120,M120,DECK_LONG,0.48560975778142323,MODERADO,-111.77182268749999,1.6997578125000103
13,121,M121,ARCH,0.6697579411909873,MODERADO,-111.77182268749999,1.6997578125000103
13,122,M122,SPANDREL,0.7222000500000001,ALTO,-36.0606976,0.0
13,123,M123,SPANDREL,0.52914652845291,MODERADO,-38.8191824375,2.7584848374999993
13,124,M124,SPANDREL,0.511359922865383,MODERADO,-41.577667274999996,5.516969674999999
13,125,M125,SPANDREL,0.5202184264078547,MODERADO,-44.3361521125,8.275454512500005
13,126,M126,SPANDREL,0.4615606315432161,MODERADO,-47.094636949999995,11.033939349999997
13,127,M127,SPANDREL,0.4987743080673782,MODERADO,-49.8531217875,8.275454512499998
13,128,M128,SPANDREL,0.5502497551868604,MODERADO,-52.611606625,5.516969674999999
13,129,M129,SPANDREL,0.547361555249912,MODERADO,-55.3700914625,2.7584848374999993
13,130,M130,SPANDREL,0.71436222,ALTO,-58.1285763,0.0
13,131,M131,SPANDREL,0.5938307707621775,MODERADO,-61.6469362,3.5183599
13,132,M132,SPANDREL,0.4921524693535009,MODERADO,-65.1652961,7.036719800000007
13,133,M133,SPANDREL,0.507061549257138,MODERADO,-68.683656,10.5550797
13,134,M134,SPANDREL,0.4528269561897517,MODERADO,-72.2020159,14.0734396
13,135,M135,SPANDREL,0.4859339847047573,MODERADO,-75.7203758,10.555079700000007
13,136,M136,SPANDREL,0.5300103516114625,MODERADO,-79.2387357,7.0367198
13,137,M137,SPANDREL,0.5225710782707164,MODERADO,-82.75709560000001,3.518359899999993
13,138,M138,SPANDREL,0.7065243900000001,ALTO,-86.2754555,0.0
13,139,M139,SPANDREL,0.5905756902957313,MODERADO,-89.67497112500001,3.3995156250000065
13,140,M140,SPANDREL,0.48817179513451453,MODERADO,-93.07448675,6.799031249999999
13,141,M141,SPANDREL,0.5024174000492874,MODERADO,-96.474002375,10.198546874999991
13,142,M142,SPANDREL,0.44771514285216585,MODERADO,-99.873518,13.598062499999997
13,143,M143,SPANDREL,0.48125473265251556,MODERADO,-103.27303362500001,10.198546874999991
13,144,M144,SPANDREL,0.5261586732327301,MODERADO,-106.67254925,6.799031249999999
13,145,M145,SPANDREL,0.5189639673706502,MODERADO,-110.072064875,3.3995156250000065
13,146,M146,SPANDREL,0.6986865600000001,MODERADO,-113.4715805,0.0
13,147,M147,DECK_CROSS,0.5046239250000001,MODERADO,-36.0606976,0.0
13,148,M148,DECK_CROSS,0.370717193107167,MODERADO,-38.8191824375,2.7584848374999993
13,149,M149,DECK_CROSS,0.3576811463996611,MODERADO,-41.577667274999996,5.516969674999999
13,150,M150,DECK_CROSS,0.36335867188029536,MODERADO,-44.3361521125,8.275454512500005
13,151,M151,DECK_CROSS,0.32322023920942794,BAJO,-47.094636949999995,11.033939349999997
13,152,M152,DECK_CROSS,0.3487376821026978,BAJO,-49.8531217875,8.275454512499998
13,153,M153,DECK_CROSS,0.3272161907126237,BAJO,-52.611606625,5.516969674999999
13,154,M154,DECK_CROSS,0.3831365295596684,MODERADO,-55.3700914625,2.7584848374999993
13,155,M155,DECK_CROSS,0.49927995,MODERADO,-58.1285763,0.0
13,156,M156,DECK_CROSS,0.35389914621180274,MODERADO,-61.6469362,3.5183599
13,157,M157,DECK_CROSS,0.34434563117614014,BAJO,-65.1652961,7.036719800000007
13,158,M158,DECK_CROSS,0.35426017330254594,MODERADO,-68.683656,10.5550797
13,159,M159,DECK_CROSS,0.31720443693242256,BAJO,-72.2020159,14.0734396
13,160,M160,DECK_CROSS,0.3398550156531955,BAJO,-75.7203758,10.555079700000007
13,161,M161,DECK_CROSS,0.3701578236247503,MODERADO,-79.2387357,7.0367198
13,162,M162,DECK_CROSS,0.36589572743932164,MODERADO,-82.75709560000001,3.518359899999993
13,163,M163,DECK_CROSS,0.493935975,MODERADO,-86.2754555,0.0
13,164,M164,DECK_CROSS,0.35142789953975034,MODERADO,-89.67497112500001,3.3995156250000065
13,165,M165,DECK_CROSS,0.34166147612514935,BAJO,-93.07448675,6.799031249999999
13,166,M166,DECK_CROSS,0.3511078909009876,MODERADO,-96.474002375,10.198546874999991
13,167,M167,DECK_CROSS,0.313725082375139,BAJO,-99.873518,13.598062499999997
13,168,M168,DECK_CROSS,0.3366787994940976,BAJO,-103.27303362500001,10.198546874999991
13,169,M169,DECK_CROSS,0.36756162028302364,MODERADO,-106.67254925,6.799031249999999
13,170,M170,DECK_CROSS,0.36348374515003334,MODERADO,-110.072064875,3.3995156250000065
13,171,M171,DECK_CROSS,0.48859199999999997,MODERADO,-113.4715805,0.0
14,1,M001,DECK_LONG,0.48719477138656975,MODERADO,-37.439940018749994,1.379242418749996
14,2,M002,ARCH,0.7875752396926404,ALTO,-37.439940018749994,1.379242418749996
14,3,M003,DECK_LONG,0.40374041040593794,MODERADO,-40.19842485625,4.1377272562500025
14,4,M004,ARCH,0.6543843424861722,MODERADO,-40.19842485625,4.1377272562500025
14,5,M005,DECK_LONG,0.426981879451361,MODERADO,-42.95690969375,6.896212093750002
14,6,M006,ARCH,0.5876749192086121,MODERADO,-42.95690969375,6.896212093750002
14,7,M007,DECK_LONG,0.3988461895795104,MODERADO,-45.71539453125,9.654696931250001
14,8,M008,ARCH,0.6435920153517011,MODERADO,-45.71539453125,9.654696931250001
14,9,M009,DECK_LONG,0.38180687451836043,MODERADO,-48.47387936875,9.654696931250001
14,10,M010,ARCH,0.6176174497097042,MODERADO,-48.47387936875,9.654696931250001
14,11,M011,DECK_LONG,0.3745000399436824,MODERADO,-51.23236420625,6.896212093750002
14,12,M012,ARCH,0.6074286980055402,MODERADO,-51.23236420625,6.896212093750002
14,13,M013,DECK_LONG,0.44998076510200274,MODERADO,-53.99084904375,4.137727256249995
14,14,M014,ARCH,0.6186141372698863,MODERADO,-53.99084904375,4.137727256249995
14,15,M015,DECK_LONG,0.49754367992909454,MODERADO,-56.749333881249996,1.3792424187500032
14,16,M016,ARCH,0.803351014909904,ALTO,-56.749333881249996,1.3792424187500032
14,17,M017,DECK_LONG,0.4635194227887654,MODERADO,-59.887756249999995,1.7591799499999965
14,18,M018,ARCH,0.7503029240529051,ALTO,-59.887756249999995,1.7591799499999965
14,19,M019,DECK_LONG,0.4488648845711535,MODERADO,-63.40611615,5.277539850000004
14,20,M020,ARCH,0.6190790365020264,MODERADO,-63.40611615,5.277539850000004
14,21,M021,DECK_LONG,0.40943734810012555,MODERADO,-66.92447605000001,8.795899750000011
14,22,M022,ARCH,0.5622119002792895,MODERADO,-66.92447605000001,8.795899750000011
14,23,M023,DECK_LONG,0.38595413681899227,MODERADO,-70.44283595,12.314259650000004
14,24,M024,ARCH,0.6235692428773975,MODERADO,-70.44283595,12.314259650000004
14,25,M025,DECK_LONG,0.3690920628802984,MODERADO,-73.96119585,12.314259650000011
14,26,M026,ARCH,0.597864861873291,MODERADO,-73.96119585,12.314259650000011
14,27,M027,DECK_LONG,0.42213307982416043,MODERADO,-77.47955575,8.795899750000004
14,28,M028,ARCH,0.581565149858611,MODERADO,-77.47955575,8.795899750000004
14,29,M029,DECK_LONG,0.4261544588636843,MODERADO,-80.99791565000001,5.277539849999997
14,30,M030,ARCH,0.6872999171691906,MODERADO,-80.99791565000001,5.277539849999997
14,31,M031,DECK_LONG,0.47359593197982564,MODERADO,-84.51627555000002,1.7591799499999894
14,32,M032,ARCH,0.7656634563563506,ALTO,-84.51627555000002,1.7591799499999894
14,33,M033,DECK_LONG,0.4544809271544088,MODERADO,-87.97521331250002,1.6997578125000103
14,34,M034,ARCH,0.7366998406774345,ALTO,-87.97521331250002,1.6997578125000103
14,35,M035,DECK_LONG,0.44144856158149276,MODERADO,-91.37472893750001,5.099273437500003
14,36,M036,ARCH,0.607486761387535,MODERADO,-91.37472893750001,5.099273437500003
14,37,M037,DECK_LONG,0.40152694482893064,MODERADO,-94.7742445625,8.498789062499995
14,38,M038,ARCH,0.6479745640527175,MODERADO,-94.7742445625,8.498789062499995
14,39,M039,DECK_LONG,0.37762416655566394,MODERADO,-98.1737601875,11.898304687499987
14,40,M040,ARCH,0.6109097146113829,MODERADO,-98.1737601875,11.898304687499987
14,41,M041,DECK_LONG,0.36074361606393723,MODERADO,-101.57327581250001,11.898304687499987
14,42,M042,ARCH,0.5851771681300922,MODERADO,-101.57327581250001,11.898304687499987
14,43,M043,DECK_LONG,0.41425363087739125,MODERADO,-104.9727914375,8.498789062499995
14,44,M044,ARCH,0.5694027980523132,MODERADO,-104.9727914375,8.498789062499995
14,45,M045,DECK_LONG,0.4186381495848807,MODERADO,-108.3723070625,5.099273437500003
14,46,M046,ARCH,0.6760079954160954,MODERADO,-108.3723070625,5.099273437500003
14,47,M047,DECK_LONG,0.4645977971081885,MODERADO,-111.77182268749999,1.6997578125000103
14,48,M048,ARCH,0.752121898533806,ALTO,-111.77182268749999,1.6997578125000103
14,49,M049,SPANDREL,0.8091052200000002,ALTO,-36.0606976,0.0
14,50,M050,SPANDREL,0.5953511450804752,MODERADO,-38.8191824375,2.7584848374999993
14,51,M051,SPANDREL,0.5738637122920454,MODERADO,-41.577667274999996,5.516969674999999
14,52,M052,SPANDREL,0.4960861564805377,MODERADO,-44.3361521125,8.275454512500005
14,53,M053,SPANDREL,0.5189328042783158,MODERADO,-47.094636949999995,11.033939349999997
14,54,M054,SPANDREL,0.5593799074797787,MODERADO,-49.8531217875,8.275454512499998
14,55,M055,SPANDREL,0.5257447053607248,MODERADO,-52.611606625,5.516969674999999
14,56,M056,SPANDREL,0.6149673277849389,MODERADO,-55.3700914625,2.7584848374999993
14,57,M057,SPANDREL,0.8006644800000001,ALTO,-58.1285763,0.0
14,58,M058,SPANDREL,0.5684533873962724,MODERADO,-61.6469362,3.5183599
14,59,M059,SPANDREL,0.5525639835949289,MODERADO,-65.1652961,7.036719800000007
14,60,M060,SPANDREL,0.567976350758589,MODERADO,-68.683656,10.5550797
14,61,M061,SPANDREL,0.5093706804347312,MODERADO,-72.2020159,14.0734396
14,62,M062,SPANDREL,0.5452235889329483,MODERADO,-75.7203758,10.555079700000007
14,63,M063,SPANDREL,0.5057218248600369,MODERADO,-79.2387357,7.0367198
14,64,M064,SPANDREL,0.587401833642815,MODERADO,-82.75709560000001,3.518359899999993
14,65,M065,SPANDREL,0.7922237400000002,ALTO,-86.2754555,0.0
14,66,M066,SPANDREL,0.5645968886268035,MODERADO,-89.67497112500001,3.3995156250000065
14,67,M067,SPANDREL,0.548353952252473,MODERADO,-93.07448675,6.799031249999999
14,68,M068,SPANDREL,0.5630113622537196,MODERADO,-96.474002375,10.198546874999991
14,69,M069,SPANDREL,0.5038809806636426,MODERADO,-99.873518,13.598062499999997
14,70,M070,SPANDREL,0.5402207973648884,MODERADO,-103.27303362500001,10.198546874999991
14,71,M071,SPANDREL,0.5013521849165468,MODERADO,-106.67254925,6.799031249999999
14,72,M072,SPANDREL,0.5836389422061222,MODERADO,-110.072064875,3.3995156250000065
14,73,M073,SPANDREL,0.7837830000000001,ALTO,-113.4715805,0.0
14,74,M074,DECK_LONG,0.46649695430151933,MODERADO,-37.439940018749994,1.379242418749996
14,75,M075,ARCH,0.7560236892581125,ALTO,-37.439940018749994,1.379242418749996
14,76,M076,DECK_LONG,0.45550200148362224,MODERADO,-40.19842485625,4.1377272562500025
14,77,M077,ARCH,0.6270306561443064,MODERADO,-40.19842485625,4.1377272562500025
14,78,M078,DECK_LONG,0.4101358568933407,MODERADO,-42.95690969375,6.896212093750002
14,79,M079,ARCH,0.6617515896970927,MODERADO,-42.95690969375,6.896212093750002
14,80,M080,DECK_LONG,0.38243796026136595,MODERADO,-45.71539453125,9.654696931250001
14,81,M081,ARCH,0.6185794706594078,MODERADO,-45.71539453125,9.654696931250001
14,82,M082,DECK_LONG,0.365398645200216,MODERADO,-48.47387936875,9.654696931250001
14,83,M083,ARCH,0.5926049050174109,MODERADO,-48.47387936875,9.654696931250001
14,84,M084,DECK_LONG,0.4230943357841256,MODERADO,-51.23236420625,6.896212093750002
14,85,M085,ARCH,0.5817487855695337,MODERADO,-51.23236420625,6.896212093750002
14,86,M086,DECK_LONG,0.4320367468617388,MODERADO,-53.99084904375,4.137727256249995
14,87,M087,ARCH,0.6975190017175759,MODERADO,-53.99084904375,4.137727256249995
14,88,M088,DECK_LONG,0.47684586284404423,MODERADO,-56.749333881249996,1.3792424187500032
14,89,M089,ARCH,0.771799464475376,ALTO,-56.749333881249996,1.3792424187500032
14,90,M090,DECK_LONG,0.521653129660266,MODERADO,-59.887756249999995,1.7591799499999965
14,91,M091,ARCH,0.7195818594460145,ALTO,-59.887756249999995,1.7591799499999965
14,92,M092,DECK_LONG,0.4314980884419124,MODERADO,-63.40611615,5.277539850000004
14,93,M093,ARCH,0.5926052619147687,MODERADO,-63.40611615,5.277539850000004
14,94,M094,DECK_LONG,0.39293289685888017,MODERADO,-66.92447605000001,8.795899750000011
14,95,M095,ARCH,0.6347865862017451,MODERADO,-66.92447605000001,8.795899750000011
14,96,M096,DECK_LONG,0.3697165841372871,MODERADO,-70.44283595,12.314259650000004
14,97,M097,ARCH,0.5988168759845541,MODERADO,-70.44283595,12.314259650000004
14,98,M098,DECK_LONG,0.415931157154448,MODERADO,-73.96119585,12.314259650000011
14,99,M099,ARCH,0.5731124949804477,MODERADO,-73.96119585,12.314259650000011
14,100,M100,DECK_LONG,0.40562862858291504,MODERADO,-77.47955575,8.795899750000004
14,101,M101,ARCH,0.556405925405493,MODERADO,-77.47955575,8.795899750000004
14,102,M102,DECK_LONG,0.40878766273444334,MODERADO,-80.99791565000001,5.277539849999997
14,103,M103,ARCH,0.6608261425819328,MODERADO,-80.99791565000001,5.277539849999997
14,104,M104,DECK_LONG,0.45344291359770544,MODERADO,-84.51627555000002,1.7591799499999894
14,105,M105,ARCH,0.7349423917494601,ALTO,-84.51627555000002,1.7591799499999894
14,106,M106,DECK_LONG,0.5128474845800607,MODERADO,-87.97521331250002,1.6997578125000103
14,107,M107,ARCH,0.7058557249646917,ALTO,-87.97521331250002,1.6997578125000103
14,108,M108,DECK_LONG,0.42400530534878944,MODERADO,-91.37472893750001,5.099273437500003
14,109,M109,ARCH,0.6841896353001026,MODERADO,-91.37472893750001,5.099273437500003
14,110,M110,DECK_LONG,0.38498225296593197,MODERADO,-94.7742445625,8.498789062499995
14,111,M111,ARCH,0.6227539971883903,MODERADO,-94.7742445625,8.498789062499995
14,112,M112,DECK_LONG,0.3613688216377049,MODERADO,-98.1737601875,11.898304687499987
14,113,M113,ARCH,0.586130225407177,MODERADO,-98.1737601875,11.898304687499987
14,114,M114,DECK_LONG,0.40763403409651144,MODERADO,-101.57327581250001,11.898304687499987
14,115,M115,ARCH,0.5603976789258863,MODERADO,-101.57327581250001,11.898304687499987
14,116,M116,DECK_LONG,0.39770893901439247,MODERADO,-104.9727914375,8.498789062499995
14,117,M117,ARCH,0.6421544332378729,MODERADO,-104.9727914375,8.498789062499995
14,118,M118,DECK_LONG,0.4011948933521774,MODERADO,-108.3723070625,5.099273437500003
14,119,M119,ARCH,0.6494176657930719,MODERADO,-108.3723070625,5.099273437500003
14,120,M120,DECK_LONG,0.5229643545338404,MODERADO,-111.77182268749999,1.6997578125000103
14,121,M121,ARCH,0.7212777828210631,ALTO,-111.77182268749999,1.6997578125000103
14,122,M122,SPANDREL,0.7777539000000001,ALTO,-36.0606976,0.0
14,123,M123,SPANDREL,0.5698501075646722,MODERADO,-38.8191824375,2.7584848374999993
14,124,M124,SPANDREL,0.5506953015473355,MODERADO,-41.577667274999996,5.516969674999999
14,125,M125,SPANDREL,0.560235228439228,MODERADO,-44.3361521125,8.275454512500005
14,126,M126,SPANDREL,0.49706529550807876,MODERADO,-47.094636949999995,11.033939349999997
14,127,M127,SPANDREL,0.5371415625340995,MODERADO,-49.8531217875,8.275454512499998
14,128,M128,SPANDREL,0.5925766594320034,MODERADO,-52.611606625,5.516969674999999
14,129,M129,SPANDREL,0.589466290269136,MODERADO,-55.3700914625,2.7584848374999993
14,130,M130,SPANDREL,0.76931316,ALTO,-58.1285763,0.0
14,131,M131,SPANDREL,0.6395100608208064,MODERADO,-61.6469362,3.5183599
14,132,M132,SPANDREL,0.5300103516114624,MODERADO,-65.1652961,7.036719800000007
14,133,M133,SPANDREL,0.5460662838153794,MODERADO,-68.683656,10.5550797
14,134,M134,SPANDREL,0.4876597989735787,MODERADO,-72.2020159,14.0734396
14,135,M135,SPANDREL,0.5233135219897386,MODERADO,-75.7203758,10.555079700000007
14,136,M136,SPANDREL,0.570780378658498,MODERADO,-79.2387357,7.0367198
14,137,M137,SPANDREL,0.5627688535223098,MODERADO,-82.75709560000001,3.518359899999993
14,138,M138,SPANDREL,0.7608724200000001,ALTO,-86.2754555,0.0
14,139,M139,SPANDREL,0.636004589549249,MODERADO,-89.67497112500001,3.3995156250000065
14,140,M140,SPANDREL,0.5257234716833232,MODERADO,-93.07448675,6.799031249999999
14,141,M141,SPANDREL,0.5410648923607709,MODERADO,-96.474002375,10.198546874999991
14,142,M142,SPANDREL,0.48215476922540923,MODERADO,-99.873518,13.598062499999997
14,143,M143,SPANDREL,0.5182743274719398,MODERADO,-103.27303362500001,10.198546874999991
14,144,M144,SPANDREL,0.5666324173275554,MODERADO,-106.67254925,6.799031249999999
14,145,M145,SPANDREL,0.5588842725530078,MODERADO,-110.072064875,3.3995156250000065
14,146,M146,SPANDREL,0.7524316800000002,ALTO,-113.4715805,0.0
14,147,M147,DECK_CROSS,0.5434411499999999,MODERADO,-36.0606976,0.0
14,148,M148,DECK_CROSS,0.3992339002692567,MODERADO,-38.8191824375,2.7584848374999993
14,149,M149,DECK_CROSS,0.38519508073809644,MODERADO,-41.577667274999996,5.516969674999999
14,150,M150,DECK_CROSS,0.3913093389480104,MODERADO,-44.3361521125,8.275454512500005
14,151,M151,DECK_CROSS,0.34808333453323004,BAJO,-47.094636949999995,11.033939349999997
14,152,M152,DECK_CROSS,0.37556365764905913,MODERADO,-49.8531217875,8.275454512499998
14,153,M153,DECK_CROSS,0.352386666921287,MODERADO,-52.611606625,5.516969674999999
14,154,M154,DECK_CROSS,0.41260857029502745,MODERADO,-55.3700914625,2.7584848374999993
14,155,M155,DECK_CROSS,0.5376861,MODERADO,-58.1285763,0.0
14,156,M156,DECK_CROSS,0.3811221574588644,MODERADO,-61.6469362,3.5183599
14,157,M157,DECK_CROSS,0.3708337566512278,MODERADO,-65.1652961,7.036719800000007
14,158,M158,DECK_CROSS,0.3815109558642802,MODERADO,-68.683656,10.5550797
14,159,M159,DECK_CROSS,0.34160477823491664,BAJO,-72.2020159,14.0734396
14,160,M160,DECK_CROSS,0.36599770916497965,MODERADO,-75.7203758,10.555079700000007
14,161,M161,DECK_CROSS,0.39863150236511563,MODERADO,-79.2387357,7.0367198
14,162,M162,DECK_CROSS,0.39404155262696167,MODERADO,-82.75709560000001,3.518359899999993
14,163,M163,DECK_CROSS,0.53193105,MODERADO,-86.2754555,0.0
14,164,M164,DECK_CROSS,0.37846081488896177,MODERADO,-89.67497112500001,3.3995156250000065
14,165,M165,DECK_CROSS,0.36794312813477614,MODERADO,-93.07448675,6.799031249999999
14,166,M166,DECK_CROSS,0.3781161902010635,MODERADO,-96.474002375,10.198546874999991
14,167,M167,DECK_CROSS,0.33785778101938047,BAJO,-99.873518,13.598062499999997
14,168,M168,DECK_CROSS,0.3625771686859513,MODERADO,-103.27303362500001,10.198546874999991
14,169,M169,DECK_CROSS,0.3958355910740254,MODERADO,-106.67254925,6.799031249999999
14,170,M170,DECK_CROSS,0.39144403323849736,MODERADO,-110.072064875,3.3995156250000065
14,171,M171,DECK_CROSS,0.526176,MODERADO,-113.4715805,0.0
15,1,M001,DECK_LONG,0.521994397914182,MODERADO,-37.439940018749994,1.379242418749996
15,2,M002,ARCH,0.8438306139564006,ALTO,-37.439940018749994,1.379242418749996
15,3,M003,DECK_LONG,0.4325790111492193,MODERADO,-40.19842485625,4.1377272562500025
15,4,M004,ARCH,0.7011260812351846,ALTO,-40.19842485625,4.1377272562500025
15,5,M005,DECK_LONG,0.45748058512645834,MODERADO,-42.95690969375,6.896212093750002
15,6,M006,ARCH,0.6296516991520845,MODERADO,-42.95690969375,6.896212093750002
15,7,M007,DECK_LONG,0.4273352031209041,MODERADO,-45.71539453125,9.654696931250001
15,8,M008,ARCH,0.6895628735911085,MODERADO,-45.71539453125,9.654696931250001
15,9,M009,DECK_LONG,0.40907879412681486,MODERADO,-48.47387936875,9.654696931250001
15,10,M010,ARCH,0.6617329818318262,MODERADO,-48.47387936875,9.654696931250001
15,11,M011,DECK_LONG,0.40125004279680265,MODERADO,-51.23236420625,6.896212093750002
15,12,M012,ARCH,0.6508164621487932,MODERADO,-51.23236420625,6.896212093750002
15,13,M013,DECK_LONG,0.4821222483235745,MODERADO,-53.99084904375,4.137727256249995
15,14,M014,ARCH,0.6628008613605926,MODERADO,-53.99084904375,4.137727256249995
15,15,M015,DECK_LONG,0.5330825142097443,MODERADO,-56.749333881249996,1.3792424187500032
15,16,M016,ARCH,0.8607332302606117,ALTO,-56.749333881249996,1.3792424187500032
15,17,M017,DECK_LONG,0.496627952987963,MODERADO,-59.887756249999995,1.7591799499999965
15,18,M018,ARCH,0.8038959900566841,ALTO,-59.887756249999995,1.7591799499999965
15,19,M019,DECK_LONG,0.4809266620405217,MODERADO,-63.40611615,5.277539850000004
15,20,M020,ARCH,0.6632989676807428,MODERADO,-63.40611615,5.277539850000004
15,21,M021,DECK_LONG,0.4386828729644203,MODERADO,-66.92447605000001,8.795899750000011
15,22,M022,ARCH,0.6023698931563818,MODERADO,-66.92447605000001,8.795899750000011
15,23,M023,DECK_LONG,0.4135222894489204,MODERADO,-70.44283595,12.314259650000004
15,24,M024,ARCH,0.668109903082926,MODERADO,-70.44283595,12.314259650000004
15,25,M025,DECK_LONG,0.39545578165746265,MODERADO,-73.96119585,12.314259650000011
15,26,M026,ARCH,0.6405694948642405,MODERADO,-73.96119585,12.314259650000011
15,27,M027,DECK_LONG,0.4522854426687435,MODERADO,-77.47955575,8.795899750000004
15,28,M028,ARCH,0.6231055177056548,MODERADO,-77.47955575,8.795899750000004
15,29,M029,DECK_LONG,0.4565940630682333,MODERADO,-80.99791565000001,5.277539849999997
15,30,M030,ARCH,0.7363927683955614,ALTO,-80.99791565000001,5.277539849999997
15,31,M031,DECK_LONG,0.5074242128355275,MODERADO,-84.51627555000002,1.7591799499999894
15,32,M032,ARCH,0.8203537032389471,ALTO,-84.51627555000002,1.7591799499999894
15,33,M033,DECK_LONG,0.4869438505225809,MODERADO,-87.97521331250002,1.6997578125000103
15,34,M034,ARCH,0.7893212578686799,ALTO,-87.97521331250002,1.6997578125000103
15,35,M035,DECK_LONG,0.47298060169445655,MODERADO,-91.37472893750001,5.099273437500003
15,36,M036,ARCH,0.6508786729152162,MODERADO,-91.37472893750001,5.099273437500003
15,37,M037,DECK_LONG,0.43020744088814006,MODERADO,-94.7742445625,8.498789062499995
15,38,M038,ARCH,0.6942584614850545,MODERADO,-94.7742445625,8.498789062499995
15,39,M039,DECK_LONG,0.40459732130964,MODERADO,-98.1737601875,11.898304687499987
15,40,M040,ARCH,0.6545461227979105,MODERADO,-98.1737601875,11.898304687499987
15,41,M041,DECK_LONG,0.3865110172113614,MODERADO,-101.57327581250001,11.898304687499987
15,42,M042,ARCH,0.6269755372822418,MODERADO,-101.57327581250001,11.898304687499987
15,43,M043,DECK_LONG,0.4438431759400621,MODERADO,-104.9727914375,8.498789062499995
15,44,M044,ARCH,0.6100744264846213,MODERADO,-104.9727914375,8.498789062499995
15,45,M045,DECK_LONG,0.44854087455522934,MODERADO,-108.3723070625,5.099273437500003
15,46,M046,ARCH,0.7242942808029594,ALTO,-108.3723070625,5.099273437500003
15,47,M047,DECK_LONG,0.4977833540444877,MODERADO,-111.77182268749999,1.6997578125000103
15,48,M048,ARCH,0.8058448912862206,ALTO,-111.77182268749999,1.6997578125000103
15,49,M049,SPANDREL,0.8668984500000003,ALTO,-36.0606976,0.0
15,50,M050,SPANDREL,0.6378762268719378,MODERADO,-38.8191824375,2.7584848374999993
15,51,M051,SPANDREL,0.6148539774557631,MODERADO,-41.577667274999996,5.516969674999999
15,52,M052,SPANDREL,0.5315208819434335,MODERADO,-44.3361521125,8.275454512500005
15,53,M053,SPANDREL,0.5559994331553385,MODERADO,-47.094636949999995,11.033939349999997
15,54,M054,SPANDREL,0.5993356151569059,MODERADO,-49.8531217875,8.275454512499998
15,55,M055,SPANDREL,0.5632978986007768,MODERADO,-52.611606625,5.516969674999999
15,56,M056,SPANDREL,0.6588935654838632,MODERADO,-55.3700914625,2.7584848374999993
15,57,M057,SPANDREL,0.8578548000000003,ALTO,-58.1285763,0.0
15,58,M058,SPANDREL,0.6090572007817205,MODERADO,-61.6469362,3.5183599
15,59,M059,SPANDREL,0.5920328395659954,MODERADO,-65.1652961,7.036719800000007
15,60,M060,SPANDREL,0.6085460900984885,MODERADO,-68.683656,10.5550797
15,61,M061,SPANDREL,0.5457543004657837,MODERADO,-72.2020159,14.0734396
15,62,M062,SPANDREL,0.5841681309995876,MODERADO,-75.7203758,10.555079700000007
15,63,M063,SPANDREL,0.5418448123500397,MODERADO,-79.2387357,7.0367198
15,64,M064,SPANDREL,0.6293591074744448,MODERADO,-82.75709560000001,3.518359899999993
15,65,M065,SPANDREL,0.8488111500000003,ALTO,-86.2754555,0.0
15,66,M066,SPANDREL,0.6049252378144324,MODERADO,-89.67497112500001,3.3995156250000065
15,67,M067,SPANDREL,0.5875220916990782,MODERADO,-93.07448675,6.799031249999999
15,68,M068,SPANDREL,0.6032264595575568,MODERADO,-96.474002375,10.198546874999991
15,69,M069,SPANDREL,0.5398724792824744,MODERADO,-99.873518,13.598062499999997
15,70,M070,SPANDREL,0.5788079971766662,MODERADO,-103.27303362500001,10.198546874999991
15,71,M071,SPANDREL,0.5371630552677287,MODERADO,-106.67254925,6.799031249999999
15,72,M072,SPANDREL,0.6253274380779883,MODERADO,-110.072064875,3.3995156250000065
15,73,M073,SPANDREL,0.8397675000000002,ALTO,-113.4715805,0.0
15,74,M074,DECK_LONG,0.49981816532305656,MODERADO,-37.439940018749994,1.379242418749996
15,75,M075,ARCH,0.8100253813479779,ALTO,-37.439940018749994,1.379242418749996
15,76,M076,DECK_LONG,0.48803785873245253,MODERADO,-40.19842485625,4.1377272562500025
15,77,M077,ARCH,0.6718185601546142,MODERADO,-40.19842485625,4.1377272562500025
15,78,M078,DECK_LONG,0.4394312752428651,MODERADO,-42.95690969375,6.896212093750002
15,79,M079,ARCH,0.7090195603897422,ALTO,-42.95690969375,6.896212093750002
15,80,M080,DECK_LONG,0.4097549574228922,MODERADO,-45.71539453125,9.654696931250001
15,81,M081,ARCH,0.6627637185636513,MODERADO,-45.71539453125,9.654696931250001
15,82,M082,DECK_LONG,0.39149854842880294,MODERADO,-48.47387936875,9.654696931250001
15,83,M083,ARCH,0.6349338268043689,MODERADO,-48.47387936875,9.654696931250001
15,84,M084,DECK_LONG,0.453315359768706,MODERADO,-51.23236420625,6.896212093750002
15,85,M085,ARCH,0.6233022702530718,MODERADO,-51.23236420625,6.896212093750002
15,86,M086,DECK_LONG,0.46289651449472025,MODERADO,-53.99084904375,4.137727256249995
15,87,M087,ARCH,0.7473417875545457,ALTO,-53.99084904375,4.137727256249995
15,88,M088,DECK_LONG,0.510906281618619,MODERADO,-56.749333881249996,1.3792424187500032
15,89,M089,ARCH,0.8269279976521888,ALTO,-56.749333881249996,1.3792424187500032
15,90,M090,DECK_LONG,0.5589140674931422,MODERADO,-59.887756249999995,1.7591799499999965
15,91,M091,ARCH,0.7709805636921585,ALTO,-59.887756249999995,1.7591799499999965
15,92,M092,DECK_LONG,0.46231938047347765,MODERADO,-63.40611615,5.277539850000004
15,93,M093,ARCH,0.6349342091943952,MODERADO,-63.40611615,5.277539850000004
15,94,M094,DECK_LONG,0.42099953234880033,MODERADO,-66.92447605000001,8.795899750000011
15,95,M095,ARCH,0.6801284852161557,MODERADO,-66.92447605000001,8.795899750000011
15,96,M096,DECK_LONG,0.3961249115756648,MODERADO,-70.44283595,12.314259650000004
15,97,M097,ARCH,0.641589509983451,MODERADO,-70.44283595,12.314259650000004
15,98,M098,DECK_LONG,0.44564052552262295,MODERADO,-73.96119585,12.314259650000011
15,99,M099,ARCH,0.6140491017647656,MODERADO,-73.96119585,12.314259650000011
15,100,M100,DECK_LONG,0.4346021020531234,MODERADO,-77.47955575,8.795899750000004
15,101,M101,ARCH,0.5961492057915998,MODERADO,-77.47955575,8.795899750000004
15,102,M102,DECK_LONG,0.43798678150118936,MODERADO,-80.99791565000001,5.277539849999997
15,103,M103,ARCH,0.7080280099092139,ALTO,-80.99791565000001,5.277539849999997
15,104,M104,DECK_LONG,0.48583169314039865,MODERADO,-84.51627555000002,1.7591799499999894
15,105,M105,ARCH,0.7874382768744216,ALTO,-84.51627555000002,1.7591799499999894
15,106,M106,DECK_LONG,0.5494794477643508,MODERADO,-87.97521331250002,1.6997578125000103
15,107,M107,ARCH,0.7562739910335984,ALTO,-87.97521331250002,1.6997578125000103
15,108,M108,DECK_LONG,0.4542913985879887,MODERADO,-91.37472893750001,5.099273437500003
15,109,M109,ARCH,0.7330603235358243,ALTO,-91.37472893750001,5.099273437500003
15,110,M110,DECK_LONG,0.4124809853206414,MODERADO,-94.7742445625,8.498789062499995
15,111,M111,ARCH,0.6672364255589897,MODERADO,-94.7742445625,8.498789062499995
15,112,M112,DECK_LONG,0.3871808803261125,MODERADO,-98.1737601875,11.898304687499987
15,113,M113,ARCH,0.6279966700791184,MODERADO,-98.1737601875,11.898304687499987
15,114,M114,DECK_LONG,0.4367507508176909,MODERADO,-101.57327581250001,11.898304687499987
15,115,M115,ARCH,0.6004260845634498,MODERADO,-101.57327581250001,11.898304687499987
15,116,M116,DECK_LONG,0.42611672037256343,MODERADO,-104.9727914375,8.498789062499995
15,117,M117,ARCH,0.6880226070405782,MODERADO,-104.9727914375,8.498789062499995
15,118,M118,DECK_LONG,0.4298516714487615,MODERADO,-108.3723070625,5.099273437500003
15,119,M119,ARCH,0.6958046419211485,MODERADO,-108.3723070625,5.099273437500003
15,120,M120,DECK_LONG,0.5603189512862575,MODERADO,-111.77182268749999,1.6997578125000103
15,121,M121,ARCH,0.7727976244511391,ALTO,-111.77182268749999,1.6997578125000103
15,122,M122,SPANDREL,0.8333077500000002,ALTO,-36.0606976,0.0
15,123,M123,SPANDREL,0.6105536866764347,MODERADO,-38.8191824375,2.7584848374999993
15,124,M124,SPANDREL,0.5900306802292883,MODERADO,-41.577667274999996,5.516969674999999
15,125,M125,SPANDREL,0.6002520304706016,MODERADO,-44.3361521125,8.275454512500005
15,126,M126,SPANDREL,0.5325699594729417,MODERADO,-47.094636949999995,11.033939349999997
15,127,M127,SPANDREL,0.5755088170008211,MODERADO,-49.8531217875,8.275454512499998
15,128,M128,SPANDREL,0.6349035636771467,MODERADO,-52.611606625,5.516969674999999
15,129,M129,SPANDREL,0.6315710252883601,MODERADO,-55.3700914625,2.7584848374999993
15,130,M130,SPANDREL,0.8242641000000002,ALTO,-58.1285763,0.0
15,131,M131,SPANDREL,0.6851893508794357,MODERADO,-61.6469362,3.5183599
15,132,M132,SPANDREL,0.5678682338694241,MODERADO,-65.1652961,7.036719800000007
15,133,M133,SPANDREL,0.585071018373621,MODERADO,-68.683656,10.5550797
15,134,M134,SPANDREL,0.522492641757406,MODERADO,-72.2020159,14.0734396
15,135,M135,SPANDREL,0.5606930592747201,MODERADO,-75.7203758,10.555079700000007
15,136,M136,SPANDREL,0.6115504057055337,MODERADO,-79.2387357,7.0367198
15,137,M137,SPANDREL,0.6029666287739035,MODERADO,-82.75709560000001,3.518359899999993
15,138,M138,SPANDREL,0.8152204500000002,ALTO,-86.2754555,0.0
15,139,M139,SPANDREL,0.681433488802767,MODERADO,-89.67497112500001,3.3995156250000065
15,140,M140,SPANDREL,0.5632751482321321,MODERADO,-93.07448675,6.799031249999999
15,141,M141,SPANDREL,0.5797123846722547,MODERADO,-96.474002375,10.198546874999991
15,142,M142,SPANDREL,0.516594395598653,MODERADO,-99.873518,13.598062499999997
15,143,M143,SPANDREL,0.5552939222913641,MODERADO,-103.27303362500001,10.198546874999991
15,144,M144,SPANDREL,0.6071061614223808,MODERADO,-106.67254925,6.799031249999999
15,145,M145,SPANDREL,0.5988045777353657,MODERADO,-110.072064875,3.3995156250000065
15,146,M146,SPANDREL,0.8061768000000002,ALTO,-113.4715805,0.0
15,147,M147,DECK_CROSS,0.582258375,MODERADO,-36.0606976,0.0
15,148,M148,DECK_CROSS,0.42775060743134663,MODERADO,-38.8191824375,2.7584848374999993
15,149,M149,DECK_CROSS,0.4127090150765321,MODERADO,-41.577667274999996,5.516969674999999
15,150,M150,DECK_CROSS,0.4192600060157255,MODERADO,-44.3361521125,8.275454512500005
15,151,M151,DECK_CROSS,0.3729464298570323,MODERADO,-47.094636949999995,11.033939349999997
15,152,M152,DECK_CROSS,0.40238963319542054,MODERADO,-49.8531217875,8.275454512499998
15,153,M153,DECK_CROSS,0.37755714312995053,MODERADO,-52.611606625,5.516969674999999
15,154,M154,DECK_CROSS,0.4420806110303867,MODERADO,-55.3700914625,2.7584848374999993
15,155,M155,DECK_CROSS,0.57609225,MODERADO,-58.1285763,0.0
15,156,M156,DECK_CROSS,0.40834516870592624,MODERADO,-61.6469362,3.5183599
15,157,M157,DECK_CROSS,0.39732188212631553,MODERADO,-65.1652961,7.036719800000007
15,158,M158,DECK_CROSS,0.40876173842601454,MODERADO,-68.683656,10.5550797
15,159,M159,DECK_CROSS,0.3660051195374108,MODERADO,-72.2020159,14.0734396
15,160,M160,DECK_CROSS,0.392140402676764,MODERADO,-75.7203758,10.555079700000007
15,161,M161,DECK_CROSS,0.4271051811054811,MODERADO,-79.2387357,7.0367198
15,162,M162,DECK_CROSS,0.4221873778146019,MODERADO,-82.75709560000001,3.518359899999993
15,163,M163,DECK_CROSS,0.5699261250000001,MODERADO,-86.2754555,0.0
15,164,M164,DECK_CROSS,0.4054937302381734,MODERADO,-89.67497112500001,3.3995156250000065
15,165,M165,DECK_CROSS,0.39422478014440304,MODERADO,-93.07448675,6.799031249999999
15,166,M166,DECK_CROSS,0.40512448950113955,MODERADO,-96.474002375,10.198546874999991
15,167,M167,DECK_CROSS,0.361990479663622,MODERADO,-99.873518,13.598062499999997
15,168,M168,DECK_CROSS,0.388475537877805,MODERADO,-103.27303362500001,10.198546874999991
15,169,M169,DECK_CROSS,0.42410956186502724,MODERADO,-106.67254925,6.799031249999999
15,170,M170,DECK_CROSS,0.41940432132696154,MODERADO,-110.072064875,3.3995156250000065
15,171,M171,DECK_CROSS,0.56376,MODERADO,-113.4715805,0.0
16,1,M001,DECK_LONG,0.5567940244417939,MODERADO,-37.439940018749994,1.379242418749996
16,2,M002,ARCH,0.9000859882201606,ALTO,-37.439940018749994,1.379242418749996
16,3,M003,DECK_LONG,0.4614176118925006,MODERADO,-40.19842485625,4.1377272562500025
16,4,M004,ARCH,0.7478678199841968,ALTO,-40.19842485625,4.1377272562500025
16,5,M005,DECK_LONG,0.4879792908015555,MODERADO,-42.95690969375,6.896212093750002
16,6,M006,ARCH,0.6716284790955568,MODERADO,-42.95690969375,6.896212093750002
16,7,M007,DECK_LONG,0.4558242166622977,MODERADO,-45.71539453125,9.654696931250001
16,8,M008,ARCH,0.7355337318305156,ALTO,-45.71539453125,9.654696931250001
16,9,M009,DECK_LONG,0.4363507137352691,MODERADO,-48.47387936875,9.654696931250001
16,10,M010,ARCH,0.7058485139539478,ALTO,-48.47387936875,9.654696931250001
16,11,M011,DECK_LONG,0.4280000456499228,MODERADO,-51.23236420625,6.896212093750002
16,12,M012,ARCH,0.694204226292046,MODERADO,-51.23236420625,6.896212093750002
16,13,M013,DECK_LONG,0.514263731545146,MODERADO,-53.99084904375,4.137727256249995
16,14,M014,ARCH,0.7069875854512987,ALTO,-53.99084904375,4.137727256249995
16,15,M015,DECK_LONG,0.5686213484903938,MODERADO,-56.749333881249996,1.3792424187500032
16,16,M016,ARCH,0.9181154456113189,ALTO,-56.749333881249996,1.3792424187500032
16,17,M017,DECK_LONG,0.5297364831871604,MODERADO,-59.887756249999995,1.7591799499999965
16,18,M018,ARCH,0.8574890560604629,ALTO,-59.887756249999995,1.7591799499999965
16,19,M019,DECK_LONG,0.5129884395098897,MODERADO,-63.40611615,5.277539850000004
16,20,M020,ARCH,0.7075188988594587,ALTO,-63.40611615,5.277539850000004
16,21,M021,DECK_LONG,0.467928397828715,MODERADO,-66.92447605000001,8.795899750000011
16,22,M022,ARCH,0.6425278860334738,MODERADO,-66.92447605000001,8.795899750000011
16,23,M023,DECK_LONG,0.4410904420788483,MODERADO,-70.44283595,12.314259650000004
16,24,M024,ARCH,0.7126505632884542,ALTO,-70.44283595,12.314259650000004
16,25,M025,DECK_LONG,0.4218195004346268,MODERADO,-73.96119585,12.314259650000011
16,26,M026,ARCH,0.6832741278551898,MODERADO,-73.96119585,12.314259650000011
16,27,M027,DECK_LONG,0.4824378055133263,MODERADO,-77.47955575,8.795899750000004
16,28,M028,ARCH,0.6646458855526983,MODERADO,-77.47955575,8.795899750000004
16,29,M029,DECK_LONG,0.4870336672727821,MODERADO,-80.99791565000001,5.277539849999997
16,30,M030,ARCH,0.7854856196219321,ALTO,-80.99791565000001,5.277539849999997
16,31,M031,DECK_LONG,0.5412524936912293,MODERADO,-84.51627555000002,1.7591799499999894
16,32,M032,ARCH,0.8750439501215436,ALTO,-84.51627555000002,1.7591799499999894
16,33,M033,DECK_LONG,0.5194067738907528,MODERADO,-87.97521331250002,1.6997578125000103
16,34,M034,ARCH,0.8419426750599251,ALTO,-87.97521331250002,1.6997578125000103
16,35,M035,DECK_LONG,0.5045126418074203,MODERADO,-91.37472893750001,5.099273437500003
16,36,M036,ARCH,0.6942705844428972,MODERADO,-91.37472893750001,5.099273437500003
16,37,M037,DECK_LONG,0.45888793694734936,MODERADO,-94.7742445625,8.498789062499995
16,38,M038,ARCH,0.7405423589173915,ALTO,-94.7742445625,8.498789062499995
16,39,M039,DECK_LONG,0.4315704760636159,MODERADO,-98.1737601875,11.898304687499987
16,40,M040,ARCH,0.6981825309844377,MODERADO,-98.1737601875,11.898304687499987
16,41,M041,DECK_LONG,0.4122784183587854,MODERADO,-101.57327581250001,11.898304687499987
16,42,M042,ARCH,0.6687739064343912,MODERADO,-101.57327581250001,11.898304687499987
16,43,M043,DECK_LONG,0.47343272100273287,MODERADO,-104.9727914375,8.498789062499995
16,44,M044,ARCH,0.6507460549169294,MODERADO,-104.9727914375,8.498789062499995
16,45,M045,DECK_LONG,0.47844359952557797,MODERADO,-108.3723070625,5.099273437500003
16,46,M046,ARCH,0.7725805661898234,ALTO,-108.3723070625,5.099273437500003
16,47,M047,DECK_LONG,0.5309689109807868,MODERADO,-111.77182268749999,1.6997578125000103
16,48,M048,ARCH,0.8595678840386353,ALTO,-111.77182268749999,1.6997578125000103
16,49,M049,SPANDREL,0.9246916800000001,ALTO,-36.0606976,0.0
16,50,M050,SPANDREL,0.6804013086634002,MODERADO,-38.8191824375,2.7584848374999993
16,51,M051,SPANDREL,0.6558442426194806,MODERADO,-41.577667274999996,5.516969674999999
16,52,M052,SPANDREL,0.566955607406329,MODERADO,-44.3361521125,8.275454512500005
16,53,M053,SPANDREL,0.593066062032361,MODERADO,-47.094636949999995,11.033939349999997
16,54,M054,SPANDREL,0.639291322834033,MODERADO,-49.8531217875,8.275454512499998
16,55,M055,SPANDREL,0.6008510918408285,MODERADO,-52.611606625,5.516969674999999
16,56,M056,SPANDREL,0.7028198031827874,ALTO,-55.3700914625,2.7584848374999993
16,57,M057,SPANDREL,0.91504512,ALTO,-58.1285763,0.0
16,58,M058,SPANDREL,0.6496610141671686,MODERADO,-61.6469362,3.5183599
16,59,M059,SPANDREL,0.6315016955370616,MODERADO,-65.1652961,7.036719800000007
16,60,M060,SPANDREL,0.6491158294383875,MODERADO,-68.683656,10.5550797
16,61,M061,SPANDREL,0.5821379204968358,MODERADO,-72.2020159,14.0734396
16,62,M062,SPANDREL,0.6231126730662266,MODERADO,-75.7203758,10.555079700000007
16,63,M063,SPANDREL,0.5779677998400423,MODERADO,-79.2387357,7.0367198
16,64,M064,SPANDREL,0.6713163813060744,MODERADO,-82.75709560000001,3.518359899999993
16,65,M065,SPANDREL,0.9053985600000002,ALTO,-86.2754555,0.0
16,66,M066,SPANDREL,0.6452535870020611,MODERADO,-89.67497112500001,3.3995156250000065
16,67,M067,SPANDREL,0.6266902311456833,MODERADO,-93.07448675,6.799031249999999
16,68,M068,SPANDREL,0.6434415568613938,MODERADO,-96.474002375,10.198546874999991
16,69,M069,SPANDREL,0.5758639779013061,MODERADO,-99.873518,13.598062499999997
16,70,M070,SPANDREL,0.6173951969884438,MODERADO,-103.27303362500001,10.198546874999991
16,71,M071,SPANDREL,0.5729739256189106,MODERADO,-106.67254925,6.799031249999999
16,72,M072,SPANDREL,0.667015933949854,MODERADO,-110.072064875,3.3995156250000065
16,73,M073,SPANDREL,0.8957520000000001,ALTO,-113.4715805,0.0
16,74,M074,DECK_LONG,0.5331393763445935,MODERADO,-37.439940018749994,1.379242418749996
16,75,M075,ARCH,0.864027073437843,ALTO,-37.439940018749994,1.379242418749996
16,76,M076,DECK_LONG,0.5205737159812827,MODERADO,-40.19842485625,4.1377272562500025
16,77,M077,ARCH,0.7166064641649217,ALTO,-40.19842485625,4.1377272562500025
16,78,M078,DECK_LONG,0.4687266935923894,MODERADO,-42.95690969375,6.896212093750002
16,79,M079,ARCH,0.7562875310823917,ALTO,-42.95690969375,6.896212093750002
16,80,M080,DECK_LONG,0.43707195458441833,MODERADO,-45.71539453125,9.654696931250001
16,81,M081,ARCH,0.7069479664678946,ALTO,-45.71539453125,9.654696931250001
16,82,M082,DECK_LONG,0.4175984516573898,MODERADO,-48.47387936875,9.654696931250001
16,83,M083,ARCH,0.6772627485913268,MODERADO,-48.47387936875,9.654696931250001
16,84,M084,DECK_LONG,0.4835363837532864,MODERADO,-51.23236420625,6.896212093750002
16,85,M085,ARCH,0.66485575493661,MODERADO,-51.23236420625,6.896212093750002
16,86,M086,DECK_LONG,0.49375628212770156,MODERADO,-53.99084904375,4.137727256249995
16,87,M087,ARCH,0.7971645733915154,ALTO,-53.99084904375,4.137727256249995
16,88,M088,DECK_LONG,0.5449667003931934,MODERADO,-56.749333881249996,1.3792424187500032
16,89,M089,ARCH,0.8820565308290012,ALTO,-56.749333881249996,1.3792424187500032
16,90,M090,DECK_LONG,0.5961750053260183,MODERADO,-59.887756249999995,1.7591799499999965
16,91,M091,ARCH,0.8223792679383023,ALTO,-59.887756249999995,1.7591799499999965
16,92,M092,DECK_LONG,0.4931406725050428,MODERADO,-63.40611615,5.277539850000004
16,93,M093,ARCH,0.6772631564740215,MODERADO,-63.40611615,5.277539850000004
16,94,M094,DECK_LONG,0.4490661678387203,MODERADO,-66.92447605000001,8.795899750000011
16,95,M095,ARCH,0.7254703842305659,ALTO,-66.92447605000001,8.795899750000011
16,96,M096,DECK_LONG,0.4225332390140424,MODERADO,-70.44283595,12.314259650000004
16,97,M097,ARCH,0.6843621439823476,MODERADO,-70.44283595,12.314259650000004
16,98,M098,DECK_LONG,0.47534989389079774,MODERADO,-73.96119585,12.314259650000011
16,99,M099,ARCH,0.6549857085490831,MODERADO,-73.96119585,12.314259650000011
16,100,M100,DECK_LONG,0.46357557552333156,MODERADO,-77.47955575,8.795899750000004
16,101,M101,ARCH,0.6358924861777063,MODERADO,-77.47955575,8.795899750000004
16,102,M102,DECK_LONG,0.4671859002679353,MODERADO,-80.99791565000001,5.277539849999997
16,103,M103,ARCH,0.7552298772364946,ALTO,-80.99791565000001,5.277539849999997
16,104,M104,DECK_LONG,0.5182204726830919,MODERADO,-84.51627555000002,1.7591799499999894
16,105,M105,ARCH,0.839934161999383,ALTO,-84.51627555000002,1.7591799499999894
16,106,M106,DECK_LONG,0.5861114109486406,MODERADO,-87.97521331250002,1.6997578125000103
16,107,M107,ARCH,0.8066922571025048,ALTO,-87.97521331250002,1.6997578125000103
16,108,M108,DECK_LONG,0.48457749182718796,MODERADO,-91.37472893750001,5.099273437500003
16,109,M109,ARCH,0.7819310117715459,ALTO,-91.37472893750001,5.099273437500003
16,110,M110,DECK_LONG,0.4399797176753508,MODERADO,-94.7742445625,8.498789062499995
16,111,M111,ARCH,0.7117188539295889,ALTO,-94.7742445625,8.498789062499995
16,112,M112,DECK_LONG,0.4129929390145199,MODERADO,-98.1737601875,11.898304687499987
16,113,M113,ARCH,0.6698631147510595,MODERADO,-98.1737601875,11.898304687499987
16,114,M114,DECK_LONG,0.4658674675388702,MODERADO,-101.57327581250001,11.898304687499987
16,115,M115,ARCH,0.6404544902010131,MODERADO,-101.57327581250001,11.898304687499987
16,116,M116,DECK_LONG,0.4545245017307343,MODERADO,-104.9727914375,8.498789062499995
16,117,M117,ARCH,0.7338907808432833,ALTO,-104.9727914375,8.498789062499995
16,118,M118,DECK_LONG,0.4585084495453456,MODERADO,-108.3723070625,5.099273437500003
16,119,M119,ARCH,0.7421916180492252,ALTO,-108.3723070625,5.099273437500003
16,120,M120,DECK_LONG,0.5976735480386747,MODERADO,-111.77182268749999,1.6997578125000103
16,121,M121,ARCH,0.8243174660812149,ALTO,-111.77182268749999,1.6997578125000103
16,122,M122,SPANDREL,0.8888616000000001,ALTO,-36.0606976,0.0
16,123,M123,SPANDREL,0.651257265788197,MODERADO,-38.8191824375,2.7584848374999993
16,124,M124,SPANDREL,0.6293660589112408,MODERADO,-41.577667274999996,5.516969674999999
16,125,M125,SPANDREL,0.640268832501975,MODERADO,-44.3361521125,8.275454512500005
16,126,M126,SPANDREL,0.5680746234378043,MODERADO,-47.094636949999995,11.033939349999997
16,127,M127,SPANDREL,0.6138760714675424,MODERADO,-49.8531217875,8.275454512499998
16,128,M128,SPANDREL,0.6772304679222898,MODERADO,-52.611606625,5.516969674999999
16,129,M129,SPANDREL,0.673675760307584,MODERADO,-55.3700914625,2.7584848374999993
16,130,M130,SPANDREL,0.8792150400000001,ALTO,-58.1285763,0.0
16,131,M131,SPANDREL,0.7308686409380647,ALTO,-61.6469362,3.5183599
16,132,M132,SPANDREL,0.6057261161273856,MODERADO,-65.1652961,7.036719800000007
16,133,M133,SPANDREL,0.6240757529318621,MODERADO,-68.683656,10.5550797
16,134,M134,SPANDREL,0.5573254845412329,MODERADO,-72.2020159,14.0734396
16,135,M135,SPANDREL,0.5980725965597012,MODERADO,-75.7203758,10.555079700000007
16,136,M136,SPANDREL,0.6523204327525691,MODERADO,-79.2387357,7.0367198
16,137,M137,SPANDREL,0.6431644040254971,MODERADO,-82.75709560000001,3.518359899999993
16,138,M138,SPANDREL,0.8695684800000001,ALTO,-86.2754555,0.0
16,139,M139,SPANDREL,0.7268623880562846,ALTO,-89.67497112500001,3.3995156250000065
16,140,M140,SPANDREL,0.6008268247809408,MODERADO,-93.07448675,6.799031249999999
16,141,M141,SPANDREL,0.6183598769837383,MODERADO,-96.474002375,10.198546874999991
16,142,M142,SPANDREL,0.5510340219718964,MODERADO,-99.873518,13.598062499999997
16,143,M143,SPANDREL,0.5923135171107883,MODERADO,-103.27303362500001,10.198546874999991
16,144,M144,SPANDREL,0.6475799055172061,MODERADO,-106.67254925,6.799031249999999
16,145,M145,SPANDREL,0.6387248829177232,MODERADO,-110.072064875,3.3995156250000065
16,146,M146,SPANDREL,0.8599219200000001,ALTO,-113.4715805,0.0
16,147,M147,DECK_CROSS,0.6210756000000001,MODERADO,-36.0606976,0.0
16,148,M148,DECK_CROSS,0.45626731459343634,MODERADO,-38.8191824375,2.7584848374999993
16,149,M149,DECK_CROSS,0.4402229494149676,MODERADO,-41.577667274999996,5.516969674999999
16,150,M150,DECK_CROSS,0.4472106730834405,MODERADO,-44.3361521125,8.275454512500005
16,151,M151,DECK_CROSS,0.3978095251808344,MODERADO,-47.094636949999995,11.033939349999997
16,152,M152,DECK_CROSS,0.4292156087417819,MODERADO,-49.8531217875,8.275454512499998
16,153,M153,DECK_CROSS,0.4027276193386139,MODERADO,-52.611606625,5.516969674999999
16,154,M154,DECK_CROSS,0.47155265176574573,MODERADO,-55.3700914625,2.7584848374999993
16,155,M155,DECK_CROSS,0.6144984,MODERADO,-58.1285763,0.0
16,156,M156,DECK_CROSS,0.43556817995298797,MODERADO,-61.6469362,3.5183599
16,157,M157,DECK_CROSS,0.42381000760140314,MODERADO,-65.1652961,7.036719800000007
16,158,M158,DECK_CROSS,0.4360125209877488,MODERADO,-68.683656,10.5550797
16,159,M159,DECK_CROSS,0.39040546083990474,MODERADO,-72.2020159,14.0734396
16,160,M160,DECK_CROSS,0.4182830961885482,MODERADO,-75.7203758,10.555079700000007
16,161,M161,DECK_CROSS,0.4555788598458464,MODERADO,-79.2387357,7.0367198
16,162,M162,DECK_CROSS,0.450333203002242,MODERADO,-82.75709560000001,3.518359899999993
16,163,M163,DECK_CROSS,0.6079212000000002,MODERADO,-86.2754555,0.0
16,164,M164,DECK_CROSS,0.43252664558738496,MODERADO,-89.67497112500001,3.3995156250000065
16,165,M165,DECK_CROSS,0.42050643215402994,MODERADO,-93.07448675,6.799031249999999
16,166,M166,DECK_CROSS,0.4321327888012155,MODERADO,-96.474002375,10.198546874999991
16,167,M167,DECK_CROSS,0.3861231783078634,MODERADO,-99.873518,13.598062499999997
16,168,M168,DECK_CROSS,0.4143739070696586,MODERADO,-103.27303362500001,10.198546874999991
16,169,M169,DECK_CROSS,0.45238353265602904,MODERADO,-106.67254925,6.799031249999999
16,170,M170,DECK_CROSS,0.4473646094154256,MODERADO,-110.072064875,3.3995156250000065
16,171,M171,DECK_CROSS,0.6013440000000001,MODERADO,-113.4715805,0.0
17,1,M001,DECK_LONG,0.5915936509694061,MODERADO,-37.439940018749994,1.379242418749996
17,2,M002,ARCH,0.9563413624839207,ALTO,-37.439940018749994,1.379242418749996
17,3,M003,DECK_LONG,0.4902562126357819,MODERADO,-40.19842485625,4.1377272562500025
17,4,M004,ARCH,0.7946095587332092,ALTO,-40.19842485625,4.1377272562500025
17,5,M005,DECK_LONG,0.5184779964766527,MODERADO,-42.95690969375,6.896212093750002
17,6,M006,ARCH,0.713605259039029,ALTO,-42.95690969375,6.896212093750002
17,7,M007,DECK_LONG,0.4843132302036913,MODERADO,-45.71539453125,9.654696931250001
17,8,M008,ARCH,0.7815045900699229,ALTO,-45.71539453125,9.654696931250001
17,9,M009,DECK_LONG,0.4636226333437235,MODERADO,-48.47387936875,9.654696931250001
17,10,M010,ARCH,0.7499640460760696,ALTO,-48.47387936875,9.654696931250001
17,11,M011,DECK_LONG,0.45475004850304296,MODERADO,-51.23236420625,6.896212093750002
17,12,M012,ARCH,0.7375919904352989,ALTO,-51.23236420625,6.896212093750002
17,13,M013,DECK_LONG,0.5464052147667178,MODERADO,-53.99084904375,4.137727256249995
17,14,M014,ARCH,0.7511743095420049,ALTO,-53.99084904375,4.137727256249995
17,15,M015,DECK_LONG,0.6041601827710434,MODERADO,-56.749333881249996,1.3792424187500032
17,16,M016,ARCH,0.9754976609620265,ALTO,-56.749333881249996,1.3792424187500032
17,17,M017,DECK_LONG,0.5628450133863581,MODERADO,-59.887756249999995,1.7591799499999965
17,18,M018,ARCH,0.911082122064242,ALTO,-59.887756249999995,1.7591799499999965
17,19,M019,DECK_LONG,0.5450502169792579,MODERADO,-63.40611615,5.277539850000004
17,20,M020,ARCH,0.751738830038175,ALTO,-63.40611615,5.277539850000004
17,21,M021,DECK_LONG,0.49717392269300964,MODERADO,-66.92447605000001,8.795899750000011
17,22,M022,ARCH,0.682685878910566,MODERADO,-66.92447605000001,8.795899750000011
17,23,M023,DECK_LONG,0.4686585947087763,MODERADO,-70.44283595,12.314259650000004
17,24,M024,ARCH,0.7571912234939827,ALTO,-70.44283595,12.314259650000004
17,25,M025,DECK_LONG,0.44818321921179094,MODERADO,-73.96119585,12.314259650000011
17,26,M026,ARCH,0.7259787608461392,ALTO,-73.96119585,12.314259650000011
17,27,M027,DECK_LONG,0.5125901683579092,MODERADO,-77.47955575,8.795899750000004
17,28,M028,ARCH,0.7061862533997421,ALTO,-77.47955575,8.795899750000004
17,29,M029,DECK_LONG,0.5174732714773311,MODERADO,-80.99791565000001,5.277539849999997
17,30,M030,ARCH,0.834578470848303,ALTO,-80.99791565000001,5.277539849999997
17,31,M031,DECK_LONG,0.5750807745469312,MODERADO,-84.51627555000002,1.7591799499999894
17,32,M032,ARCH,0.9297341970041401,ALTO,-84.51627555000002,1.7591799499999894
17,33,M033,DECK_LONG,0.5518696972589251,MODERADO,-87.97521331250002,1.6997578125000103
17,34,M034,ARCH,0.8945640922511707,ALTO,-87.97521331250002,1.6997578125000103
17,35,M035,DECK_LONG,0.5360446819203841,MODERADO,-91.37472893750001,5.099273437500003
17,36,M036,ARCH,0.7376624959705784,ALTO,-91.37472893750001,5.099273437500003
17,37,M037,DECK_LONG,0.4875684330065588,MODERADO,-94.7742445625,8.498789062499995
17,38,M038,ARCH,0.7868262563497286,ALTO,-94.7742445625,8.498789062499995
17,39,M039,DECK_LONG,0.4585436308175919,MODERADO,-98.1737601875,11.898304687499987
17,40,M040,ARCH,0.7418189391709651,ALTO,-98.1737601875,11.898304687499987
17,41,M041,DECK_LONG,0.4380458195062095,MODERADO,-101.57327581250001,11.898304687499987
17,42,M042,ARCH,0.7105722755865407,ALTO,-101.57327581250001,11.898304687499987
17,43,M043,DECK_LONG,0.5030222660654037,MODERADO,-104.9727914375,8.498789062499995
17,44,M044,ARCH,0.6914176833492376,MODERADO,-104.9727914375,8.498789062499995
17,45,M045,DECK_LONG,0.5083463244959266,MODERADO,-108.3723070625,5.099273437500003
17,46,M046,ARCH,0.8208668515766875,ALTO,-108.3723070625,5.099273437500003
17,47,M047,DECK_LONG,0.5641544679170861,MODERADO,-111.77182268749999,1.6997578125000103
17,48,M048,ARCH,0.9132908767910503,ALTO,-111.77182268749999,1.6997578125000103
17,49,M049,SPANDREL,0.9824849100000003,ALTO,-36.0606976,0.0
17,50,M050,SPANDREL,0.7229263904548628,ALTO,-38.8191824375,2.7584848374999993
17,51,M051,SPANDREL,0.6968345077831981,MODERADO,-41.577667274999996,5.516969674999999
17,52,M052,SPANDREL,0.6023903328692246,MODERADO,-44.3361521125,8.275454512500005
17,53,M053,SPANDREL,0.6301326909093836,MODERADO,-47.094636949999995,11.033939349999997
17,54,M054,SPANDREL,0.6792470305111602,MODERADO,-49.8531217875,8.275454512499998
17,55,M055,SPANDREL,0.6384042850808803,MODERADO,-52.611606625,5.516969674999999
17,56,M056,SPANDREL,0.7467460408817117,ALTO,-55.3700914625,2.7584848374999993
17,57,M057,SPANDREL,0.9722354400000002,ALTO,-58.1285763,0.0
17,58,M058,SPANDREL,0.6902648275526166,MODERADO,-61.6469362,3.5183599
17,59,M059,SPANDREL,0.6709705515081281,MODERADO,-65.1652961,7.036719800000007
17,60,M060,SPANDREL,0.6896855687782868,MODERADO,-68.683656,10.5550797
17,61,M061,SPANDREL,0.6185215405278881,MODERADO,-72.2020159,14.0734396
17,62,M062,SPANDREL,0.6620572151328659,MODERADO,-75.7203758,10.555079700000007
17,63,M063,SPANDREL,0.6140907873300451,MODERADO,-79.2387357,7.0367198
17,64,M064,SPANDREL,0.7132736551377041,ALTO,-82.75709560000001,3.518359899999993
17,65,M065,SPANDREL,0.9619859700000003,ALTO,-86.2754555,0.0
17,66,M066,SPANDREL,0.6855819361896901,MODERADO,-89.67497112500001,3.3995156250000065
17,67,M067,SPANDREL,0.6658583705922886,MODERADO,-93.07448675,6.799031249999999
17,68,M068,SPANDREL,0.6836566541652311,MODERADO,-96.474002375,10.198546874999991
17,69,M069,SPANDREL,0.6118554765201376,MODERADO,-99.873518,13.598062499999997
17,70,M070,SPANDREL,0.6559823968002216,MODERADO,-103.27303362500001,10.198546874999991
17,71,M071,SPANDREL,0.6087847959700925,MODERADO,-106.67254925,6.799031249999999
17,72,M072,SPANDREL,0.7087044298217201,ALTO,-110.072064875,3.3995156250000065
17,73,M073,SPANDREL,0.9517365000000002,ALTO,-113.4715805,0.0
17,74,M074,DECK_LONG,0.5664605873661306,MODERADO,-37.439940018749994,1.379242418749996
17,75,M075,ARCH,0.9180287655277082,ALTO,-37.439940018749994,1.379242418749996
17,76,M076,DECK_LONG,0.5531095732301129,MODERADO,-40.19842485625,4.1377272562500025
17,77,M077,ARCH,0.7613943681752292,ALTO,-40.19842485625,4.1377272562500025
17,78,M078,DECK_LONG,0.49802211194191376,MODERADO,-42.95690969375,6.896212093750002
17,79,M079,ARCH,0.8035555017750411,ALTO,-42.95690969375,6.896212093750002
17,80,M080,DECK_LONG,0.46438895174594447,MODERADO,-45.71539453125,9.654696931250001
17,81,M081,ARCH,0.7511322143721381,ALTO,-45.71539453125,9.654696931250001
17,82,M082,DECK_LONG,0.44369835488597664,MODERADO,-48.47387936875,9.654696931250001
17,83,M083,ARCH,0.7195916703782848,ALTO,-48.47387936875,9.654696931250001
17,84,M084,DECK_LONG,0.5137574077378668,MODERADO,-51.23236420625,6.896212093750002
17,85,M085,ARCH,0.706409239620148,ALTO,-51.23236420625,6.896212093750002
17,86,M086,DECK_LONG,0.524616049760683,MODERADO,-53.99084904375,4.137727256249995
17,87,M087,ARCH,0.8469873592284851,ALTO,-53.99084904375,4.137727256249995
17,88,M088,DECK_LONG,0.5790271191677681,MODERADO,-56.749333881249996,1.3792424187500032
17,89,M089,ARCH,0.9371850640058139,ALTO,-56.749333881249996,1.3792424187500032
17,90,M090,DECK_LONG,0.6334359431588945,MODERADO,-59.887756249999995,1.7591799499999965
17,91,M091,ARCH,0.8737779721844462,ALTO,-59.887756249999995,1.7591799499999965
17,92,M092,DECK_LONG,0.523961964536608,MODERADO,-63.40611615,5.277539850000004
17,93,M093,ARCH,0.7195921037536478,ALTO,-63.40611615,5.277539850000004
17,94,M094,DECK_LONG,0.4771328033286403,MODERADO,-66.92447605000001,8.795899750000011
17,95,M095,ARCH,0.7708122832449764,ALTO,-66.92447605000001,8.795899750000011
17,96,M096,DECK_LONG,0.44894156645242006,MODERADO,-70.44283595,12.314259650000004
17,97,M097,ARCH,0.7271347779812444,ALTO,-70.44283595,12.314259650000004
17,98,M098,DECK_LONG,0.5050592622589726,MODERADO,-73.96119585,12.314259650000011
17,99,M099,ARCH,0.695922315333401,MODERADO,-73.96119585,12.314259650000011
17,100,M100,DECK_LONG,0.4925490489935398,MODERADO,-77.47955575,8.795899750000004
17,101,M101,ARCH,0.6756357665638131,MODERADO,-77.47955575,8.795899750000004
17,102,M102,DECK_LONG,0.4963850190346813,MODERADO,-80.99791565000001,5.277539849999997
17,103,M103,ARCH,0.8024317445637756,ALTO,-80.99791565000001,5.277539849999997
17,104,M104,DECK_LONG,0.5506092522257852,MODERADO,-84.51627555000002,1.7591799499999894
17,105,M105,ARCH,0.8924300471243445,ALTO,-84.51627555000002,1.7591799499999894
17,106,M106,DECK_LONG,0.6227433741329308,MODERADO,-87.97521331250002,1.6997578125000103
17,107,M107,ARCH,0.8571105231714116,ALTO,-87.97521331250002,1.6997578125000103
17,108,M108,DECK_LONG,0.5148635850663872,MODERADO,-91.37472893750001,5.099273437500003
17,109,M109,ARCH,0.8308017000072676,ALTO,-91.37472893750001,5.099273437500003
17,110,M110,DECK_LONG,0.46747845003006033,MODERADO,-94.7742445625,8.498789062499995
17,111,M111,ARCH,0.7562012823001883,ALTO,-94.7742445625,8.498789062499995
17,112,M112,DECK_LONG,0.4388049977029274,MODERADO,-98.1737601875,11.898304687499987
17,113,M113,ARCH,0.7117295594230008,ALTO,-98.1737601875,11.898304687499987
17,114,M114,DECK_LONG,0.49498418426004964,MODERADO,-101.57327581250001,11.898304687499987
17,115,M115,ARCH,0.6804828958385765,MODERADO,-101.57327581250001,11.898304687499987
17,116,M116,DECK_LONG,0.48293228308890523,MODERADO,-104.9727914375,8.498789062499995
17,117,M117,ARCH,0.7797589546459885,ALTO,-104.9727914375,8.498789062499995
17,118,M118,DECK_LONG,0.48716522764192965,MODERADO,-108.3723070625,5.099273437500003
17,119,M119,ARCH,0.7885785941773018,ALTO,-108.3723070625,5.099273437500003
17,120,M120,DECK_LONG,0.6350281447910919,MODERADO,-111.77182268749999,1.6997578125000103
17,121,M121,ARCH,0.8758373077112911,ALTO,-111.77182268749999,1.6997578125000103
17,122,M122,SPANDREL,0.9444154500000002,ALTO,-36.0606976,0.0
17,123,M123,SPANDREL,0.6919608448999593,MODERADO,-38.8191824375,2.7584848374999993
17,124,M124,SPANDREL,0.6687014375931932,MODERADO,-41.577667274999996,5.516969674999999
17,125,M125,SPANDREL,0.6802856345333486,MODERADO,-44.3361521125,8.275454512500005
17,126,M126,SPANDREL,0.6035792874026672,MODERADO,-47.094636949999995,11.033939349999997
17,127,M127,SPANDREL,0.652243325934264,MODERADO,-49.8531217875,8.275454512499998
17,128,M128,SPANDREL,0.7195573721674329,ALTO,-52.611606625,5.516969674999999
17,129,M129,SPANDREL,0.7157804953268081,ALTO,-55.3700914625,2.7584848374999993
17,130,M130,SPANDREL,0.9341659800000001,ALTO,-58.1285763,0.0
17,131,M131,SPANDREL,0.7765479309966937,ALTO,-61.6469362,3.5183599
17,132,M132,SPANDREL,0.6435839983853473,MODERADO,-65.1652961,7.036719800000007
17,133,M133,SPANDREL,0.6630804874901035,MODERADO,-68.683656,10.5550797
17,134,M134,SPANDREL,0.59215832732506,MODERADO,-72.2020159,14.0734396
17,135,M135,SPANDREL,0.6354521338446826,MODERADO,-75.7203758,10.555079700000007
17,136,M136,SPANDREL,0.6930904597996047,MODERADO,-79.2387357,7.0367198
17,137,M137,SPANDREL,0.6833621792770908,MODERADO,-82.75709560000001,3.518359899999993
17,138,M138,SPANDREL,0.9239165100000002,ALTO,-86.2754555,0.0
17,139,M139,SPANDREL,0.7722912873098026,ALTO,-89.67497112500001,3.3995156250000065
17,140,M140,SPANDREL,0.6383785013297497,MODERADO,-93.07448675,6.799031249999999
17,141,M141,SPANDREL,0.6570073692952221,MODERADO,-96.474002375,10.198546874999991
17,142,M142,SPANDREL,0.5854736483451399,MODERADO,-99.873518,13.598062499999997
17,143,M143,SPANDREL,0.6293331119302127,MODERADO,-103.27303362500001,10.198546874999991
17,144,M144,SPANDREL,0.6880536496120316,MODERADO,-106.67254925,6.799031249999999
17,145,M145,SPANDREL,0.678645188100081,MODERADO,-110.072064875,3.3995156250000065
17,146,M146,SPANDREL,0.9136670400000002,ALTO,-113.4715805,0.0
17,147,M147,DECK_CROSS,0.6598928250000001,MODERADO,-36.0606976,0.0
17,148,M148,DECK_CROSS,0.48478402175552615,MODERADO,-38.8191824375,2.7584848374999993
17,149,M149,DECK_CROSS,0.467736883753403,MODERADO,-41.577667274999996,5.516969674999999
17,150,M150,DECK_CROSS,0.4751613401511556,MODERADO,-44.3361521125,8.275454512500005
17,151,M151,DECK_CROSS,0.4226726205046366,MODERADO,-47.094636949999995,11.033939349999997
17,152,M152,DECK_CROSS,0.4560415842881433,MODERADO,-49.8531217875,8.275454512499998
17,153,M153,DECK_CROSS,0.42789809554727726,MODERADO,-52.611606625,5.516969674999999
17,154,M154,DECK_CROSS,0.5010246925011049,MODERADO,-55.3700914625,2.7584848374999993
17,155,M155,DECK_CROSS,0.6529045500000001,MODERADO,-58.1285763,0.0
17,156,M156,DECK_CROSS,0.4627911912000498,MODERADO,-61.6469362,3.5183599
17,157,M157,DECK_CROSS,0.45029813307649097,MODERADO,-65.1652961,7.036719800000007
17,158,M158,DECK_CROSS,0.46326330354948314,MODERADO,-68.683656,10.5550797
17,159,M159,DECK_CROSS,0.4148058021423988,MODERADO,-72.2020159,14.0734396
17,160,M160,DECK_CROSS,0.44442578970033253,MODERADO,-75.7203758,10.555079700000007
17,161,M161,DECK_CROSS,0.48405253858621194,MODERADO,-79.2387357,7.0367198
17,162,M162,DECK_CROSS,0.47847902818988214,MODERADO,-82.75709560000001,3.518359899999993
17,163,M163,DECK_CROSS,0.6459162750000002,MODERADO,-86.2754555,0.0
17,164,M164,DECK_CROSS,0.4595595609365966,MODERADO,-89.67497112500001,3.3995156250000065
17,165,M165,DECK_CROSS,0.44678808416365684,MODERADO,-93.07448675,6.799031249999999
17,166,M166,DECK_CROSS,0.4591410881012915,MODERADO,-96.474002375,10.198546874999991
17,167,M167,DECK_CROSS,0.4102558769521049,MODERADO,-99.873518,13.598062499999997
17,168,M168,DECK_CROSS,0.4402722762615124,MODERADO,-103.27303362500001,10.198546874999991
17,169,M169,DECK_CROSS,0.4806575034470309,MODERADO,-106.67254925,6.799031249999999
17,170,M170,DECK_CROSS,0.47532489750388984,MODERADO,-110.072064875,3.3995156250000065
17,171,M171,DECK_CROSS,0.6389280000000002,MODERADO,-113.4715805,0.0
18,1,M001,DECK_LONG,0.6263932774970183,MODERADO,-37.439940018749994,1.379242418749996
18,2,M002,ARCH,1.0125967367476807,CRITICO,-37.439940018749994,1.379242418749996
18,3,M003,DECK_LONG,0.5190948133790632,MODERADO,-40.19842485625,4.1377272562500025
18,4,M004,ARCH,0.8413512974822216,ALTO,-40.19842485625,4.1377272562500025
18,5,M005,DECK_LONG,0.54897670215175,MODERADO,-42.95690969375,6.896212093750002
18,6,M006,ARCH,0.7555820389825014,ALTO,-42.95690969375,6.896212093750002
18,7,M007,DECK_LONG,0.512802243745085,MODERADO,-45.71539453125,9.654696931250001
18,8,M008,ARCH,0.8274754483093302,ALTO,-45.71539453125,9.654696931250001
18,9,M009,DECK_LONG,0.4908945529521779,MODERADO,-48.47387936875,9.654696931250001
18,10,M010,ARCH,0.7940795781981914,ALTO,-48.47387936875,9.654696931250001
18,11,M011,DECK_LONG,0.48150005135616314,MODERADO,-51.23236420625,6.896212093750002
18,12,M012,ARCH,0.7809797545785518,ALTO,-51.23236420625,6.896212093750002
18,13,M013,DECK_LONG,0.5785466979882894,MODERADO,-53.99084904375,4.137727256249995
18,14,M014,ARCH,0.7953610336327112,ALTO,-53.99084904375,4.137727256249995
18,15,M015,DECK_LONG,0.6396990170516931,MODERADO,-56.749333881249996,1.3792424187500032
18,16,M016,ARCH,1.032879876312734,CRITICO,-56.749333881249996,1.3792424187500032
18,17,M017,DECK_LONG,0.5959535435855556,MODERADO,-59.887756249999995,1.7591799499999965
18,18,M018,ARCH,0.964675188068021,ALTO,-59.887756249999995,1.7591799499999965
18,19,M019,DECK_LONG,0.577111994448626,MODERADO,-63.40611615,5.277539850000004
18,20,M020,ARCH,0.7959587612168912,ALTO,-63.40611615,5.277539850000004
18,21,M021,DECK_LONG,0.5264194475573044,MODERADO,-66.92447605000001,8.795899750000011
18,22,M022,ARCH,0.7228438717876581,ALTO,-66.92447605000001,8.795899750000011
18,23,M023,DECK_LONG,0.4962267473387045,MODERADO,-70.44283595,12.314259650000004
18,24,M024,ARCH,0.8017318836995112,ALTO,-70.44283595,12.314259650000004
18,25,M025,DECK_LONG,0.47454693798895525,MODERADO,-73.96119585,12.314259650000011
18,26,M026,ARCH,0.7686833938370887,ALTO,-73.96119585,12.314259650000011
18,27,M027,DECK_LONG,0.5427425312024922,MODERADO,-77.47955575,8.795899750000004
18,28,M028,ARCH,0.7477266212467856,ALTO,-77.47955575,8.795899750000004
18,29,M029,DECK_LONG,0.54791287568188,MODERADO,-80.99791565000001,5.277539849999997
18,30,M030,ARCH,0.8836713220746737,ALTO,-80.99791565000001,5.277539849999997
18,31,M031,DECK_LONG,0.6089090554026331,MODERADO,-84.51627555000002,1.7591799499999894
18,32,M032,ARCH,0.9844244438867367,ALTO,-84.51627555000002,1.7591799499999894
18,33,M033,DECK_LONG,0.5843326206270971,MODERADO,-87.97521331250002,1.6997578125000103
18,34,M034,ARCH,0.9471855094424161,ALTO,-87.97521331250002,1.6997578125000103
18,35,M035,DECK_LONG,0.567576722033348,MODERADO,-91.37472893750001,5.099273437500003
18,36,M036,ARCH,0.7810544074982595,ALTO,-91.37472893750001,5.099273437500003
18,37,M037,DECK_LONG,0.5162489290657682,MODERADO,-94.7742445625,8.498789062499995
18,38,M038,ARCH,0.8331101537820657,ALTO,-94.7742445625,8.498789062499995
18,39,M039,DECK_LONG,0.485516785571568,MODERADO,-98.1737601875,11.898304687499987
18,40,M040,ARCH,0.7854553473574926,ALTO,-98.1737601875,11.898304687499987
18,41,M041,DECK_LONG,0.46381322065363373,MODERADO,-101.57327581250001,11.898304687499987
18,42,M042,ARCH,0.7523706447386902,ALTO,-101.57327581250001,11.898304687499987
18,43,M043,DECK_LONG,0.5326118111280747,MODERADO,-104.9727914375,8.498789062499995
18,44,M044,ARCH,0.7320893117815458,ALTO,-104.9727914375,8.498789062499995
18,45,M045,DECK_LONG,0.5382490494662753,MODERADO,-108.3723070625,5.099273437500003
18,46,M046,ARCH,0.8691531369635515,ALTO,-108.3723070625,5.099273437500003
18,47,M047,DECK_LONG,0.5973400248533853,MODERADO,-111.77182268749999,1.6997578125000103
18,48,M048,ARCH,0.967013869543465,ALTO,-111.77182268749999,1.6997578125000103
18,49,M049,SPANDREL,1.0402781400000005,CRITICO,-36.0606976,0.0
18,50,M050,SPANDREL,0.7654514722463254,ALTO,-38.8191824375,2.7584848374999993
18,51,M051,SPANDREL,0.7378247729469157,ALTO,-41.577667274999996,5.516969674999999
18,52,M052,SPANDREL,0.6378250583321201,MODERADO,-44.3361521125,8.275454512500005
18,53,M053,SPANDREL,0.6671993197864062,MODERADO,-47.094636949999995,11.033939349999997
18,54,M054,SPANDREL,0.7192027381882872,ALTO,-49.8531217875,8.275454512499998
18,55,M055,SPANDREL,0.6759574783209322,MODERADO,-52.611606625,5.516969674999999
18,56,M056,SPANDREL,0.790672278580636,ALTO,-55.3700914625,2.7584848374999993
18,57,M057,SPANDREL,1.0294257600000003,CRITICO,-58.1285763,0.0
18,58,M058,SPANDREL,0.7308686409380648,ALTO,-61.6469362,3.5183599
18,59,M059,SPANDREL,0.7104394074791945,ALTO,-65.1652961,7.036719800000007
18,60,M060,SPANDREL,0.7302553081181861,ALTO,-68.683656,10.5550797
18,61,M061,SPANDREL,0.6549051605589403,MODERADO,-72.2020159,14.0734396
18,62,M062,SPANDREL,0.7010017571995051,ALTO,-75.7203758,10.555079700000007
18,63,M063,SPANDREL,0.6502137748200477,MODERADO,-79.2387357,7.0367198
18,64,M064,SPANDREL,0.7552309289693337,ALTO,-82.75709560000001,3.518359899999993
18,65,M065,SPANDREL,1.0185733800000005,CRITICO,-86.2754555,0.0
18,66,M066,SPANDREL,0.7259102853773188,ALTO,-89.67497112500001,3.3995156250000065
18,67,M067,SPANDREL,0.7050265100388939,ALTO,-93.07448675,6.799031249999999
18,68,M068,SPANDREL,0.7238717514690682,ALTO,-96.474002375,10.198546874999991
18,69,M069,SPANDREL,0.6478469751389694,MODERADO,-99.873518,13.598062499999997
18,70,M070,SPANDREL,0.6945695966119994,MODERADO,-103.27303362500001,10.198546874999991
18,71,M071,SPANDREL,0.6445956663212745,MODERADO,-106.67254925,6.799031249999999
18,72,M072,SPANDREL,0.7503929256935858,ALTO,-110.072064875,3.3995156250000065
18,73,M073,SPANDREL,1.0077210000000003,CRITICO,-113.4715805,0.0
18,74,M074,DECK_LONG,0.5997817983876679,MODERADO,-37.439940018749994,1.379242418749996
18,75,M075,ARCH,0.9720304576175735,ALTO,-37.439940018749994,1.379242418749996
18,76,M076,DECK_LONG,0.585645430478943,MODERADO,-40.19842485625,4.1377272562500025
18,77,M077,ARCH,0.806182272185537,ALTO,-40.19842485625,4.1377272562500025
18,78,M078,DECK_LONG,0.5273175302914381,MODERADO,-42.95690969375,6.896212093750002
18,79,M079,ARCH,0.8508234724676907,ALTO,-42.95690969375,6.896212093750002
18,80,M080,DECK_LONG,0.4917059489074707,MODERADO,-45.71539453125,9.654696931250001
18,81,M081,ARCH,0.7953164622763815,ALTO,-45.71539453125,9.654696931250001
18,82,M082,DECK_LONG,0.4697982581145636,MODERADO,-48.47387936875,9.654696931250001
18,83,M083,ARCH,0.7619205921652428,ALTO,-48.47387936875,9.654696931250001
18,84,M084,DECK_LONG,0.5439784317224472,MODERADO,-51.23236420625,6.896212093750002
18,85,M085,ARCH,0.7479627243036863,ALTO,-51.23236420625,6.896212093750002
18,86,M086,DECK_LONG,0.5554758173936643,MODERADO,-53.99084904375,4.137727256249995
18,87,M087,ARCH,0.8968101450654549,ALTO,-53.99084904375,4.137727256249995
18,88,M088,DECK_LONG,0.6130875379423426,MODERADO,-56.749333881249996,1.3792424187500032
18,89,M089,ARCH,0.9923135971826265,ALTO,-56.749333881249996,1.3792424187500032
18,90,M090,DECK_LONG,0.6706968809917707,MODERADO,-59.887756249999995,1.7591799499999965
18,91,M091,ARCH,0.9251766764305902,ALTO,-59.887756249999995,1.7591799499999965
18,92,M092,DECK_LONG,0.5547832565681733,MODERADO,-63.40611615,5.277539850000004
18,93,M093,ARCH,0.7619210510332742,ALTO,-63.40611615,5.277539850000004
18,94,M094,DECK_LONG,0.5051994388185603,MODERADO,-66.92447605000001,8.795899750000011
18,95,M095,ARCH,0.8161541822593867,ALTO,-66.92447605000001,8.795899750000011
18,96,M096,DECK_LONG,0.47534989389079785,MODERADO,-70.44283595,12.314259650000004
18,97,M097,ARCH,0.7699074119801412,ALTO,-70.44283595,12.314259650000004
18,98,M098,DECK_LONG,0.5347686306271476,MODERADO,-73.96119585,12.314259650000011
18,99,M099,ARCH,0.7368589221177188,ALTO,-73.96119585,12.314259650000011
18,100,M100,DECK_LONG,0.5215225224637481,MODERADO,-77.47955575,8.795899750000004
18,101,M101,ARCH,0.7153790469499197,ALTO,-77.47955575,8.795899750000004
18,102,M102,DECK_LONG,0.5255841378014273,MODERADO,-80.99791565000001,5.277539849999997
18,103,M103,ARCH,0.8496336118910566,ALTO,-80.99791565000001,5.277539849999997
18,104,M104,DECK_LONG,0.5829980317684785,MODERADO,-84.51627555000002,1.7591799499999894
18,105,M105,ARCH,0.944925932249306,ALTO,-84.51627555000002,1.7591799499999894
18,106,M106,DECK_LONG,0.6593753373172209,MODERADO,-87.97521331250002,1.6997578125000103
18,107,M107,ARCH,0.9075287892403182,ALTO,-87.97521331250002,1.6997578125000103
18,108,M108,DECK_LONG,0.5451496783055866,MODERADO,-91.37472893750001,5.099273437500003
18,109,M109,ARCH,0.8796723882429893,ALTO,-91.37472893750001,5.099273437500003
18,110,M110,DECK_LONG,0.49497718238476984,MODERADO,-94.7742445625,8.498789062499995
18,111,M111,ARCH,0.8006837106707878,ALTO,-94.7742445625,8.498789062499995
18,112,M112,DECK_LONG,0.464617056391335,MODERADO,-98.1737601875,11.898304687499987
18,113,M113,ARCH,0.7535960040949421,ALTO,-98.1737601875,11.898304687499987
18,114,M114,DECK_LONG,0.5241009009812291,MODERADO,-101.57327581250001,11.898304687499987
18,115,M115,ARCH,0.7205113014761398,ALTO,-101.57327581250001,11.898304687499987
18,116,M116,DECK_LONG,0.5113400644470762,MODERADO,-104.9727914375,8.498789062499995
18,117,M117,ARCH,0.825627128448694,ALTO,-104.9727914375,8.498789062499995
18,118,M118,DECK_LONG,0.5158220057385139,MODERADO,-108.3723070625,5.099273437500003
18,119,M119,ARCH,0.8349655703053784,ALTO,-108.3723070625,5.099273437500003
18,120,M120,DECK_LONG,0.6723827415435092,MODERADO,-111.77182268749999,1.6997578125000103
18,121,M121,ARCH,0.927357149341367,ALTO,-111.77182268749999,1.6997578125000103
18,122,M122,SPANDREL,0.9999693000000003,ALTO,-36.0606976,0.0
18,123,M123,SPANDREL,0.7326644240117217,ALTO,-38.8191824375,2.7584848374999993
18,124,M124,SPANDREL,0.7080368162751459,ALTO,-41.577667274999996,5.516969674999999
18,125,M125,SPANDREL,0.7203024365647219,ALTO,-44.3361521125,8.275454512500005
18,126,M126,SPANDREL,0.63908395136753,MODERADO,-47.094636949999995,11.033939349999997
18,127,M127,SPANDREL,0.6906105804009853,MODERADO,-49.8531217875,8.275454512499998
18,128,M128,SPANDREL,0.7618842764125761,ALTO,-52.611606625,5.516969674999999
18,129,M129,SPANDREL,0.7578852303460322,ALTO,-55.3700914625,2.7584848374999993
18,130,M130,SPANDREL,0.9891169200000002,ALTO,-58.1285763,0.0
18,131,M131,SPANDREL,0.8222272210553229,ALTO,-61.6469362,3.5183599
18,132,M132,SPANDREL,0.681441880643309,MODERADO,-65.1652961,7.036719800000007
18,133,M133,SPANDREL,0.702085222048345,ALTO,-68.683656,10.5550797
18,134,M134,SPANDREL,0.6269911701088872,MODERADO,-72.2020159,14.0734396
18,135,M135,SPANDREL,0.672831671129664,MODERADO,-75.7203758,10.555079700000007
18,136,M136,SPANDREL,0.7338604868466404,ALTO,-79.2387357,7.0367198
18,137,M137,SPANDREL,0.7235599545286844,ALTO,-82.75709560000001,3.518359899999993
18,138,M138,SPANDREL,0.9782645400000003,ALTO,-86.2754555,0.0
18,139,M139,SPANDREL,0.8177201865633204,ALTO,-89.67497112500001,3.3995156250000065
18,140,M140,SPANDREL,0.6759301778785587,MODERADO,-93.07448675,6.799031249999999
18,141,M141,SPANDREL,0.6956548616067056,MODERADO,-96.474002375,10.198546874999991
18,142,M142,SPANDREL,0.6199132747183836,MODERADO,-99.873518,13.598062499999997
18,143,M143,SPANDREL,0.666352706749637,MODERADO,-103.27303362500001,10.198546874999991
18,144,M144,SPANDREL,0.7285273937068572,ALTO,-106.67254925,6.799031249999999
18,145,M145,SPANDREL,0.7185654932824387,ALTO,-110.072064875,3.3995156250000065
18,146,M146,SPANDREL,0.9674121600000003,ALTO,-113.4715805,0.0
18,147,M147,DECK_CROSS,0.6987100500000002,MODERADO,-36.0606976,0.0
18,148,M148,DECK_CROSS,0.5133007289176159,MODERADO,-38.8191824375,2.7584848374999993
18,149,M149,DECK_CROSS,0.4952508180918385,MODERADO,-41.577667274999996,5.516969674999999
18,150,M150,DECK_CROSS,0.5031120072188706,MODERADO,-44.3361521125,8.275454512500005
18,151,M151,DECK_CROSS,0.4475357158284388,MODERADO,-47.094636949999995,11.033939349999997
18,152,M152,DECK_CROSS,0.4828675598345047,MODERADO,-49.8531217875,8.275454512499998
18,153,M153,DECK_CROSS,0.4530685717559406,MODERADO,-52.611606625,5.516969674999999
18,154,M154,DECK_CROSS,0.5304967332364641,MODERADO,-55.3700914625,2.7584848374999993
18,155,M155,DECK_CROSS,0.6913107000000002,MODERADO,-58.1285763,0.0
18,156,M156,DECK_CROSS,0.4900142024471116,MODERADO,-61.6469362,3.5183599
18,157,M157,DECK_CROSS,0.4767862585515787,MODERADO,-65.1652961,7.036719800000007
18,158,M158,DECK_CROSS,0.4905140861112175,MODERADO,-68.683656,10.5550797
18,159,M159,DECK_CROSS,0.4392061434448929,MODERADO,-72.2020159,14.0734396
18,160,M160,DECK_CROSS,0.4705684832121168,MODERADO,-75.7203758,10.555079700000007
18,161,M161,DECK_CROSS,0.5125262173265773,MODERADO,-79.2387357,7.0367198
18,162,M162,DECK_CROSS,0.5066248533775223,MODERADO,-82.75709560000001,3.518359899999993
18,163,M163,DECK_CROSS,0.6839113500000003,MODERADO,-86.2754555,0.0
18,164,M164,DECK_CROSS,0.48659247628580815,MODERADO,-89.67497112500001,3.3995156250000065
18,165,M165,DECK_CROSS,0.47306973617328374,MODERADO,-93.07448675,6.799031249999999
18,166,M166,DECK_CROSS,0.4861493874013675,MODERADO,-96.474002375,10.198546874999991
18,167,M167,DECK_CROSS,0.4343885755963465,MODERADO,-99.873518,13.598062499999997
18,168,M168,DECK_CROSS,0.466170645453366,MODERADO,-103.27303362500001,10.198546874999991
18,169,M169,DECK_CROSS,0.5089314742380328,MODERADO,-106.67254925,6.799031249999999
18,170,M170,DECK_CROSS,0.5032851855923539,MODERADO,-110.072064875,3.3995156250000065
18,171,M171,DECK_CROSS,0.6765120000000002,MODERADO,-113.4715805,0.0
19,1,M001,DECK_LONG,0.6611929040246304,MODERADO,-37.439940018749994,1.379242418749996
19,2,M002,ARCH,1.0688521110114404,CRITICO,-37.439940018749994,1.379242418749996
19,3,M003,DECK_LONG,0.5479334141223444,MODERADO,-40.19842485625,4.1377272562500025
19,4,M004,ARCH,0.8880930362312336,ALTO,-40.19842485625,4.1377272562500025
19,5,M005,DECK_LONG,0.5794754078268471,MODERADO,-42.95690969375,6.896212093750002
19,6,M006,ARCH,0.7975588189259736,ALTO,-42.95690969375,6.896212093750002
19,7,M007,DECK_LONG,0.5412912572864784,MODERADO,-45.71539453125,9.654696931250001
19,8,M008,ARCH,0.8734463065487372,ALTO,-45.71539453125,9.654696931250001
19,9,M009,DECK_LONG,0.518166472560632,MODERADO,-48.47387936875,9.654696931250001
19,10,M010,ARCH,0.8381951103203129,ALTO,-48.47387936875,9.654696931250001
19,11,M011,DECK_LONG,0.5082500542092833,MODERADO,-51.23236420625,6.896212093750002
19,12,M012,ARCH,0.8243675187218046,ALTO,-51.23236420625,6.896212093750002
19,13,M013,DECK_LONG,0.6106881812098608,MODERADO,-53.99084904375,4.137727256249995
19,14,M014,ARCH,0.8395477577234172,ALTO,-53.99084904375,4.137727256249995
19,15,M015,DECK_LONG,0.6752378513323426,MODERADO,-56.749333881249996,1.3792424187500032
19,16,M016,ARCH,1.0902620916634411,CRITICO,-56.749333881249996,1.3792424187500032
19,17,M017,DECK_LONG,0.629062073784753,MODERADO,-59.887756249999995,1.7591799499999965
19,18,M018,ARCH,1.0182682540717996,CRITICO,-59.887756249999995,1.7591799499999965
19,19,M019,DECK_LONG,0.6091737719179942,MODERADO,-63.40611615,5.277539850000004
19,20,M020,ARCH,0.8401786923956073,ALTO,-63.40611615,5.277539850000004
19,21,M021,DECK_LONG,0.5556649724215991,MODERADO,-66.92447605000001,8.795899750000011
19,22,M022,ARCH,0.7630018646647501,ALTO,-66.92447605000001,8.795899750000011
19,23,M023,DECK_LONG,0.5237948999686323,MODERADO,-70.44283595,12.314259650000004
19,24,M024,ARCH,0.8462725439050394,ALTO,-70.44283595,12.314259650000004
19,25,M025,DECK_LONG,0.5009106567661192,MODERADO,-73.96119585,12.314259650000011
19,26,M026,ARCH,0.8113880268280378,ALTO,-73.96119585,12.314259650000011
19,27,M027,DECK_LONG,0.5728948940470749,MODERADO,-77.47955575,8.795899750000004
19,28,M028,ARCH,0.7892669890938291,ALTO,-77.47955575,8.795899750000004
19,29,M029,DECK_LONG,0.5783524798864288,MODERADO,-80.99791565000001,5.277539849999997
19,30,M030,ARCH,0.9327641733010443,ALTO,-80.99791565000001,5.277539849999997
19,31,M031,DECK_LONG,0.6427373362583348,MODERADO,-84.51627555000002,1.7591799499999894
19,32,M032,ARCH,1.039114690769333,CRITICO,-84.51627555000002,1.7591799499999894
19,33,M033,DECK_LONG,0.6167955439952691,MODERADO,-87.97521331250002,1.6997578125000103
19,34,M034,ARCH,0.9998069266336612,ALTO,-87.97521331250002,1.6997578125000103
19,35,M035,DECK_LONG,0.5991087621463116,MODERADO,-91.37472893750001,5.099273437500003
19,36,M036,ARCH,0.8244463190259402,ALTO,-91.37472893750001,5.099273437500003
19,37,M037,DECK_LONG,0.5449294251249774,MODERADO,-94.7742445625,8.498789062499995
19,38,M038,ARCH,0.8793940512144024,ALTO,-94.7742445625,8.498789062499995
19,39,M039,DECK_LONG,0.512489940325544,MODERADO,-98.1737601875,11.898304687499987
19,40,M040,ARCH,0.8290917555440197,ALTO,-98.1737601875,11.898304687499987
19,41,M041,DECK_LONG,0.4895806218010577,MODERADO,-101.57327581250001,11.898304687499987
19,42,M042,ARCH,0.7941690138908395,ALTO,-101.57327581250001,11.898304687499987
19,43,M043,DECK_LONG,0.5622013561907454,MODERADO,-104.9727914375,8.498789062499995
19,44,M044,ARCH,0.7727609402138537,ALTO,-104.9727914375,8.498789062499995
19,45,M045,DECK_LONG,0.5681517744366238,MODERADO,-108.3723070625,5.099273437500003
19,46,M046,ARCH,0.9174394223504151,ALTO,-108.3723070625,5.099273437500003
19,47,M047,DECK_LONG,0.6305255817896844,MODERADO,-111.77182268749999,1.6997578125000103
19,48,M048,ARCH,1.0207368622958795,CRITICO,-111.77182268749999,1.6997578125000103
19,49,M049,SPANDREL,1.09807137,CRITICO,-36.0606976,0.0
19,50,M050,SPANDREL,0.8079765540377877,ALTO,-38.8191824375,2.7584848374999993
19,51,M051,SPANDREL,0.7788150381106331,ALTO,-41.577667274999996,5.516969674999999
19,52,M052,SPANDREL,0.6732597837950156,MODERADO,-44.3361521125,8.275454512500005
19,53,M053,SPANDREL,0.7042659486634286,ALTO,-47.094636949999995,11.033939349999997
19,54,M054,SPANDREL,0.759158445865414,ALTO,-49.8531217875,8.275454512499998
19,55,M055,SPANDREL,0.7135106715609838,ALTO,-52.611606625,5.516969674999999
19,56,M056,SPANDREL,0.8345985162795599,ALTO,-55.3700914625,2.7584848374999993
19,57,M057,SPANDREL,1.08661608,CRITICO,-58.1285763,0.0
19,58,M058,SPANDREL,0.7714724543235125,ALTO,-61.6469362,3.5183599
19,59,M059,SPANDREL,0.7499082634502607,ALTO,-65.1652961,7.036719800000007
19,60,M060,SPANDREL,0.7708250474580851,ALTO,-68.683656,10.5550797
19,61,M061,SPANDREL,0.6912887805899924,MODERADO,-72.2020159,14.0734396
19,62,M062,SPANDREL,0.7399462992661441,ALTO,-75.7203758,10.555079700000007
19,63,M063,SPANDREL,0.6863367623100503,MODERADO,-79.2387357,7.0367198
19,64,M064,SPANDREL,0.7971882028009633,ALTO,-82.75709560000001,3.518359899999993
19,65,M065,SPANDREL,1.07516079,CRITICO,-86.2754555,0.0
19,66,M066,SPANDREL,0.7662386345649476,ALTO,-89.67497112500001,3.3995156250000065
19,67,M067,SPANDREL,0.744194649485499,ALTO,-93.07448675,6.799031249999999
19,68,M068,SPANDREL,0.7640868487729052,ALTO,-96.474002375,10.198546874999991
19,69,M069,SPANDREL,0.6838384737578008,MODERADO,-99.873518,13.598062499999997
19,70,M070,SPANDREL,0.733156796423777,ALTO,-103.27303362500001,10.198546874999991
19,71,M071,SPANDREL,0.6804065366724563,MODERADO,-106.67254925,6.799031249999999
19,72,M072,SPANDREL,0.7920814215654516,ALTO,-110.072064875,3.3995156250000065
19,73,M073,SPANDREL,1.0637055,CRITICO,-113.4715805,0.0
19,74,M074,DECK_LONG,0.6331030094092048,MODERADO,-37.439940018749994,1.379242418749996
19,75,M075,ARCH,1.0260321497074383,CRITICO,-37.439940018749994,1.379242418749996
19,76,M076,DECK_LONG,0.6181812877277731,MODERADO,-40.19842485625,4.1377272562500025
19,77,M077,ARCH,0.8509701761958444,ALTO,-40.19842485625,4.1377272562500025
19,78,M078,DECK_LONG,0.5566129486409623,MODERADO,-42.95690969375,6.896212093750002
19,79,M079,ARCH,0.89809144316034,ALTO,-42.95690969375,6.896212093750002
19,80,M080,DECK_LONG,0.5190229460689967,MODERADO,-45.71539453125,9.654696931250001
19,81,M081,ARCH,0.8395007101806248,ALTO,-45.71539453125,9.654696931250001
19,82,M082,DECK_LONG,0.49589816134315023,MODERADO,-48.47387936875,9.654696931250001
19,83,M083,ARCH,0.8042495139522005,ALTO,-48.47387936875,9.654696931250001
19,84,M084,DECK_LONG,0.5741994557070276,MODERADO,-51.23236420625,6.896212093750002
19,85,M085,ARCH,0.7895162089872242,ALTO,-51.23236420625,6.896212093750002
19,86,M086,DECK_LONG,0.5863355850266455,MODERADO,-53.99084904375,4.137727256249995
19,87,M087,ARCH,0.9466329309024244,ALTO,-53.99084904375,4.137727256249995
19,88,M088,DECK_LONG,0.6471479567169172,MODERADO,-56.749333881249996,1.3792424187500032
19,89,M089,ARCH,1.0474421303594388,CRITICO,-56.749333881249996,1.3792424187500032
19,90,M090,DECK_LONG,0.7079578188246466,ALTO,-59.887756249999995,1.7591799499999965
19,91,M091,ARCH,0.9765753806767338,ALTO,-59.887756249999995,1.7591799499999965
19,92,M092,DECK_LONG,0.5856045485997383,MODERADO,-63.40611615,5.277539850000004
19,93,M093,ARCH,0.8042499983129004,ALTO,-63.40611615,5.277539850000004
19,94,M094,DECK_LONG,0.5332660743084804,MODERADO,-66.92447605000001,8.795899750000011
19,95,M095,ARCH,0.861496081273797,ALTO,-66.92447605000001,8.795899750000011
19,96,M096,DECK_LONG,0.5017582213291754,MODERADO,-70.44283595,12.314259650000004
19,97,M097,ARCH,0.8126800459790378,ALTO,-70.44283595,12.314259650000004
19,98,M098,DECK_LONG,0.5644779989953222,MODERADO,-73.96119585,12.314259650000011
19,99,M099,ARCH,0.7777955289020362,ALTO,-73.96119585,12.314259650000011
19,100,M100,DECK_LONG,0.5504959959339563,MODERADO,-77.47955575,8.795899750000004
19,101,M101,ARCH,0.7551223273360262,ALTO,-77.47955575,8.795899750000004
19,102,M102,DECK_LONG,0.5547832565681732,MODERADO,-80.99791565000001,5.277539849999997
19,103,M103,ARCH,0.8968354792183374,ALTO,-80.99791565000001,5.277539849999997
19,104,M104,DECK_LONG,0.6153868113111717,MODERADO,-84.51627555000002,1.7591799499999894
19,105,M105,ARCH,0.9974218173742672,ALTO,-84.51627555000002,1.7591799499999894
19,106,M106,DECK_LONG,0.6960073005015108,MODERADO,-87.97521331250002,1.6997578125000103
19,107,M107,ARCH,0.9579470553092245,ALTO,-87.97521331250002,1.6997578125000103
19,108,M108,DECK_LONG,0.5754357715447856,MODERADO,-91.37472893750001,5.099273437500003
19,109,M109,ARCH,0.9285430764787105,ALTO,-91.37472893750001,5.099273437500003
19,110,M110,DECK_LONG,0.5224759147394792,MODERADO,-94.7742445625,8.498789062499995
19,111,M111,ARCH,0.8451661390413868,ALTO,-94.7742445625,8.498789062499995
19,112,M112,DECK_LONG,0.4904291150797424,MODERADO,-98.1737601875,11.898304687499987
19,113,M113,ARCH,0.7954624487668832,ALTO,-98.1737601875,11.898304687499987
19,114,M114,DECK_LONG,0.5532176177024084,MODERADO,-101.57327581250001,11.898304687499987
19,115,M115,ARCH,0.760539707113703,ALTO,-101.57327581250001,11.898304687499987
19,116,M116,DECK_LONG,0.539747845805247,MODERADO,-104.9727914375,8.498789062499995
19,117,M117,ARCH,0.8714953022513989,ALTO,-104.9727914375,8.498789062499995
19,118,M118,DECK_LONG,0.5444787838350978,MODERADO,-108.3723070625,5.099273437500003
19,119,M119,ARCH,0.8813525464334546,ALTO,-108.3723070625,5.099273437500003
19,120,M120,DECK_LONG,0.7097373382959262,ALTO,-111.77182268749999,1.6997578125000103
19,121,M121,ARCH,0.9788769909714429,ALTO,-111.77182268749999,1.6997578125000103
19,122,M122,SPANDREL,1.05552315,CRITICO,-36.0606976,0.0
19,123,M123,SPANDREL,0.7733680031234837,ALTO,-38.8191824375,2.7584848374999993
19,124,M124,SPANDREL,0.7473721949570983,ALTO,-41.577667274999996,5.516969674999999
19,125,M125,SPANDREL,0.7603192385960952,ALTO,-44.3361521125,8.275454512500005
19,126,M126,SPANDREL,0.6745886153323927,MODERADO,-47.094636949999995,11.033939349999997
19,127,M127,SPANDREL,0.7289778348677066,ALTO,-49.8531217875,8.275454512499998
19,128,M128,SPANDREL,0.804211180657719,ALTO,-52.611606625,5.516969674999999
19,129,M129,SPANDREL,0.799989965365256,ALTO,-55.3700914625,2.7584848374999993
19,130,M130,SPANDREL,1.04406786,CRITICO,-58.1285763,0.0
19,131,M131,SPANDREL,0.8679065111139516,ALTO,-61.6469362,3.5183599
19,132,M132,SPANDREL,0.7192997629012704,ALTO,-65.1652961,7.036719800000007
19,133,M133,SPANDREL,0.7410899566065863,ALTO,-68.683656,10.5550797
19,134,M134,SPANDREL,0.6618240128927141,MODERADO,-72.2020159,14.0734396
19,135,M135,SPANDREL,0.7102112084146452,ALTO,-75.7203758,10.555079700000007
19,136,M136,SPANDREL,0.7746305138936758,ALTO,-79.2387357,7.0367198
19,137,M137,SPANDREL,0.7637577297802778,ALTO,-82.75709560000001,3.518359899999993
19,138,M138,SPANDREL,1.03261257,CRITICO,-86.2754555,0.0
19,139,M139,SPANDREL,0.8631490858168379,ALTO,-89.67497112500001,3.3995156250000065
19,140,M140,SPANDREL,0.7134818544273673,ALTO,-93.07448675,6.799031249999999
19,141,M141,SPANDREL,0.7343023539181892,ALTO,-96.474002375,10.198546874999991
19,142,M142,SPANDREL,0.6543529010916269,MODERADO,-99.873518,13.598062499999997
19,143,M143,SPANDREL,0.703372301569061,ALTO,-103.27303362500001,10.198546874999991
19,144,M144,SPANDREL,0.7690011378016823,ALTO,-106.67254925,6.799031249999999
19,145,M145,SPANDREL,0.7584857984647962,ALTO,-110.072064875,3.3995156250000065
19,146,M146,SPANDREL,1.02115728,CRITICO,-113.4715805,0.0
19,147,M147,DECK_CROSS,0.737527275,ALTO,-36.0606976,0.0
19,148,M148,DECK_CROSS,0.5418174360797056,MODERADO,-38.8191824375,2.7584848374999993
19,149,M149,DECK_CROSS,0.5227647524302739,MODERADO,-41.577667274999996,5.516969674999999
19,150,M150,DECK_CROSS,0.5310626742865856,MODERADO,-44.3361521125,8.275454512500005
19,151,M151,DECK_CROSS,0.47239881115224086,MODERADO,-47.094636949999995,11.033939349999997
19,152,M152,DECK_CROSS,0.5096935353808659,MODERADO,-49.8531217875,8.275454512499998
19,153,M153,DECK_CROSS,0.4782390479646039,MODERADO,-52.611606625,5.516969674999999
19,154,M154,DECK_CROSS,0.5599687739718231,MODERADO,-55.3700914625,2.7584848374999993
19,155,M155,DECK_CROSS,0.72971685,ALTO,-58.1285763,0.0
19,156,M156,DECK_CROSS,0.5172372136941731,MODERADO,-61.6469362,3.5183599
19,157,M157,DECK_CROSS,0.5032743840266662,MODERADO,-65.1652961,7.036719800000007
19,158,M158,DECK_CROSS,0.5177648686729517,MODERADO,-68.683656,10.5550797
19,159,M159,DECK_CROSS,0.46360648474738686,MODERADO,-72.2020159,14.0734396
19,160,M160,DECK_CROSS,0.496711176723901,MODERADO,-75.7203758,10.555079700000007
19,161,M161,DECK_CROSS,0.5409998960669427,MODERADO,-79.2387357,7.0367198
19,162,M162,DECK_CROSS,0.5347706785651622,MODERADO,-82.75709560000001,3.518359899999993
19,163,M163,DECK_CROSS,0.7219064250000001,ALTO,-86.2754555,0.0
19,164,M164,DECK_CROSS,0.5136253916350196,MODERADO,-89.67497112500001,3.3995156250000065
19,165,M165,DECK_CROSS,0.4993513881829105,MODERADO,-93.07448675,6.799031249999999
19,166,M166,DECK_CROSS,0.5131576867014433,MODERADO,-96.474002375,10.198546874999991
19,167,M167,DECK_CROSS,0.4585212742405878,MODERADO,-99.873518,13.598062499999997
19,168,M168,DECK_CROSS,0.49206901464521957,MODERADO,-103.27303362500001,10.198546874999991
19,169,M169,DECK_CROSS,0.5372054450290344,MODERADO,-106.67254925,6.799031249999999
19,170,M170,DECK_CROSS,0.5312454736808179,MODERADO,-110.072064875,3.3995156250000065
19,171,M171,DECK_CROSS,0.7140960000000001,ALTO,-113.4715805,0.0
20,1,M001,DECK_LONG,0.6959925305522425,MODERADO,-37.439940018749994,1.379242418749996
20,2,M002,ARCH,1.1251074852752008,CRITICO,-37.439940018749994,1.379242418749996
20,3,M003,DECK_LONG,0.5767720148656257,MODERADO,-40.19842485625,4.1377272562500025
20,4,M004,ARCH,0.9348347749802459,ALTO,-40.19842485625,4.1377272562500025
20,5,M005,DECK_LONG,0.6099741135019444,MODERADO,-42.95690969375,6.896212093750002
20,6,M006,ARCH,0.839535598869446,ALTO,-42.95690969375,6.896212093750002
20,7,M007,DECK_LONG,0.5697802708278721,MODERADO,-45.71539453125,9.654696931250001
20,8,M008,ARCH,0.9194171647881445,ALTO,-45.71539453125,9.654696931250001
20,9,M009,DECK_LONG,0.5454383921690864,MODERADO,-48.47387936875,9.654696931250001
20,10,M010,ARCH,0.8823106424424347,ALTO,-48.47387936875,9.654696931250001
20,11,M011,DECK_LONG,0.5350000570624035,MODERADO,-51.23236420625,6.896212093750002
20,12,M012,ARCH,0.8677552828650574,ALTO,-51.23236420625,6.896212093750002
20,13,M013,DECK_LONG,0.6428296644314325,MODERADO,-53.99084904375,4.137727256249995
20,14,M014,ARCH,0.8837344818141234,ALTO,-53.99084904375,4.137727256249995
20,15,M015,DECK_LONG,0.7107766856129922,ALTO,-56.749333881249996,1.3792424187500032
20,16,M016,ARCH,1.1476443070141487,CRITICO,-56.749333881249996,1.3792424187500032
20,17,M017,DECK_LONG,0.6621706039839506,MODERADO,-59.887756249999995,1.7591799499999965
20,18,M018,ARCH,1.0718613200755787,CRITICO,-59.887756249999995,1.7591799499999965
20,19,M019,DECK_LONG,0.6412355493873622,MODERADO,-63.40611615,5.277539850000004
20,20,M020,ARCH,0.8843986235743235,ALTO,-63.40611615,5.277539850000004
20,21,M021,DECK_LONG,0.5849104972858936,MODERADO,-66.92447605000001,8.795899750000011
20,22,M022,ARCH,0.8031598575418423,ALTO,-66.92447605000001,8.795899750000011
20,23,M023,DECK_LONG,0.5513630525985603,MODERADO,-70.44283595,12.314259650000004
20,24,M024,ARCH,0.8908132041105677,ALTO,-70.44283595,12.314259650000004
20,25,M025,DECK_LONG,0.5272743755432835,MODERADO,-73.96119585,12.314259650000011
20,26,M026,ARCH,0.8540926598189872,ALTO,-73.96119585,12.314259650000011
20,27,M027,DECK_LONG,0.6030472568916578,MODERADO,-77.47955575,8.795899750000004
20,28,M028,ARCH,0.8308073569408728,ALTO,-77.47955575,8.795899750000004
20,29,M029,DECK_LONG,0.6087920840909776,MODERADO,-80.99791565000001,5.277539849999997
20,30,M030,ARCH,0.9818570245274152,ALTO,-80.99791565000001,5.277539849999997
20,31,M031,DECK_LONG,0.6765656171140366,MODERADO,-84.51627555000002,1.7591799499999894
20,32,M032,ARCH,1.0938049376519294,CRITICO,-84.51627555000002,1.7591799499999894
20,33,M033,DECK_LONG,0.6492584673634412,MODERADO,-87.97521331250002,1.6997578125000103
20,34,M034,ARCH,1.0524283438249067,CRITICO,-87.97521331250002,1.6997578125000103
20,35,M035,DECK_LONG,0.6306408022592753,MODERADO,-91.37472893750001,5.099273437500003
20,36,M036,ARCH,0.8678382305536215,ALTO,-91.37472893750001,5.099273437500003
20,37,M037,DECK_LONG,0.5736099211841867,MODERADO,-94.7742445625,8.498789062499995
20,38,M038,ARCH,0.9256779486467396,ALTO,-94.7742445625,8.498789062499995
20,39,M039,DECK_LONG,0.53946309507952,MODERADO,-98.1737601875,11.898304687499987
20,40,M040,ARCH,0.8727281637305472,ALTO,-98.1737601875,11.898304687499987
20,41,M041,DECK_LONG,0.5153480229484818,MODERADO,-101.57327581250001,11.898304687499987
20,42,M042,ARCH,0.835967383042989,ALTO,-101.57327581250001,11.898304687499987
20,43,M043,DECK_LONG,0.5917909012534162,MODERADO,-104.9727914375,8.498789062499995
20,44,M044,ARCH,0.8134325686461619,ALTO,-104.9727914375,8.498789062499995
20,45,M045,DECK_LONG,0.5980544994069724,MODERADO,-108.3723070625,5.099273437500003
20,46,M046,ARCH,0.9657257077372792,ALTO,-108.3723070625,5.099273437500003
20,47,M047,DECK_LONG,0.6637111387259836,MODERADO,-111.77182268749999,1.6997578125000103
20,48,M048,ARCH,1.0744598550482944,CRITICO,-111.77182268749999,1.6997578125000103
20,49,M049,SPANDREL,1.1558646000000004,CRITICO,-36.0606976,0.0
20,50,M050,SPANDREL,0.8505016358292504,ALTO,-38.8191824375,2.7584848374999993
20,51,M051,SPANDREL,0.8198053032743507,ALTO,-41.577667274999996,5.516969674999999
20,52,M052,SPANDREL,0.7086945092579112,ALTO,-44.3361521125,8.275454512500005
20,53,M053,SPANDREL,0.7413325775404511,ALTO,-47.094636949999995,11.033939349999997
20,54,M054,SPANDREL,0.7991141535425413,ALTO,-49.8531217875,8.275454512499998
20,55,M055,SPANDREL,0.7510638648010357,ALTO,-52.611606625,5.516969674999999
20,56,M056,SPANDREL,0.8785247539784844,ALTO,-55.3700914625,2.7584848374999993
20,57,M057,SPANDREL,1.1438064000000001,CRITICO,-58.1285763,0.0
20,58,M058,SPANDREL,0.8120762677089606,ALTO,-61.6469362,3.5183599
20,59,M059,SPANDREL,0.789377119421327,ALTO,-65.1652961,7.036719800000007
20,60,M060,SPANDREL,0.8113947867979845,ALTO,-68.683656,10.5550797
20,61,M061,SPANDREL,0.7276724006210448,ALTO,-72.2020159,14.0734396
20,62,M062,SPANDREL,0.7788908413327834,ALTO,-75.7203758,10.555079700000007
20,63,M063,SPANDREL,0.7224597498000529,ALTO,-79.2387357,7.0367198
20,64,M064,SPANDREL,0.839145476632593,ALTO,-82.75709560000001,3.518359899999993
20,65,M065,SPANDREL,1.1317482000000003,CRITICO,-86.2754555,0.0
20,66,M066,SPANDREL,0.8065669837525764,ALTO,-89.67497112500001,3.3995156250000065
20,67,M067,SPANDREL,0.7833627889321043,ALTO,-93.07448675,6.799031249999999
20,68,M068,SPANDREL,0.8043019460767423,ALTO,-96.474002375,10.198546874999991
20,69,M069,SPANDREL,0.7198299723766325,ALTO,-99.873518,13.598062499999997
20,70,M070,SPANDREL,0.7717439962355548,ALTO,-103.27303362500001,10.198546874999991
20,71,M071,SPANDREL,0.7162174070236382,ALTO,-106.67254925,6.799031249999999
20,72,M072,SPANDREL,0.8337699174373175,ALTO,-110.072064875,3.3995156250000065
20,73,M073,SPANDREL,1.1196900000000003,CRITICO,-113.4715805,0.0
20,74,M074,DECK_LONG,0.6664242204307419,MODERADO,-37.439940018749994,1.379242418749996
20,75,M075,ARCH,1.0800338417973037,CRITICO,-37.439940018749994,1.379242418749996
20,76,M076,DECK_LONG,0.6507171449766034,MODERADO,-40.19842485625,4.1377272562500025
20,77,M077,ARCH,0.895758080206152,ALTO,-40.19842485625,4.1377272562500025
20,78,M078,DECK_LONG,0.5859083669904868,MODERADO,-42.95690969375,6.896212093750002
20,79,M079,ARCH,0.9453594138529895,ALTO,-42.95690969375,6.896212093750002
20,80,M080,DECK_LONG,0.5463399432305229,MODERADO,-45.71539453125,9.654696931250001
20,81,M081,ARCH,0.8836849580848682,ALTO,-45.71539453125,9.654696931250001
20,82,M082,DECK_LONG,0.5219980645717373,MODERADO,-48.47387936875,9.654696931250001
20,83,M083,ARCH,0.8465784357391585,ALTO,-48.47387936875,9.654696931250001
20,84,M084,DECK_LONG,0.604420479691608,MODERADO,-51.23236420625,6.896212093750002
20,85,M085,ARCH,0.8310696936707623,ALTO,-51.23236420625,6.896212093750002
20,86,M086,DECK_LONG,0.6171953526596269,MODERADO,-53.99084904375,4.137727256249995
20,87,M087,ARCH,0.9964557167393941,ALTO,-53.99084904375,4.137727256249995
20,88,M088,DECK_LONG,0.6812083754914918,MODERADO,-56.749333881249996,1.3792424187500032
20,89,M089,ARCH,1.1025706635362515,CRITICO,-56.749333881249996,1.3792424187500032
20,90,M090,DECK_LONG,0.7452187566575229,ALTO,-59.887756249999995,1.7591799499999965
20,91,M091,ARCH,1.0279740849228778,CRITICO,-59.887756249999995,1.7591799499999965
20,92,M092,DECK_LONG,0.6164258406313035,MODERADO,-63.40611615,5.277539850000004
20,93,M093,ARCH,0.8465789455925268,ALTO,-63.40611615,5.277539850000004
20,94,M094,DECK_LONG,0.5613327097984003,MODERADO,-66.92447605000001,8.795899750000011
20,95,M095,ARCH,0.9068379802882074,ALTO,-66.92447605000001,8.795899750000011
20,96,M096,DECK_LONG,0.528166548767553,MODERADO,-70.44283595,12.314259650000004
20,97,M097,ARCH,0.8554526799779345,ALTO,-70.44283595,12.314259650000004
20,98,M098,DECK_LONG,0.5941873673634972,MODERADO,-73.96119585,12.314259650000011
20,99,M099,ARCH,0.818732135686354,ALTO,-73.96119585,12.314259650000011
20,100,M100,DECK_LONG,0.5794694694041644,MODERADO,-77.47955575,8.795899750000004
20,101,M101,ARCH,0.794865607722133,ALTO,-77.47955575,8.795899750000004
20,102,M102,DECK_LONG,0.583982375334919,MODERADO,-80.99791565000001,5.277539849999997
20,103,M103,ARCH,0.9440373465456183,ALTO,-80.99791565000001,5.277539849999997
20,104,M104,DECK_LONG,0.6477755908538649,MODERADO,-84.51627555000002,1.7591799499999894
20,105,M105,ARCH,1.0499177024992288,CRITICO,-84.51627555000002,1.7591799499999894
20,106,M106,DECK_LONG,0.7326392636858009,ALTO,-87.97521331250002,1.6997578125000103
20,107,M107,ARCH,1.0083653213781312,CRITICO,-87.97521331250002,1.6997578125000103
20,108,M108,DECK_LONG,0.6057218647839848,MODERADO,-91.37472893750001,5.099273437500003
20,109,M109,ARCH,0.9774137647144323,ALTO,-91.37472893750001,5.099273437500003
20,110,M110,DECK_LONG,0.5499746470941886,MODERADO,-94.7742445625,8.498789062499995
20,111,M111,ARCH,0.8896485674119863,ALTO,-94.7742445625,8.498789062499995
20,112,M112,DECK_LONG,0.5162411737681499,MODERADO,-98.1737601875,11.898304687499987
20,113,M113,ARCH,0.8373288934388244,ALTO,-98.1737601875,11.898304687499987
20,114,M114,DECK_LONG,0.5823343344235878,MODERADO,-101.57327581250001,11.898304687499987
20,115,M115,ARCH,0.8005681127512664,ALTO,-101.57327581250001,11.898304687499987
20,116,M116,DECK_LONG,0.5681556271634179,MODERADO,-104.9727914375,8.498789062499995
20,117,M117,ARCH,0.9173634760541043,ALTO,-104.9727914375,8.498789062499995
20,118,M118,DECK_LONG,0.5731355619316819,MODERADO,-108.3723070625,5.099273437500003
20,119,M119,ARCH,0.9277395225615314,ALTO,-108.3723070625,5.099273437500003
20,120,M120,DECK_LONG,0.7470919350483434,ALTO,-111.77182268749999,1.6997578125000103
20,121,M121,ARCH,1.030396832601519,CRITICO,-111.77182268749999,1.6997578125000103
20,122,M122,SPANDREL,1.111077,CRITICO,-36.0606976,0.0
20,123,M123,SPANDREL,0.8140715822352462,ALTO,-38.8191824375,2.7584848374999993
20,124,M124,SPANDREL,0.7867075736390509,ALTO,-41.577667274999996,5.516969674999999
20,125,M125,SPANDREL,0.8003360406274688,ALTO,-44.3361521125,8.275454512500005
20,126,M126,SPANDREL,0.7100932792972554,ALTO,-47.094636949999995,11.033939349999997
20,127,M127,SPANDREL,0.7673450893344281,ALTO,-49.8531217875,8.275454512499998
20,128,M128,SPANDREL,0.8465380849028622,ALTO,-52.611606625,5.516969674999999
20,129,M129,SPANDREL,0.8420947003844802,ALTO,-55.3700914625,2.7584848374999993
20,130,M130,SPANDREL,1.0990188,CRITICO,-58.1285763,0.0
20,131,M131,SPANDREL,0.9135858011725807,ALTO,-61.6469362,3.5183599
20,132,M132,SPANDREL,0.757157645159232,ALTO,-65.1652961,7.036719800000007
20,133,M133,SPANDREL,0.7800946911648278,ALTO,-68.683656,10.5550797
20,134,M134,SPANDREL,0.6966568556765411,MODERADO,-72.2020159,14.0734396
20,135,M135,SPANDREL,0.7475907456996267,ALTO,-75.7203758,10.555079700000007
20,136,M136,SPANDREL,0.8154005409407113,ALTO,-79.2387357,7.0367198
20,137,M137,SPANDREL,0.8039555050318714,ALTO,-82.75709560000001,3.518359899999993
20,138,M138,SPANDREL,1.0869606000000003,CRITICO,-86.2754555,0.0
20,139,M139,SPANDREL,0.9085779850703558,ALTO,-89.67497112500001,3.3995156250000065
20,140,M140,SPANDREL,0.7510335309761762,ALTO,-93.07448675,6.799031249999999
20,141,M141,SPANDREL,0.7729498462296729,ALTO,-96.474002375,10.198546874999991
20,142,M142,SPANDREL,0.6887925274648705,MODERADO,-99.873518,13.598062499999997
20,143,M143,SPANDREL,0.7403918963884853,ALTO,-103.27303362500001,10.198546874999991
20,144,M144,SPANDREL,0.8094748818965078,ALTO,-106.67254925,6.799031249999999
20,145,M145,SPANDREL,0.798406103647154,ALTO,-110.072064875,3.3995156250000065
20,146,M146,SPANDREL,1.0749024000000003,CRITICO,-113.4715805,0.0
20,147,M147,DECK_CROSS,0.7763445000000001,ALTO,-36.0606976,0.0
20,148,M148,DECK_CROSS,0.5703341432417954,MODERADO,-38.8191824375,2.7584848374999993
20,149,M149,DECK_CROSS,0.5502786867687094,MODERADO,-41.577667274999996,5.516969674999999
20,150,M150,DECK_CROSS,0.5590133413543007,MODERADO,-44.3361521125,8.275454512500005
20,151,M151,DECK_CROSS,0.49726190647604296,MODERADO,-47.094636949999995,11.033939349999997
20,152,M152,DECK_CROSS,0.5365195109272274,MODERADO,-49.8531217875,8.275454512499998
20,153,M153,DECK_CROSS,0.5034095241732672,MODERADO,-52.611606625,5.516969674999999
20,154,M154,DECK_CROSS,0.5894408147071822,MODERADO,-55.3700914625,2.7584848374999993
20,155,M155,DECK_CROSS,0.7681230000000001,ALTO,-58.1285763,0.0
20,156,M156,DECK_CROSS,0.5444602249412349,MODERADO,-61.6469362,3.5183599
20,157,M157,DECK_CROSS,0.529762509501754,MODERADO,-65.1652961,7.036719800000007
20,158,M158,DECK_CROSS,0.545015651234686,MODERADO,-68.683656,10.5550797
20,159,M159,DECK_CROSS,0.4880068260498809,MODERADO,-72.2020159,14.0734396
20,160,M160,DECK_CROSS,0.5228538702356852,MODERADO,-75.7203758,10.555079700000007
20,161,M161,DECK_CROSS,0.5694735748073081,MODERADO,-79.2387357,7.0367198
20,162,M162,DECK_CROSS,0.5629165037528026,MODERADO,-82.75709560000001,3.518359899999993
20,163,M163,DECK_CROSS,0.7599015000000001,ALTO,-86.2754555,0.0
20,164,M164,DECK_CROSS,0.5406583069842312,MODERADO,-89.67497112500001,3.3995156250000065
20,165,M165,DECK_CROSS,0.5256330401925374,MODERADO,-93.07448675,6.799031249999999
20,166,M166,DECK_CROSS,0.5401659860015194,MODERADO,-96.474002375,10.198546874999991
20,167,M167,DECK_CROSS,0.48265397288482925,MODERADO,-99.873518,13.598062499999997
20,168,M168,DECK_CROSS,0.5179673838370733,MODERADO,-103.27303362500001,10.198546874999991
20,169,M169,DECK_CROSS,0.5654794158200364,MODERADO,-106.67254925,6.799031249999999
20,170,M170,DECK_CROSS,0.559205761769282,MODERADO,-110.072064875,3.3995156250000065
20,171,M171,DECK_CROSS,0.7516800000000001,ALTO,-113.4715805,0.0
21,1,M001,DECK_LONG,0.7307921570798547,ALTO,-37.439940018749994,1.379242418749996
21,2,M002,ARCH,1.1813628595389607,CRITICO,-37.439940018749994,1.379242418749996
21,3,M003,DECK_LONG,0.6056106156089069,MODERADO,-40.19842485625,4.1377272562500025
21,4,M004,ARCH,0.9815765137292584,ALTO,-40.19842485625,4.1377272562500025
21,5,M005,DECK_LONG,0.6404728191770416,MODERADO,-42.95690969375,6.896212093750002
21,6,M006,ARCH,0.8815123788129183,ALTO,-42.95690969375,6.896212093750002
21,7,M007,DECK_LONG,0.5982692843692656,MODERADO,-45.71539453125,9.654696931250001
21,8,M008,ARCH,0.9653880230275518,ALTO,-45.71539453125,9.654696931250001
21,9,M009,DECK_LONG,0.5727103117775407,MODERADO,-48.47387936875,9.654696931250001
21,10,M010,ARCH,0.9264261745645564,ALTO,-48.47387936875,9.654696931250001
21,11,M011,DECK_LONG,0.5617500599155236,MODERADO,-51.23236420625,6.896212093750002
21,12,M012,ARCH,0.9111430470083105,ALTO,-51.23236420625,6.896212093750002
21,13,M013,DECK_LONG,0.6749711476530041,MODERADO,-53.99084904375,4.137727256249995
21,14,M014,ARCH,0.9279212059048296,ALTO,-53.99084904375,4.137727256249995
21,15,M015,DECK_LONG,0.7463155198936419,ALTO,-56.749333881249996,1.3792424187500032
21,16,M016,ARCH,1.2050265223648562,CRITICO,-56.749333881249996,1.3792424187500032
21,17,M017,DECK_LONG,0.6952791341831481,MODERADO,-59.887756249999995,1.7591799499999965
21,18,M018,ARCH,1.1254543860793575,CRITICO,-59.887756249999995,1.7591799499999965
21,19,M019,DECK_LONG,0.6732973268567304,MODERADO,-63.40611615,5.277539850000004
21,20,M020,ARCH,0.9286185547530398,ALTO,-63.40611615,5.277539850000004
21,21,M021,DECK_LONG,0.6141560221501884,MODERADO,-66.92447605000001,8.795899750000011
21,22,M022,ARCH,0.8433178504189344,ALTO,-66.92447605000001,8.795899750000011
21,23,M023,DECK_LONG,0.5789312052284884,MODERADO,-70.44283595,12.314259650000004
21,24,M024,ARCH,0.9353538643160961,ALTO,-70.44283595,12.314259650000004
21,25,M025,DECK_LONG,0.5536380943204476,MODERADO,-73.96119585,12.314259650000011
21,26,M026,ARCH,0.8967972928099366,ALTO,-73.96119585,12.314259650000011
21,27,M027,DECK_LONG,0.6331996197362408,MODERADO,-77.47955575,8.795899750000004
21,28,M028,ARCH,0.8723477247879166,ALTO,-77.47955575,8.795899750000004
21,29,M029,DECK_LONG,0.6392316882955267,MODERADO,-80.99791565000001,5.277539849999997
21,30,M030,ARCH,1.030949875753786,CRITICO,-80.99791565000001,5.277539849999997
21,31,M031,DECK_LONG,0.7103938979697386,ALTO,-84.51627555000002,1.7591799499999894
21,32,M032,ARCH,1.148495184534526,CRITICO,-84.51627555000002,1.7591799499999894
21,33,M033,DECK_LONG,0.6817213907316133,MODERADO,-87.97521331250002,1.6997578125000103
21,34,M034,ARCH,1.105049761016152,CRITICO,-87.97521331250002,1.6997578125000103
21,35,M035,DECK_LONG,0.6621728423722392,MODERADO,-91.37472893750001,5.099273437500003
21,36,M036,ARCH,0.9112301420813026,ALTO,-91.37472893750001,5.099273437500003
21,37,M037,DECK_LONG,0.6022904172433962,MODERADO,-94.7742445625,8.498789062499995
21,38,M038,ARCH,0.9719618460790764,ALTO,-94.7742445625,8.498789062499995
21,39,M039,DECK_LONG,0.5664362498334959,MODERADO,-98.1737601875,11.898304687499987
21,40,M040,ARCH,0.9163645719170745,ALTO,-98.1737601875,11.898304687499987
21,41,M041,DECK_LONG,0.5411154240959059,MODERADO,-101.57327581250001,11.898304687499987
21,42,M042,ARCH,0.8777657521951384,ALTO,-101.57327581250001,11.898304687499987
21,43,M043,DECK_LONG,0.621380446316087,MODERADO,-104.9727914375,8.498789062499995
21,44,M044,ARCH,0.85410419707847,ALTO,-104.9727914375,8.498789062499995
21,45,M045,DECK_LONG,0.627957224377321,MODERADO,-108.3723070625,5.099273437500003
21,46,M046,ARCH,1.0140119931241431,CRITICO,-108.3723070625,5.099273437500003
21,47,M047,DECK_LONG,0.6968966956622827,MODERADO,-111.77182268749999,1.6997578125000103
21,48,M048,ARCH,1.128182847800709,CRITICO,-111.77182268749999,1.6997578125000103
21,49,M049,SPANDREL,1.2136578300000003,CRITICO,-36.0606976,0.0
21,50,M050,SPANDREL,0.893026717620713,ALTO,-38.8191824375,2.7584848374999993
21,51,M051,SPANDREL,0.8607955684380683,ALTO,-41.577667274999996,5.516969674999999
21,52,M052,SPANDREL,0.7441292347208067,ALTO,-44.3361521125,8.275454512500005
21,53,M053,SPANDREL,0.7783992064174737,ALTO,-47.094636949999995,11.033939349999997
21,54,M054,SPANDREL,0.8390698612196683,ALTO,-49.8531217875,8.275454512499998
21,55,M055,SPANDREL,0.7886170580410874,ALTO,-52.611606625,5.516969674999999
21,56,M056,SPANDREL,0.9224509916774086,ALTO,-55.3700914625,2.7584848374999993
21,57,M057,SPANDREL,1.2009967200000002,CRITICO,-58.1285763,0.0
21,58,M058,SPANDREL,0.8526800810944087,ALTO,-61.6469362,3.5183599
21,59,M059,SPANDREL,0.8288459753923936,ALTO,-65.1652961,7.036719800000007
21,60,M060,SPANDREL,0.8519645261378836,ALTO,-68.683656,10.5550797
21,61,M061,SPANDREL,0.764056020652097,ALTO,-72.2020159,14.0734396
21,62,M062,SPANDREL,0.8178353833994225,ALTO,-75.7203758,10.555079700000007
21,63,M063,SPANDREL,0.7585827372900557,ALTO,-79.2387357,7.0367198
21,64,M064,SPANDREL,0.8811027504642227,ALTO,-82.75709560000001,3.518359899999993
21,65,M065,SPANDREL,1.1883356100000004,CRITICO,-86.2754555,0.0
21,66,M066,SPANDREL,0.8468953329402054,ALTO,-89.67497112500001,3.3995156250000065
21,67,M067,SPANDREL,0.8225309283787094,ALTO,-93.07448675,6.799031249999999
21,68,M068,SPANDREL,0.8445170433805795,ALTO,-96.474002375,10.198546874999991
21,69,M069,SPANDREL,0.7558214709954642,ALTO,-99.873518,13.598062499999997
21,70,M070,SPANDREL,0.8103311960473326,ALTO,-103.27303362500001,10.198546874999991
21,71,M071,SPANDREL,0.7520282773748201,ALTO,-106.67254925,6.799031249999999
21,72,M072,SPANDREL,0.8754584133091835,ALTO,-110.072064875,3.3995156250000065
21,73,M073,SPANDREL,1.1756745000000002,CRITICO,-113.4715805,0.0
21,74,M074,DECK_LONG,0.6997454314522791,MODERADO,-37.439940018749994,1.379242418749996
21,75,M075,ARCH,1.1340355338871688,CRITICO,-37.439940018749994,1.379242418749996
21,76,M076,DECK_LONG,0.6832530022254335,MODERADO,-40.19842485625,4.1377272562500025
21,77,M077,ARCH,0.9405459842164596,ALTO,-40.19842485625,4.1377272562500025
21,78,M078,DECK_LONG,0.6152037853400111,MODERADO,-42.95690969375,6.896212093750002
21,79,M079,ARCH,0.9926273845456391,ALTO,-42.95690969375,6.896212093750002
21,80,M080,DECK_LONG,0.573656940392049,MODERADO,-45.71539453125,9.654696931250001
21,81,M081,ARCH,0.9278692059891117,ALTO,-45.71539453125,9.654696931250001
21,82,M082,DECK_LONG,0.548097967800324,MODERADO,-48.47387936875,9.654696931250001
21,83,M083,ARCH,0.8889073575261164,ALTO,-48.47387936875,9.654696931250001
21,84,M084,DECK_LONG,0.6346415036761884,MODERADO,-51.23236420625,6.896212093750002
21,85,M085,ARCH,0.8726231783543006,ALTO,-51.23236420625,6.896212093750002
21,86,M086,DECK_LONG,0.6480551202926083,MODERADO,-53.99084904375,4.137727256249995
21,87,M087,ARCH,1.046278502576364,CRITICO,-53.99084904375,4.137727256249995
21,88,M088,DECK_LONG,0.7152687942660664,ALTO,-56.749333881249996,1.3792424187500032
21,89,M089,ARCH,1.157699196713064,CRITICO,-56.749333881249996,1.3792424187500032
21,90,M090,DECK_LONG,0.7824796944903991,ALTO,-59.887756249999995,1.7591799499999965
21,91,M091,ARCH,1.0793727891690217,CRITICO,-59.887756249999995,1.7591799499999965
21,92,M092,DECK_LONG,0.6472471326628688,MODERADO,-63.40611615,5.277539850000004
21,93,M093,ARCH,0.8889078928721532,ALTO,-63.40611615,5.277539850000004
21,94,M094,DECK_LONG,0.5893993452883204,MODERADO,-66.92447605000001,8.795899750000011
21,95,M095,ARCH,0.9521798793026178,ALTO,-66.92447605000001,8.795899750000011
21,96,M096,DECK_LONG,0.5545748762059307,MODERADO,-70.44283595,12.314259650000004
21,97,M097,ARCH,0.8982253139768313,ALTO,-70.44283595,12.314259650000004
21,98,M098,DECK_LONG,0.623896735731672,MODERADO,-73.96119585,12.314259650000011
21,99,M099,ARCH,0.8596687424706716,ALTO,-73.96119585,12.314259650000011
21,100,M100,DECK_LONG,0.6084429428743727,MODERADO,-77.47955575,8.795899750000004
21,101,M101,ARCH,0.8346088881082396,ALTO,-77.47955575,8.795899750000004
21,102,M102,DECK_LONG,0.6131814941016651,MODERADO,-80.99791565000001,5.277539849999997
21,103,M103,ARCH,0.9912392138728993,ALTO,-80.99791565000001,5.277539849999997
21,104,M104,DECK_LONG,0.6801643703965582,MODERADO,-84.51627555000002,1.7591799499999894
21,105,M105,ARCH,1.1024135876241903,CRITICO,-84.51627555000002,1.7591799499999894
21,106,M106,DECK_LONG,0.769271226870091,ALTO,-87.97521331250002,1.6997578125000103
21,107,M107,ARCH,1.0587835874470377,CRITICO,-87.97521331250002,1.6997578125000103
21,108,M108,DECK_LONG,0.6360079580231842,MODERADO,-91.37472893750001,5.099273437500003
21,109,M109,ARCH,1.026284452950154,CRITICO,-91.37472893750001,5.099273437500003
21,110,M110,DECK_LONG,0.5774733794488981,MODERADO,-94.7742445625,8.498789062499995
21,111,M111,ARCH,0.9341309957825856,ALTO,-94.7742445625,8.498789062499995
21,112,M112,DECK_LONG,0.5420532324565573,MODERADO,-98.1737601875,11.898304687499987
21,113,M113,ARCH,0.8791953381107657,ALTO,-98.1737601875,11.898304687499987
21,114,M114,DECK_LONG,0.6114510511447672,MODERADO,-101.57327581250001,11.898304687499987
21,115,M115,ARCH,0.8405965183888296,ALTO,-101.57327581250001,11.898304687499987
21,116,M116,DECK_LONG,0.5965634085215888,MODERADO,-104.9727914375,8.498789062499995
21,117,M117,ARCH,0.9632316498568094,ALTO,-104.9727914375,8.498789062499995
21,118,M118,DECK_LONG,0.6017923400282661,MODERADO,-108.3723070625,5.099273437500003
21,119,M119,ARCH,0.974126498689608,ALTO,-108.3723070625,5.099273437500003
21,120,M120,DECK_LONG,0.7844465318007606,ALTO,-111.77182268749999,1.6997578125000103
21,121,M121,ARCH,1.0819166742315949,CRITICO,-111.77182268749999,1.6997578125000103
21,122,M122,SPANDREL,1.1666308500000002,CRITICO,-36.0606976,0.0
21,123,M123,SPANDREL,0.8547751613470087,ALTO,-38.8191824375,2.7584848374999993
21,124,M124,SPANDREL,0.8260429523210033,ALTO,-41.577667274999996,5.516969674999999
21,125,M125,SPANDREL,0.8403528426588421,ALTO,-44.3361521125,8.275454512500005
21,126,M126,SPANDREL,0.7455979432621183,ALTO,-47.094636949999995,11.033939349999997
21,127,M127,SPANDREL,0.8057123438011494,ALTO,-49.8531217875,8.275454512499998
21,128,M128,SPANDREL,0.8888649891480053,ALTO,-52.611606625,5.516969674999999
21,129,M129,SPANDREL,0.8841994354037043,ALTO,-55.3700914625,2.7584848374999993
21,130,M130,SPANDREL,1.1539697400000002,CRITICO,-58.1285763,0.0
21,131,M131,SPANDREL,0.9592650912312098,ALTO,-61.6469362,3.5183599
21,132,M132,SPANDREL,0.7950155274171937,ALTO,-65.1652961,7.036719800000007
21,133,M133,SPANDREL,0.819099425723069,ALTO,-68.683656,10.5550797
21,134,M134,SPANDREL,0.7314896984603682,ALTO,-72.2020159,14.0734396
21,135,M135,SPANDREL,0.7849702829846079,ALTO,-75.7203758,10.555079700000007
21,136,M136,SPANDREL,0.856170567987747,ALTO,-79.2387357,7.0367198
21,137,M137,SPANDREL,0.844153280283465,ALTO,-82.75709560000001,3.518359899999993
21,138,M138,SPANDREL,1.1413086300000002,CRITICO,-86.2754555,0.0
21,139,M139,SPANDREL,0.9540068843238737,ALTO,-89.67497112500001,3.3995156250000065
21,140,M140,SPANDREL,0.788585207524985,ALTO,-93.07448675,6.799031249999999
21,141,M141,SPANDREL,0.8115973385411566,ALTO,-96.474002375,10.198546874999991
21,142,M142,SPANDREL,0.7232321538381141,ALTO,-99.873518,13.598062499999997
21,143,M143,SPANDREL,0.7774114912079098,ALTO,-103.27303362500001,10.198546874999991
21,144,M144,SPANDREL,0.8499486259913331,ALTO,-106.67254925,6.799031249999999
21,145,M145,SPANDREL,0.8383264088295118,ALTO,-110.072064875,3.3995156250000065
21,146,M146,SPANDREL,1.1286475200000001,CRITICO,-113.4715805,0.0
21,147,M147,DECK_CROSS,0.8151617250000002,ALTO,-36.0606976,0.0
21,148,M148,DECK_CROSS,0.5988508504038852,MODERADO,-38.8191824375,2.7584848374999993
21,149,M149,DECK_CROSS,0.5777926211071449,MODERADO,-41.577667274999996,5.516969674999999
21,150,M150,DECK_CROSS,0.5869640084220157,MODERADO,-44.3361521125,8.275454512500005
21,151,M151,DECK_CROSS,0.5221250017998451,MODERADO,-47.094636949999995,11.033939349999997
21,152,M152,DECK_CROSS,0.5633454864735887,MODERADO,-49.8531217875,8.275454512499998
21,153,M153,DECK_CROSS,0.5285800003819308,MODERADO,-52.611606625,5.516969674999999
21,154,M154,DECK_CROSS,0.6189128554425414,MODERADO,-55.3700914625,2.7584848374999993
21,155,M155,DECK_CROSS,0.8065291500000001,ALTO,-58.1285763,0.0
21,156,M156,DECK_CROSS,0.5716832361882968,MODERADO,-61.6469362,3.5183599
21,157,M157,DECK_CROSS,0.5562506349768418,MODERADO,-65.1652961,7.036719800000007
21,158,M158,DECK_CROSS,0.5722664337964203,MODERADO,-68.683656,10.5550797
21,159,M159,DECK_CROSS,0.5124071673523749,MODERADO,-72.2020159,14.0734396
21,160,M160,DECK_CROSS,0.5489965637474695,MODERADO,-75.7203758,10.555079700000007
21,161,M161,DECK_CROSS,0.5979472535476736,MODERADO,-79.2387357,7.0367198
21,162,M162,DECK_CROSS,0.5910623289404426,MODERADO,-82.75709560000001,3.518359899999993
21,163,M163,DECK_CROSS,0.7978965750000002,ALTO,-86.2754555,0.0
21,164,M164,DECK_CROSS,0.5676912223334428,MODERADO,-89.67497112500001,3.3995156250000065
21,165,M165,DECK_CROSS,0.5519146922021644,MODERADO,-93.07448675,6.799031249999999
21,166,M166,DECK_CROSS,0.5671742853015953,MODERADO,-96.474002375,10.198546874999991
21,167,M167,DECK_CROSS,0.5067866715290708,MODERADO,-99.873518,13.598062499999997
21,168,M168,DECK_CROSS,0.543865753028927,MODERADO,-103.27303362500001,10.198546874999991
21,169,M169,DECK_CROSS,0.5937533866110382,MODERADO,-106.67254925,6.799031249999999
21,170,M170,DECK_CROSS,0.5871660498577462,MODERADO,-110.072064875,3.3995156250000065
21,171,M171,DECK_CROSS,0.7892640000000002,ALTO,-113.4715805,0.0
22,1,M001,DECK_LONG,0.7655917836074666,ALTO,-37.439940018749994,1.379242418749996
22,2,M002,ARCH,1.2376182338027206,CRITICO,-37.439940018749994,1.379242418749996
22,3,M003,DECK_LONG,0.6344492163521882,MODERADO,-40.19842485625,4.1377272562500025
22,4,M004,ARCH,1.0283182524782706,CRITICO,-40.19842485625,4.1377272562500025
22,5,M005,DECK_LONG,0.6709715248521387,MODERADO,-42.95690969375,6.896212093750002
22,6,M006,ARCH,0.9234891587563905,ALTO,-42.95690969375,6.896212093750002
22,7,M007,DECK_LONG,0.6267582979106592,MODERADO,-45.71539453125,9.654696931250001
22,8,M008,ARCH,1.0113588812669587,CRITICO,-45.71539453125,9.654696931250001
22,9,M009,DECK_LONG,0.5999822313859949,MODERADO,-48.47387936875,9.654696931250001
22,10,M010,ARCH,0.9705417066866779,ALTO,-48.47387936875,9.654696931250001
22,11,M011,DECK_LONG,0.5885000627686438,MODERADO,-51.23236420625,6.896212093750002
22,12,M012,ARCH,0.9545308111515631,ALTO,-51.23236420625,6.896212093750002
22,13,M013,DECK_LONG,0.7071126308745757,ALTO,-53.99084904375,4.137727256249995
22,14,M014,ARCH,0.9721079299955355,ALTO,-53.99084904375,4.137727256249995
22,15,M015,DECK_LONG,0.7818543541742913,ALTO,-56.749333881249996,1.3792424187500032
22,16,M016,ARCH,1.2624087377155633,FALLA,-56.749333881249996,1.3792424187500032
22,17,M017,DECK_LONG,0.7283876643823456,ALTO,-59.887756249999995,1.7591799499999965
22,18,M018,ARCH,1.1790474520831364,CRITICO,-59.887756249999995,1.7591799499999965
22,19,M019,DECK_LONG,0.7053591043260983,ALTO,-63.40611615,5.277539850000004
22,20,M020,ARCH,0.9728384859317556,ALTO,-63.40611615,5.277539850000004
22,21,M021,DECK_LONG,0.643401547014483,MODERADO,-66.92447605000001,8.795899750000011
22,22,M022,ARCH,0.8834758432960264,ALTO,-66.92447605000001,8.795899750000011
22,23,M023,DECK_LONG,0.6064993578584164,MODERADO,-70.44283595,12.314259650000004
22,24,M024,ARCH,0.9798945245216244,ALTO,-70.44283595,12.314259650000004
22,25,M025,DECK_LONG,0.5800018130976118,MODERADO,-73.96119585,12.314259650000011
22,26,M026,ARCH,0.9395019258008858,ALTO,-73.96119585,12.314259650000011
22,27,M027,DECK_LONG,0.6633519825808236,MODERADO,-77.47955575,8.795899750000004
22,28,M028,ARCH,0.9138880926349601,ALTO,-77.47955575,8.795899750000004
22,29,M029,DECK_LONG,0.6696712925000753,MODERADO,-80.99791565000001,5.277539849999997
22,30,M030,ARCH,1.0800427269801565,CRITICO,-80.99791565000001,5.277539849999997
22,31,M031,DECK_LONG,0.7442221788254402,ALTO,-84.51627555000002,1.7591799499999894
22,32,M032,ARCH,1.2031854314171222,CRITICO,-84.51627555000002,1.7591799499999894
22,33,M033,DECK_LONG,0.7141843140997851,ALTO,-87.97521331250002,1.6997578125000103
22,34,M034,ARCH,1.1576711782073972,CRITICO,-87.97521331250002,1.6997578125000103
22,35,M035,DECK_LONG,0.6937048824852028,MODERADO,-91.37472893750001,5.099273437500003
22,36,M036,ARCH,0.9546220536089834,ALTO,-91.37472893750001,5.099273437500003
22,37,M037,DECK_LONG,0.6309709133026054,MODERADO,-94.7742445625,8.498789062499995
22,38,M038,ARCH,1.0182457435114132,CRITICO,-94.7742445625,8.498789062499995
22,39,M039,DECK_LONG,0.5934094045874718,MODERADO,-98.1737601875,11.898304687499987
22,40,M040,ARCH,0.9600009801036017,ALTO,-98.1737601875,11.898304687499987
22,41,M041,DECK_LONG,0.5668828252433299,MODERADO,-101.57327581250001,11.898304687499987
22,42,M042,ARCH,0.9195641213472877,ALTO,-101.57327581250001,11.898304687499987
22,43,M043,DECK_LONG,0.6509699913787577,MODERADO,-104.9727914375,8.498789062499995
22,44,M044,ARCH,0.8947758255107778,ALTO,-104.9727914375,8.498789062499995
22,45,M045,DECK_LONG,0.6578599493476696,MODERADO,-108.3723070625,5.099273437500003
22,46,M046,ARCH,1.0622982785110069,CRITICO,-108.3723070625,5.099273437500003
22,47,M047,DECK_LONG,0.7300822525985817,ALTO,-111.77182268749999,1.6997578125000103
22,48,M048,ARCH,1.1819058405531235,CRITICO,-111.77182268749999,1.6997578125000103
22,49,M049,SPANDREL,1.27145106,FALLA,-36.0606976,0.0
22,50,M050,SPANDREL,0.9355517994121753,ALTO,-38.8191824375,2.7584848374999993
22,51,M051,SPANDREL,0.9017858336017857,ALTO,-41.577667274999996,5.516969674999999
22,52,M052,SPANDREL,0.7795639601837022,ALTO,-44.3361521125,8.275454512500005
22,53,M053,SPANDREL,0.8154658352944961,ALTO,-47.094636949999995,11.033939349999997
22,54,M054,SPANDREL,0.8790255688967953,ALTO,-49.8531217875,8.275454512499998
22,55,M055,SPANDREL,0.8261702512811391,ALTO,-52.611606625,5.516969674999999
22,56,M056,SPANDREL,0.9663772293763326,ALTO,-55.3700914625,2.7584848374999993
22,57,M057,SPANDREL,1.25818704,FALLA,-58.1285763,0.0
22,58,M058,SPANDREL,0.8932838944798567,ALTO,-61.6469362,3.5183599
22,59,M059,SPANDREL,0.8683148313634597,ALTO,-65.1652961,7.036719800000007
22,60,M060,SPANDREL,0.8925342654777827,ALTO,-68.683656,10.5550797
22,61,M061,SPANDREL,0.8004396406831491,ALTO,-72.2020159,14.0734396
22,62,M062,SPANDREL,0.8567799254660615,ALTO,-75.7203758,10.555079700000007
22,63,M063,SPANDREL,0.7947057247800581,ALTO,-79.2387357,7.0367198
22,64,M064,SPANDREL,0.9230600242958521,ALTO,-82.75709560000001,3.518359899999993
22,65,M065,SPANDREL,1.24492302,CRITICO,-86.2754555,0.0
22,66,M066,SPANDREL,0.8872236821278339,ALTO,-89.67497112500001,3.3995156250000065
22,67,M067,SPANDREL,0.8616990678253146,ALTO,-93.07448675,6.799031249999999
22,68,M068,SPANDREL,0.8847321406844165,ALTO,-96.474002375,10.198546874999991
22,69,M069,SPANDREL,0.7918129696142956,ALTO,-99.873518,13.598062499999997
22,70,M070,SPANDREL,0.8489183958591102,ALTO,-103.27303362500001,10.198546874999991
22,71,M071,SPANDREL,0.7878391477260019,ALTO,-106.67254925,6.799031249999999
22,72,M072,SPANDREL,0.9171469091810491,ALTO,-110.072064875,3.3995156250000065
22,73,M073,SPANDREL,1.231659,CRITICO,-113.4715805,0.0
22,74,M074,DECK_LONG,0.733066642473816,ALTO,-37.439940018749994,1.379242418749996
22,75,M075,ARCH,1.1880372259770338,CRITICO,-37.439940018749994,1.379242418749996
22,76,M076,DECK_LONG,0.7157888594742636,ALTO,-40.19842485625,4.1377272562500025
22,77,M077,ARCH,0.9853338882267673,ALTO,-40.19842485625,4.1377272562500025
22,78,M078,DECK_LONG,0.6444992036895354,MODERADO,-42.95690969375,6.896212093750002
22,79,M079,ARCH,1.0398953552382884,CRITICO,-42.95690969375,6.896212093750002
22,80,M080,DECK_LONG,0.600973937553575,MODERADO,-45.71539453125,9.654696931250001
22,81,M081,ARCH,0.9720534538933548,ALTO,-45.71539453125,9.654696931250001
22,82,M082,DECK_LONG,0.5741978710289107,MODERADO,-48.47387936875,9.654696931250001
22,83,M083,ARCH,0.9312362793130741,ALTO,-48.47387936875,9.654696931250001
22,84,M084,DECK_LONG,0.6648625276607687,MODERADO,-51.23236420625,6.896212093750002
22,85,M085,ARCH,0.9141766630378385,ALTO,-51.23236420625,6.896212093750002
22,86,M086,DECK_LONG,0.6789148879255894,MODERADO,-53.99084904375,4.137727256249995
22,87,M087,ARCH,1.0961012884133332,CRITICO,-53.99084904375,4.137727256249995
22,88,M088,DECK_LONG,0.7493292130406408,ALTO,-56.749333881249996,1.3792424187500032
22,89,M089,ARCH,1.2128277298898764,CRITICO,-56.749333881249996,1.3792424187500032
22,90,M090,DECK_LONG,0.8197406323232751,ALTO,-59.887756249999995,1.7591799499999965
22,91,M091,ARCH,1.1307714934151656,CRITICO,-59.887756249999995,1.7591799499999965
22,92,M092,DECK_LONG,0.6780684246944337,MODERADO,-63.40611615,5.277539850000004
22,93,M093,ARCH,0.9312368401517793,ALTO,-63.40611615,5.277539850000004
22,94,M094,DECK_LONG,0.6174659807782403,MODERADO,-66.92447605000001,8.795899750000011
22,95,M095,ARCH,0.997521778317028,ALTO,-66.92447605000001,8.795899750000011
22,96,M096,DECK_LONG,0.5809832036443082,MODERADO,-70.44283595,12.314259650000004
22,97,M097,ARCH,0.9409979479757278,ALTO,-70.44283595,12.314259650000004
22,98,M098,DECK_LONG,0.6536061040998469,MODERADO,-73.96119585,12.314259650000011
22,99,M099,ARCH,0.9006053492549891,ALTO,-73.96119585,12.314259650000011
22,100,M100,DECK_LONG,0.6374164163445808,MODERADO,-77.47955575,8.795899750000004
22,101,M101,ARCH,0.8743521684943462,ALTO,-77.47955575,8.795899750000004
22,102,M102,DECK_LONG,0.642380612868411,MODERADO,-80.99791565000001,5.277539849999997
22,103,M103,ARCH,1.0384410812001799,CRITICO,-80.99791565000001,5.277539849999997
22,104,M104,DECK_LONG,0.7125531499392512,ALTO,-84.51627555000002,1.7591799499999894
22,105,M105,ARCH,1.1549094727491516,CRITICO,-84.51627555000002,1.7591799499999894
22,106,M106,DECK_LONG,0.8059031900543808,ALTO,-87.97521331250002,1.6997578125000103
22,107,M107,ARCH,1.1092018535159442,CRITICO,-87.97521331250002,1.6997578125000103
22,108,M108,DECK_LONG,0.6662940512623833,MODERADO,-91.37472893750001,5.099273437500003
22,109,M109,ARCH,1.0751551411858753,CRITICO,-91.37472893750001,5.099273437500003
22,110,M110,DECK_LONG,0.6049721118036073,MODERADO,-94.7742445625,8.498789062499995
22,111,M111,ARCH,0.9786134241531848,ALTO,-94.7742445625,8.498789062499995
22,112,M112,DECK_LONG,0.5678652911449648,MODERADO,-98.1737601875,11.898304687499987
22,113,M113,ARCH,0.9210617827827067,ALTO,-98.1737601875,11.898304687499987
22,114,M114,DECK_LONG,0.6405677678659465,MODERADO,-101.57327581250001,11.898304687499987
22,115,M115,ARCH,0.8806249240263928,ALTO,-101.57327581250001,11.898304687499987
22,116,M116,DECK_LONG,0.6249711898797596,MODERADO,-104.9727914375,8.498789062499995
22,117,M117,ARCH,1.0090998236595146,CRITICO,-104.9727914375,8.498789062499995
22,118,M118,DECK_LONG,0.63044911812485,MODERADO,-108.3723070625,5.099273437500003
22,119,M119,ARCH,1.0205134748176843,CRITICO,-108.3723070625,5.099273437500003
22,120,M120,DECK_LONG,0.8218011285531776,ALTO,-111.77182268749999,1.6997578125000103
22,121,M121,ARCH,1.1334365158616706,CRITICO,-111.77182268749999,1.6997578125000103
22,122,M122,SPANDREL,1.2221847,CRITICO,-36.0606976,0.0
22,123,M123,SPANDREL,0.8954787404587707,ALTO,-38.8191824375,2.7584848374999993
22,124,M124,SPANDREL,0.8653783310029558,ALTO,-41.577667274999996,5.516969674999999
22,125,M125,SPANDREL,0.8803696446902155,ALTO,-44.3361521125,8.275454512500005
22,126,M126,SPANDREL,0.7811026072269809,ALTO,-47.094636949999995,11.033939349999997
22,127,M127,SPANDREL,0.8440795982678708,ALTO,-49.8531217875,8.275454512499998
22,128,M128,SPANDREL,0.9311918933931482,ALTO,-52.611606625,5.516969674999999
22,129,M129,SPANDREL,0.926304170422928,ALTO,-55.3700914625,2.7584848374999993
22,130,M130,SPANDREL,1.2089206799999999,CRITICO,-58.1285763,0.0
22,131,M131,SPANDREL,1.0049443812898387,CRITICO,-61.6469362,3.5183599
22,132,M132,SPANDREL,0.8328734096751551,ALTO,-65.1652961,7.036719800000007
22,133,M133,SPANDREL,0.8581041602813103,ALTO,-68.683656,10.5550797
22,134,M134,SPANDREL,0.7663225412441951,ALTO,-72.2020159,14.0734396
22,135,M135,SPANDREL,0.8223498202695891,ALTO,-75.7203758,10.555079700000007
22,136,M136,SPANDREL,0.8969405950347824,ALTO,-79.2387357,7.0367198
22,137,M137,SPANDREL,0.8843510555350583,ALTO,-82.75709560000001,3.518359899999993
22,138,M138,SPANDREL,1.19565666,CRITICO,-86.2754555,0.0
22,139,M139,SPANDREL,0.9994357835773913,ALTO,-89.67497112500001,3.3995156250000065
22,140,M140,SPANDREL,0.8261368840737937,ALTO,-93.07448675,6.799031249999999
22,141,M141,SPANDREL,0.8502448308526401,ALTO,-96.474002375,10.198546874999991
22,142,M142,SPANDREL,0.7576717802113575,ALTO,-99.873518,13.598062499999997
22,143,M143,SPANDREL,0.8144310860273339,ALTO,-103.27303362500001,10.198546874999991
22,144,M144,SPANDREL,0.8904223700861584,ALTO,-106.67254925,6.799031249999999
22,145,M145,SPANDREL,0.8782467140118693,ALTO,-110.072064875,3.3995156250000065
22,146,M146,SPANDREL,1.18239264,CRITICO,-113.4715805,0.0
22,147,M147,DECK_CROSS,0.85397895,ALTO,-36.0606976,0.0
22,148,M148,DECK_CROSS,0.627367557565975,MODERADO,-38.8191824375,2.7584848374999993
22,149,M149,DECK_CROSS,0.6053065554455802,MODERADO,-41.577667274999996,5.516969674999999
22,150,M150,DECK_CROSS,0.6149146754897307,MODERADO,-44.3361521125,8.275454512500005
22,151,M151,DECK_CROSS,0.5469880971236472,MODERADO,-47.094636949999995,11.033939349999997
22,152,M152,DECK_CROSS,0.5901714620199501,MODERADO,-49.8531217875,8.275454512499998
22,153,M153,DECK_CROSS,0.553750476590594,MODERADO,-52.611606625,5.516969674999999
22,154,M154,DECK_CROSS,0.6483848961779004,MODERADO,-55.3700914625,2.7584848374999993
22,155,M155,DECK_CROSS,0.8449353,ALTO,-58.1285763,0.0
22,156,M156,DECK_CROSS,0.5989062474353584,MODERADO,-61.6469362,3.5183599
22,157,M157,DECK_CROSS,0.5827387604519294,MODERADO,-65.1652961,7.036719800000007
22,158,M158,DECK_CROSS,0.5995172163581545,MODERADO,-68.683656,10.5550797
22,159,M159,DECK_CROSS,0.5368075086548689,MODERADO,-72.2020159,14.0734396
22,160,M160,DECK_CROSS,0.5751392572592536,MODERADO,-75.7203758,10.555079700000007
22,161,M161,DECK_CROSS,0.6264209322880389,MODERADO,-79.2387357,7.0367198
22,162,M162,DECK_CROSS,0.6192081541280826,MODERADO,-82.75709560000001,3.518359899999993
22,163,M163,DECK_CROSS,0.8358916500000001,ALTO,-86.2754555,0.0
22,164,M164,DECK_CROSS,0.5947241376826543,MODERADO,-89.67497112500001,3.3995156250000065
22,165,M165,DECK_CROSS,0.5781963442117911,MODERADO,-93.07448675,6.799031249999999
22,166,M166,DECK_CROSS,0.5941825846016712,MODERADO,-96.474002375,10.198546874999991
22,167,M167,DECK_CROSS,0.5309193701733121,MODERADO,-99.873518,13.598062499999997
22,168,M168,DECK_CROSS,0.5697641222207805,MODERADO,-103.27303362500001,10.198546874999991
22,169,M169,DECK_CROSS,0.6220273574020398,MODERADO,-106.67254925,6.799031249999999
22,170,M170,DECK_CROSS,0.6151263379462102,MODERADO,-110.072064875,3.3995156250000065
22,171,M171,DECK_CROSS,0.826848,ALTO,-113.4715805,0.0
23,1,M001,DECK_LONG,0.8003914101350789,ALTO,-37.439940018749994,1.379242418749996
23,2,M002,ARCH,1.2938736080664806,FALLA,-37.439940018749994,1.379242418749996
23,3,M003,DECK_LONG,0.6632878170954695,MODERADO,-40.19842485625,4.1377272562500025
23,4,M004,ARCH,1.075059991227283,CRITICO,-40.19842485625,4.1377272562500025
23,5,M005,DECK_LONG,0.701470230527236,ALTO,-42.95690969375,6.896212093750002
23,6,M006,ARCH,0.9654659386998627,ALTO,-42.95690969375,6.896212093750002
23,7,M007,DECK_LONG,0.6552473114520527,MODERADO,-45.71539453125,9.654696931250001
23,8,M008,ARCH,1.057329739506366,CRITICO,-45.71539453125,9.654696931250001
23,9,M009,DECK_LONG,0.6272541509944493,MODERADO,-48.47387936875,9.654696931250001
23,10,M010,ARCH,1.0146572388087998,CRITICO,-48.47387936875,9.654696931250001
23,11,M011,DECK_LONG,0.6152500656217639,MODERADO,-51.23236420625,6.896212093750002
23,12,M012,ARCH,0.9979185752948161,ALTO,-51.23236420625,6.896212093750002
23,13,M013,DECK_LONG,0.7392541140961474,ALTO,-53.99084904375,4.137727256249995
23,14,M014,ARCH,1.0162946540862419,CRITICO,-53.99084904375,4.137727256249995
23,15,M015,DECK_LONG,0.817393188454941,ALTO,-56.749333881249996,1.3792424187500032
23,16,M016,ARCH,1.3197909530662708,FALLA,-56.749333881249996,1.3792424187500032
23,17,M017,DECK_LONG,0.7614961945815432,ALTO,-59.887756249999995,1.7591799499999965
23,18,M018,ARCH,1.2326405180869155,CRITICO,-59.887756249999995,1.7591799499999965
23,19,M019,DECK_LONG,0.7374208817954665,ALTO,-63.40611615,5.277539850000004
23,20,M020,ARCH,1.017058417110472,CRITICO,-63.40611615,5.277539850000004
23,21,M021,DECK_LONG,0.6726470718787777,MODERADO,-66.92447605000001,8.795899750000011
23,22,M022,ARCH,0.9236338361731184,ALTO,-66.92447605000001,8.795899750000011
23,23,M023,DECK_LONG,0.6340675104883443,MODERADO,-70.44283595,12.314259650000004
23,24,M024,ARCH,1.024435184727153,CRITICO,-70.44283595,12.314259650000004
23,25,M025,DECK_LONG,0.6063655318747758,MODERADO,-73.96119585,12.314259650000011
23,26,M026,ARCH,0.9822065587918352,ALTO,-73.96119585,12.314259650000011
23,27,M027,DECK_LONG,0.6935043454254065,MODERADO,-77.47955575,8.795899750000004
23,28,M028,ARCH,0.9554284604820037,ALTO,-77.47955575,8.795899750000004
23,29,M029,DECK_LONG,0.7001108967046242,ALTO,-80.99791565000001,5.277539849999997
23,30,M030,ARCH,1.1291355782065273,CRITICO,-80.99791565000001,5.277539849999997
23,31,M031,DECK_LONG,0.7780504596811422,ALTO,-84.51627555000002,1.7591799499999894
23,32,M032,ARCH,1.257875678299719,FALLA,-84.51627555000002,1.7591799499999894
23,33,M033,DECK_LONG,0.7466472374679574,ALTO,-87.97521331250002,1.6997578125000103
23,34,M034,ARCH,1.2102925953986425,CRITICO,-87.97521331250002,1.6997578125000103
23,35,M035,DECK_LONG,0.7252369225981666,ALTO,-91.37472893750001,5.099273437500003
23,36,M036,ARCH,0.9980139651366646,ALTO,-91.37472893750001,5.099273437500003
23,37,M037,DECK_LONG,0.6596514093618147,MODERADO,-94.7742445625,8.498789062499995
23,38,M038,ARCH,1.0645296409437504,CRITICO,-94.7742445625,8.498789062499995
23,39,M039,DECK_LONG,0.6203825593414478,MODERADO,-98.1737601875,11.898304687499987
23,40,M040,ARCH,1.003637388290129,CRITICO,-98.1737601875,11.898304687499987
23,41,M041,DECK_LONG,0.5926502263907539,MODERADO,-101.57327581250001,11.898304687499987
23,42,M042,ARCH,0.9613624904994372,ALTO,-101.57327581250001,11.898304687499987
23,43,M043,DECK_LONG,0.6805595364414285,MODERADO,-104.9727914375,8.498789062499995
23,44,M044,ARCH,0.935447453943086,ALTO,-104.9727914375,8.498789062499995
23,45,M045,DECK_LONG,0.6877626743180183,MODERADO,-108.3723070625,5.099273437500003
23,46,M046,ARCH,1.1105845638978709,CRITICO,-108.3723070625,5.099273437500003
23,47,M047,DECK_LONG,0.763267809534881,ALTO,-111.77182268749999,1.6997578125000103
23,48,M048,ARCH,1.2356288333055383,CRITICO,-111.77182268749999,1.6997578125000103
23,49,M049,SPANDREL,1.3292442900000003,FALLA,-36.0606976,0.0
23,50,M050,SPANDREL,0.9780768812036378,ALTO,-38.8191824375,2.7584848374999993
23,51,M051,SPANDREL,0.9427760987655032,ALTO,-41.577667274999996,5.516969674999999
23,52,M052,SPANDREL,0.8149986856465978,ALTO,-44.3361521125,8.275454512500005
23,53,M053,SPANDREL,0.8525324641715188,ALTO,-47.094636949999995,11.033939349999997
23,54,M054,SPANDREL,0.9189812765739223,ALTO,-49.8531217875,8.275454512499998
23,55,M055,SPANDREL,0.8637234445211909,ALTO,-52.611606625,5.516969674999999
23,56,M056,SPANDREL,1.0103034670752569,CRITICO,-55.3700914625,2.7584848374999993
23,57,M057,SPANDREL,1.3153773600000003,FALLA,-58.1285763,0.0
23,58,M058,SPANDREL,0.9338877078653047,ALTO,-61.6469362,3.5183599
23,59,M059,SPANDREL,0.9077836873345262,ALTO,-65.1652961,7.036719800000007
23,60,M060,SPANDREL,0.933104004817682,ALTO,-68.683656,10.5550797
23,61,M061,SPANDREL,0.8368232607142014,ALTO,-72.2020159,14.0734396
23,62,M062,SPANDREL,0.8957244675327007,ALTO,-75.7203758,10.555079700000007
23,63,M063,SPANDREL,0.8308287122700608,ALTO,-79.2387357,7.0367198
23,64,M064,SPANDREL,0.9650172981274818,ALTO,-82.75709560000001,3.518359899999993
23,65,M065,SPANDREL,1.3015104300000004,FALLA,-86.2754555,0.0
23,66,M066,SPANDREL,0.9275520313154628,ALTO,-89.67497112500001,3.3995156250000065
23,67,M067,SPANDREL,0.9008672072719198,ALTO,-93.07448675,6.799031249999999
23,68,M068,SPANDREL,0.9249472379882536,ALTO,-96.474002375,10.198546874999991
23,69,M069,SPANDREL,0.8278044682331274,ALTO,-99.873518,13.598062499999997
23,70,M070,SPANDREL,0.8875055956708879,ALTO,-103.27303362500001,10.198546874999991
23,71,M071,SPANDREL,0.8236500180771839,ALTO,-106.67254925,6.799031249999999
23,72,M072,SPANDREL,0.9588354050529151,ALTO,-110.072064875,3.3995156250000065
23,73,M073,SPANDREL,1.2876435000000002,FALLA,-113.4715805,0.0
23,74,M074,DECK_LONG,0.7663878534953532,ALTO,-37.439940018749994,1.379242418749996
23,75,M075,ARCH,1.242038918066899,CRITICO,-37.439940018749994,1.379242418749996
23,76,M076,DECK_LONG,0.7483247167230938,ALTO,-40.19842485625,4.1377272562500025
23,77,M077,ARCH,1.0301217922370747,CRITICO,-40.19842485625,4.1377272562500025
23,78,M078,DECK_LONG,0.6737946220390597,MODERADO,-42.95690969375,6.896212093750002
23,79,M079,ARCH,1.087163325930938,CRITICO,-42.95690969375,6.896212093750002
23,80,M080,DECK_LONG,0.6282909347151012,MODERADO,-45.71539453125,9.654696931250001
23,81,M081,ARCH,1.0162377017975983,CRITICO,-45.71539453125,9.654696931250001
23,82,M082,DECK_LONG,0.6002977742574976,MODERADO,-48.47387936875,9.654696931250001
23,83,M083,ARCH,0.9735652011000322,ALTO,-48.47387936875,9.654696931250001
23,84,M084,DECK_LONG,0.6950835516453491,MODERADO,-51.23236420625,6.896212093750002
23,85,M085,ARCH,0.9557301477213768,ALTO,-51.23236420625,6.896212093750002
23,86,M086,DECK_LONG,0.7097746555585709,ALTO,-53.99084904375,4.137727256249995
23,87,M087,ARCH,1.1459240742503032,CRITICO,-53.99084904375,4.137727256249995
23,88,M088,DECK_LONG,0.7833896318152155,ALTO,-56.749333881249996,1.3792424187500032
23,89,M089,ARCH,1.2679562630666892,FALLA,-56.749333881249996,1.3792424187500032
23,90,M090,DECK_LONG,0.8570015701561513,ALTO,-59.887756249999995,1.7591799499999965
23,91,M091,ARCH,1.1821701976613095,CRITICO,-59.887756249999995,1.7591799499999965
23,92,M092,DECK_LONG,0.708889716725999,ALTO,-63.40611615,5.277539850000004
23,93,M093,ARCH,0.9735657874314058,ALTO,-63.40611615,5.277539850000004
23,94,M094,DECK_LONG,0.6455326162681603,MODERADO,-66.92447605000001,8.795899750000011
23,95,M095,ARCH,1.0428636773314384,CRITICO,-66.92447605000001,8.795899750000011
23,96,M096,DECK_LONG,0.6073915310826858,MODERADO,-70.44283595,12.314259650000004
23,97,M097,ARCH,0.9837705819746245,ALTO,-70.44283595,12.314259650000004
23,98,M098,DECK_LONG,0.6833154724680216,MODERADO,-73.96119585,12.314259650000011
23,99,M099,ARCH,0.9415419560393069,ALTO,-73.96119585,12.314259650000011
23,100,M100,DECK_LONG,0.666389889814789,MODERADO,-77.47955575,8.795899750000004
23,101,M101,ARCH,0.9140954488804528,ALTO,-77.47955575,8.795899750000004
23,102,M102,DECK_LONG,0.6715797316351569,MODERADO,-80.99791565000001,5.277539849999997
23,103,M103,ARCH,1.085642948527461,CRITICO,-80.99791565000001,5.277539849999997
23,104,M104,DECK_LONG,0.7449419294819446,ALTO,-84.51627555000002,1.7591799499999894
23,105,M105,ARCH,1.207405357874113,CRITICO,-84.51627555000002,1.7591799499999894
23,106,M106,DECK_LONG,0.842535153238671,ALTO,-87.97521331250002,1.6997578125000103
23,107,M107,ARCH,1.1596201195848508,CRITICO,-87.97521331250002,1.6997578125000103
23,108,M108,DECK_LONG,0.6965801445015827,MODERADO,-91.37472893750001,5.099273437500003
23,109,M109,ARCH,1.124025829421597,CRITICO,-91.37472893750001,5.099273437500003
23,110,M110,DECK_LONG,0.6324708441583168,MODERADO,-94.7742445625,8.498789062499995
23,111,M111,ARCH,1.023095852523784,CRITICO,-94.7742445625,8.498789062499995
23,112,M112,DECK_LONG,0.5936773498333723,MODERADO,-98.1737601875,11.898304687499987
23,113,M113,ARCH,0.962928227454648,ALTO,-98.1737601875,11.898304687499987
23,114,M114,DECK_LONG,0.6696844845871259,MODERADO,-101.57327581250001,11.898304687499987
23,115,M115,ARCH,0.9206533296639562,ALTO,-101.57327581250001,11.898304687499987
23,116,M116,DECK_LONG,0.6533789712379305,MODERADO,-104.9727914375,8.498789062499995
23,117,M117,ARCH,1.0549679974622197,CRITICO,-104.9727914375,8.498789062499995
23,118,M118,DECK_LONG,0.6591058962214342,MODERADO,-108.3723070625,5.099273437500003
23,119,M119,ARCH,1.066900450945761,CRITICO,-108.3723070625,5.099273437500003
23,120,M120,DECK_LONG,0.8591557253055949,ALTO,-111.77182268749999,1.6997578125000103
23,121,M121,ARCH,1.1849563574917465,CRITICO,-111.77182268749999,1.6997578125000103
23,122,M122,SPANDREL,1.2777385500000003,FALLA,-36.0606976,0.0
23,123,M123,SPANDREL,0.9361823195705331,ALTO,-38.8191824375,2.7584848374999993
23,124,M124,SPANDREL,0.9047137096849084,ALTO,-41.577667274999996,5.516969674999999
23,125,M125,SPANDREL,0.9203864467215889,ALTO,-44.3361521125,8.275454512500005
23,126,M126,SPANDREL,0.8166072711918437,ALTO,-47.094636949999995,11.033939349999997
23,127,M127,SPANDREL,0.8824468527345921,ALTO,-49.8531217875,8.275454512499998
23,128,M128,SPANDREL,0.9735187976382914,ALTO,-52.611606625,5.516969674999999
23,129,M129,SPANDREL,0.9684089054421521,ALTO,-55.3700914625,2.7584848374999993
23,130,M130,SPANDREL,1.26387162,FALLA,-58.1285763,0.0
23,131,M131,SPANDREL,1.0506236713484678,CRITICO,-61.6469362,3.5183599
23,132,M132,SPANDREL,0.8707312919331168,ALTO,-65.1652961,7.036719800000007
23,133,M133,SPANDREL,0.8971088948395517,ALTO,-68.683656,10.5550797
23,134,M134,SPANDREL,0.8011553840280222,ALTO,-72.2020159,14.0734396
23,135,M135,SPANDREL,0.8597293575545705,ALTO,-75.7203758,10.555079700000007
23,136,M136,SPANDREL,0.9377106220818181,ALTO,-79.2387357,7.0367198
23,137,M137,SPANDREL,0.924548830786652,ALTO,-82.75709560000001,3.518359899999993
23,138,M138,SPANDREL,1.2500046900000001,FALLA,-86.2754555,0.0
23,139,M139,SPANDREL,1.0448646828309092,CRITICO,-89.67497112500001,3.3995156250000065
23,140,M140,SPANDREL,0.8636885606226025,ALTO,-93.07448675,6.799031249999999
23,141,M141,SPANDREL,0.8888923231641238,ALTO,-96.474002375,10.198546874999991
23,142,M142,SPANDREL,0.792111406584601,ALTO,-99.873518,13.598062499999997
23,143,M143,SPANDREL,0.8514506808467581,ALTO,-103.27303362500001,10.198546874999991
23,144,M144,SPANDREL,0.9308961141809838,ALTO,-106.67254925,6.799031249999999
23,145,M145,SPANDREL,0.918167019194227,ALTO,-110.072064875,3.3995156250000065
23,146,M146,SPANDREL,1.2361377600000003,CRITICO,-113.4715805,0.0
23,147,M147,DECK_CROSS,0.8927961750000001,ALTO,-36.0606976,0.0
23,148,M148,DECK_CROSS,0.6558842647280647,MODERADO,-38.8191824375,2.7584848374999993
23,149,M149,DECK_CROSS,0.6328204897840158,MODERADO,-41.577667274999996,5.516969674999999
23,150,M150,DECK_CROSS,0.6428653425574455,MODERADO,-44.3361521125,8.275454512500005
23,151,M151,DECK_CROSS,0.5718511924474493,MODERADO,-47.094636949999995,11.033939349999997
23,152,M152,DECK_CROSS,0.6169974375663113,MODERADO,-49.8531217875,8.275454512499998
23,153,M153,DECK_CROSS,0.5789209527992574,MODERADO,-52.611606625,5.516969674999999
23,154,M154,DECK_CROSS,0.6778569369132595,MODERADO,-55.3700914625,2.7584848374999993
23,155,M155,DECK_CROSS,0.88334145,ALTO,-58.1285763,0.0
23,156,M156,DECK_CROSS,0.6261292586824201,MODERADO,-61.6469362,3.5183599
23,157,M157,DECK_CROSS,0.6092268859270171,MODERADO,-65.1652961,7.036719800000007
23,158,M158,DECK_CROSS,0.6267679989198888,MODERADO,-68.683656,10.5550797
23,159,M159,DECK_CROSS,0.5612078499573631,MODERADO,-72.2020159,14.0734396
23,160,M160,DECK_CROSS,0.601281950771038,MODERADO,-75.7203758,10.555079700000007
23,161,M161,DECK_CROSS,0.6548946110284043,MODERADO,-79.2387357,7.0367198
23,162,M162,DECK_CROSS,0.6473539793157228,MODERADO,-82.75709560000001,3.518359899999993
23,163,M163,DECK_CROSS,0.8738867250000001,ALTO,-86.2754555,0.0
23,164,M164,DECK_CROSS,0.6217570530318658,MODERADO,-89.67497112500001,3.3995156250000065
23,165,M165,DECK_CROSS,0.6044779962214181,MODERADO,-93.07448675,6.799031249999999
23,166,M166,DECK_CROSS,0.6211908839017473,MODERADO,-96.474002375,10.198546874999991
23,167,M167,DECK_CROSS,0.5550520688175536,MODERADO,-99.873518,13.598062499999997
23,168,M168,DECK_CROSS,0.5956624914126343,MODERADO,-103.27303362500001,10.198546874999991
23,169,M169,DECK_CROSS,0.6503013281930418,MODERADO,-106.67254925,6.799031249999999
23,170,M170,DECK_CROSS,0.6430866260346743,MODERADO,-110.072064875,3.3995156250000065
23,171,M171,DECK_CROSS,0.8644320000000001,ALTO,-113.4715805,0.0
24,1,M001,DECK_LONG,0.835191036662691,ALTO,-37.439940018749994,1.379242418749996
24,2,M002,ARCH,1.3501289823302407,FALLA,-37.439940018749994,1.379242418749996
24,3,M003,DECK_LONG,0.6921264178387507,MODERADO,-40.19842485625,4.1377272562500025
24,4,M004,ARCH,1.1218017299762952,CRITICO,-40.19842485625,4.1377272562500025
24,5,M005,DECK_LONG,0.7319689362023333,ALTO,-42.95690969375,6.896212093750002
24,6,M006,ARCH,1.007442718643335,CRITICO,-42.95690969375,6.896212093750002
24,7,M007,DECK_LONG,0.6837363249934464,MODERADO,-45.71539453125,9.654696931250001
24,8,M008,ARCH,1.1033005977457733,CRITICO,-45.71539453125,9.654696931250001
24,9,M009,DECK_LONG,0.6545260706029036,MODERADO,-48.47387936875,9.654696931250001
24,10,M010,ARCH,1.0587727709309216,CRITICO,-48.47387936875,9.654696931250001
24,11,M011,DECK_LONG,0.6420000684748841,MODERADO,-51.23236420625,6.896212093750002
24,12,M012,ARCH,1.0413063394380688,CRITICO,-51.23236420625,6.896212093750002
24,13,M013,DECK_LONG,0.7713955973177191,ALTO,-53.99084904375,4.137727256249995
24,14,M014,ARCH,1.0604813781769482,CRITICO,-53.99084904375,4.137727256249995
24,15,M015,DECK_LONG,0.8529320227355907,ALTO,-56.749333881249996,1.3792424187500032
24,16,M016,ARCH,1.3771731684169783,FALLA,-56.749333881249996,1.3792424187500032
24,17,M017,DECK_LONG,0.7946047247807407,ALTO,-59.887756249999995,1.7591799499999965
24,18,M018,ARCH,1.2862335840906944,FALLA,-59.887756249999995,1.7591799499999965
24,19,M019,DECK_LONG,0.7694826592648346,ALTO,-63.40611615,5.277539850000004
24,20,M020,ARCH,1.061278348289188,CRITICO,-63.40611615,5.277539850000004
24,21,M021,DECK_LONG,0.7018925967430725,ALTO,-66.92447605000001,8.795899750000011
24,22,M022,ARCH,0.9637918290502107,ALTO,-66.92447605000001,8.795899750000011
24,23,M023,DECK_LONG,0.6616356631182724,MODERADO,-70.44283595,12.314259650000004
24,24,M024,ARCH,1.0689758449326814,CRITICO,-70.44283595,12.314259650000004
24,25,M025,DECK_LONG,0.6327292506519401,MODERADO,-73.96119585,12.314259650000011
24,26,M026,ARCH,1.0249111917827847,CRITICO,-73.96119585,12.314259650000011
24,27,M027,DECK_LONG,0.7236567082699894,ALTO,-77.47955575,8.795899750000004
24,28,M028,ARCH,0.9969688283290474,ALTO,-77.47955575,8.795899750000004
24,29,M029,DECK_LONG,0.7305505009091732,ALTO,-80.99791565000001,5.277539849999997
24,30,M030,ARCH,1.178228429432898,CRITICO,-80.99791565000001,5.277539849999997
24,31,M031,DECK_LONG,0.811878740536844,ALTO,-84.51627555000002,1.7591799499999894
24,32,M032,ARCH,1.3125659251823152,FALLA,-84.51627555000002,1.7591799499999894
24,33,M033,DECK_LONG,0.7791101608361294,ALTO,-87.97521331250002,1.6997578125000103
24,34,M034,ARCH,1.262914012589888,FALLA,-87.97521331250002,1.6997578125000103
24,35,M035,DECK_LONG,0.7567689627111305,ALTO,-91.37472893750001,5.099273437500003
24,36,M036,ARCH,1.041405876664346,CRITICO,-91.37472893750001,5.099273437500003
24,37,M037,DECK_LONG,0.6883319054210242,MODERADO,-94.7742445625,8.498789062499995
24,38,M038,ARCH,1.1108135383760873,CRITICO,-94.7742445625,8.498789062499995
24,39,M039,DECK_LONG,0.6473557140954239,MODERADO,-98.1737601875,11.898304687499987
24,40,M040,ARCH,1.0472737964766565,CRITICO,-98.1737601875,11.898304687499987
24,41,M041,DECK_LONG,0.6184176275381782,MODERADO,-101.57327581250001,11.898304687499987
24,42,M042,ARCH,1.0031608596515866,CRITICO,-101.57327581250001,11.898304687499987
24,43,M043,DECK_LONG,0.7101490815040994,ALTO,-104.9727914375,8.498789062499995
24,44,M044,ARCH,0.9761190823753942,ALTO,-104.9727914375,8.498789062499995
24,45,M045,DECK_LONG,0.7176653992883669,ALTO,-108.3723070625,5.099273437500003
24,46,M046,ARCH,1.1588708492847353,CRITICO,-108.3723070625,5.099273437500003
24,47,M047,DECK_LONG,0.7964533664711803,ALTO,-111.77182268749999,1.6997578125000103
24,48,M048,ARCH,1.289351826057953,FALLA,-111.77182268749999,1.6997578125000103
24,49,M049,SPANDREL,1.3870375200000002,FALLA,-36.0606976,0.0
24,50,M050,SPANDREL,1.0206019629951004,CRITICO,-38.8191824375,2.7584848374999993
24,51,M051,SPANDREL,0.9837663639292208,ALTO,-41.577667274999996,5.516969674999999
24,52,M052,SPANDREL,0.8504334111094934,ALTO,-44.3361521125,8.275454512500005
24,53,M053,SPANDREL,0.8895990930485415,ALTO,-47.094636949999995,11.033939349999997
24,54,M054,SPANDREL,0.9589369842510495,ALTO,-49.8531217875,8.275454512499998
24,55,M055,SPANDREL,0.9012766377612428,ALTO,-52.611606625,5.516969674999999
24,56,M056,SPANDREL,1.054229704774181,CRITICO,-55.3700914625,2.7584848374999993
24,57,M057,SPANDREL,1.3725676800000002,FALLA,-58.1285763,0.0
24,58,M058,SPANDREL,0.9744915212507529,ALTO,-61.6469362,3.5183599
24,59,M059,SPANDREL,0.9472525433055925,ALTO,-65.1652961,7.036719800000007
24,60,M060,SPANDREL,0.9736737441575813,ALTO,-68.683656,10.5550797
24,61,M061,SPANDREL,0.8732068807452538,ALTO,-72.2020159,14.0734396
24,62,M062,SPANDREL,0.9346690095993401,ALTO,-75.7203758,10.555079700000007
24,63,M063,SPANDREL,0.8669516997600635,ALTO,-79.2387357,7.0367198
24,64,M064,SPANDREL,1.0069745719591117,CRITICO,-82.75709560000001,3.518359899999993
24,65,M065,SPANDREL,1.3580978400000003,FALLA,-86.2754555,0.0
24,66,M066,SPANDREL,0.9678803805030917,ALTO,-89.67497112500001,3.3995156250000065
24,67,M067,SPANDREL,0.9400353467185251,ALTO,-93.07448675,6.799031249999999
24,68,M068,SPANDREL,0.965162335292091,ALTO,-96.474002375,10.198546874999991
24,69,M069,SPANDREL,0.8637959668519589,ALTO,-99.873518,13.598062499999997
24,70,M070,SPANDREL,0.9260927954826658,ALTO,-103.27303362500001,10.198546874999991
24,71,M071,SPANDREL,0.8594608884283659,ALTO,-106.67254925,6.799031249999999
24,72,M072,SPANDREL,1.000523900924781,CRITICO,-110.072064875,3.3995156250000065
24,73,M073,SPANDREL,1.3436280000000003,FALLA,-113.4715805,0.0
24,74,M074,DECK_LONG,0.7997090645168903,ALTO,-37.439940018749994,1.379242418749996
24,75,M075,ARCH,1.296040610156764,FALLA,-37.439940018749994,1.379242418749996
24,76,M076,DECK_LONG,0.7808605739719239,ALTO,-40.19842485625,4.1377272562500025
24,77,M077,ARCH,1.0749096962473825,CRITICO,-40.19842485625,4.1377272562500025
24,78,M078,DECK_LONG,0.703090040388584,ALTO,-42.95690969375,6.896212093750002
24,79,M079,ARCH,1.1344312966235872,CRITICO,-42.95690969375,6.896212093750002
24,80,M080,DECK_LONG,0.6556079318766274,MODERADO,-45.71539453125,9.654696931250001
24,81,M081,ARCH,1.060421949701842,CRITICO,-45.71539453125,9.654696931250001
24,82,M082,DECK_LONG,0.6263976774860845,MODERADO,-48.47387936875,9.654696931250001
24,83,M083,ARCH,1.0158941228869902,CRITICO,-48.47387936875,9.654696931250001
24,84,M084,DECK_LONG,0.7253045756299296,ALTO,-51.23236420625,6.896212093750002
24,85,M085,ARCH,0.9972836324049148,ALTO,-51.23236420625,6.896212093750002
24,86,M086,DECK_LONG,0.7406344231915523,ALTO,-53.99084904375,4.137727256249995
24,87,M087,ARCH,1.195746860087273,CRITICO,-53.99084904375,4.137727256249995
24,88,M088,DECK_LONG,0.8174500505897901,ALTO,-56.749333881249996,1.3792424187500032
24,89,M089,ARCH,1.3230847962435017,FALLA,-56.749333881249996,1.3792424187500032
24,90,M090,DECK_LONG,0.8942625079890275,ALTO,-59.887756249999995,1.7591799499999965
24,91,M091,ARCH,1.2335689019074536,CRITICO,-59.887756249999995,1.7591799499999965
24,92,M092,DECK_LONG,0.7397110087575641,ALTO,-63.40611615,5.277539850000004
24,93,M093,ARCH,1.015894734711032,CRITICO,-63.40611615,5.277539850000004
24,94,M094,DECK_LONG,0.6735992517580803,MODERADO,-66.92447605000001,8.795899750000011
24,95,M095,ARCH,1.088205576345849,CRITICO,-66.92447605000001,8.795899750000011
24,96,M096,DECK_LONG,0.6337998585210636,MODERADO,-70.44283595,12.314259650000004
24,97,M097,ARCH,1.0265432159735213,CRITICO,-70.44283595,12.314259650000004
24,98,M098,DECK_LONG,0.7130248408361965,ALTO,-73.96119585,12.314259650000011
24,99,M099,ARCH,0.9824785628236247,ALTO,-73.96119585,12.314259650000011
24,100,M100,DECK_LONG,0.6953633632849973,MODERADO,-77.47955575,8.795899750000004
24,101,M101,ARCH,0.9538387292665595,ALTO,-77.47955575,8.795899750000004
24,102,M102,DECK_LONG,0.7007788504019029,ALTO,-80.99791565000001,5.277539849999997
24,103,M103,ARCH,1.132844815854742,CRITICO,-80.99791565000001,5.277539849999997
24,104,M104,DECK_LONG,0.7773307090246379,ALTO,-84.51627555000002,1.7591799499999894
24,105,M105,ARCH,1.2599012429990744,FALLA,-84.51627555000002,1.7591799499999894
24,106,M106,DECK_LONG,0.8791671164229611,ALTO,-87.97521331250002,1.6997578125000103
24,107,M107,ARCH,1.2100383856537573,CRITICO,-87.97521331250002,1.6997578125000103
24,108,M108,DECK_LONG,0.726866237740782,ALTO,-91.37472893750001,5.099273437500003
24,109,M109,ARCH,1.172896517657319,CRITICO,-91.37472893750001,5.099273437500003
24,110,M110,DECK_LONG,0.6599695765130263,MODERADO,-94.7742445625,8.498789062499995
24,111,M111,ARCH,1.0675782808943834,CRITICO,-94.7742445625,8.498789062499995
24,112,M112,DECK_LONG,0.6194894085217799,MODERADO,-98.1737601875,11.898304687499987
24,113,M113,ARCH,1.0047946721265892,CRITICO,-98.1737601875,11.898304687499987
24,114,M114,DECK_LONG,0.6988012013083054,MODERADO,-101.57327581250001,11.898304687499987
24,115,M115,ARCH,0.9606817353015196,ALTO,-101.57327581250001,11.898304687499987
24,116,M116,DECK_LONG,0.6817867525961016,MODERADO,-104.9727914375,8.498789062499995
24,117,M117,ARCH,1.100836171264925,CRITICO,-104.9727914375,8.498789062499995
24,118,M118,DECK_LONG,0.6877626743180184,MODERADO,-108.3723070625,5.099273437500003
24,119,M119,ARCH,1.1132874270738378,CRITICO,-108.3723070625,5.099273437500003
24,120,M120,DECK_LONG,0.8965103220580121,ALTO,-111.77182268749999,1.6997578125000103
24,121,M121,ARCH,1.2364761991218225,CRITICO,-111.77182268749999,1.6997578125000103
24,122,M122,SPANDREL,1.3332924000000002,FALLA,-36.0606976,0.0
24,123,M123,SPANDREL,0.9768858986822955,ALTO,-38.8191824375,2.7584848374999993
24,124,M124,SPANDREL,0.944049088366861,ALTO,-41.577667274999996,5.516969674999999
24,125,M125,SPANDREL,0.9604032487529625,ALTO,-44.3361521125,8.275454512500005
24,126,M126,SPANDREL,0.8521119351567066,ALTO,-47.094636949999995,11.033939349999997
24,127,M127,SPANDREL,0.9208141072013137,ALTO,-49.8531217875,8.275454512499998
24,128,M128,SPANDREL,1.0158457018834346,CRITICO,-52.611606625,5.516969674999999
24,129,M129,SPANDREL,1.0105136404613762,CRITICO,-55.3700914625,2.7584848374999993
24,130,M130,SPANDREL,1.31882256,FALLA,-58.1285763,0.0
24,131,M131,SPANDREL,1.096302961407097,CRITICO,-61.6469362,3.5183599
24,132,M132,SPANDREL,0.9085891741910784,ALTO,-65.1652961,7.036719800000007
24,133,M133,SPANDREL,0.9361136293977933,ALTO,-68.683656,10.5550797
24,134,M134,SPANDREL,0.8359882268118494,ALTO,-72.2020159,14.0734396
24,135,M135,SPANDREL,0.897108894839552,ALTO,-75.7203758,10.555079700000007
24,136,M136,SPANDREL,0.9784806491288537,ALTO,-79.2387357,7.0367198
24,137,M137,SPANDREL,0.9647466060382457,ALTO,-82.75709560000001,3.518359899999993
24,138,M138,SPANDREL,1.3043527200000002,FALLA,-86.2754555,0.0
24,139,M139,SPANDREL,1.090293582084427,CRITICO,-89.67497112500001,3.3995156250000065
24,140,M140,SPANDREL,0.9012402371714113,ALTO,-93.07448675,6.799031249999999
24,141,M141,SPANDREL,0.9275398154756075,ALTO,-96.474002375,10.198546874999991
24,142,M142,SPANDREL,0.8265510329578445,ALTO,-99.873518,13.598062499999997
24,143,M143,SPANDREL,0.8884702756661825,ALTO,-103.27303362500001,10.198546874999991
24,144,M144,SPANDREL,0.9713698582758094,ALTO,-106.67254925,6.799031249999999
24,145,M145,SPANDREL,0.9580873243765848,ALTO,-110.072064875,3.3995156250000065
24,146,M146,SPANDREL,1.2898828800000002,FALLA,-113.4715805,0.0
24,147,M147,DECK_CROSS,0.9316134000000001,ALTO,-36.0606976,0.0
24,148,M148,DECK_CROSS,0.6844009718901545,MODERADO,-38.8191824375,2.7584848374999993
24,149,M149,DECK_CROSS,0.6603344241224512,MODERADO,-41.577667274999996,5.516969674999999
24,150,M150,DECK_CROSS,0.6708160096251607,MODERADO,-44.3361521125,8.275454512500005
24,151,M151,DECK_CROSS,0.5967142877712517,MODERADO,-47.094636949999995,11.033939349999997
24,152,M152,DECK_CROSS,0.6438234131126728,MODERADO,-49.8531217875,8.275454512499998
24,153,M153,DECK_CROSS,0.6040914290079208,MODERADO,-52.611606625,5.516969674999999
24,154,M154,DECK_CROSS,0.7073289776486186,ALTO,-55.3700914625,2.7584848374999993
24,155,M155,DECK_CROSS,0.9217476000000001,ALTO,-58.1285763,0.0
24,156,M156,DECK_CROSS,0.653352269929482,MODERADO,-61.6469362,3.5183599
24,157,M157,DECK_CROSS,0.6357150114021048,MODERADO,-65.1652961,7.036719800000007
24,158,M158,DECK_CROSS,0.6540187814816233,MODERADO,-68.683656,10.5550797
24,159,M159,DECK_CROSS,0.5856081912598571,MODERADO,-72.2020159,14.0734396
24,160,M160,DECK_CROSS,0.6274246442828224,MODERADO,-75.7203758,10.555079700000007
24,161,M161,DECK_CROSS,0.6833682897687697,MODERADO,-79.2387357,7.0367198
24,162,M162,DECK_CROSS,0.675499804503363,MODERADO,-82.75709560000001,3.518359899999993
24,163,M163,DECK_CROSS,0.9118818000000002,ALTO,-86.2754555,0.0
24,164,M164,DECK_CROSS,0.6487899683810775,MODERADO,-89.67497112500001,3.3995156250000065
24,165,M165,DECK_CROSS,0.6307596482310449,MODERADO,-93.07448675,6.799031249999999
24,166,M166,DECK_CROSS,0.6481991832018232,MODERADO,-96.474002375,10.198546874999991
24,167,M167,DECK_CROSS,0.5791847674617951,MODERADO,-99.873518,13.598062499999997
24,168,M168,DECK_CROSS,0.621560860604488,MODERADO,-103.27303362500001,10.198546874999991
24,169,M169,DECK_CROSS,0.6785752989840436,MODERADO,-106.67254925,6.799031249999999
24,170,M170,DECK_CROSS,0.6710469141231384,MODERADO,-110.072064875,3.3995156250000065
24,171,M171,DECK_CROSS,0.902016,ALTO,-113.4715805,0.0
25,1,M001,DECK_LONG,0.8699906631903032,ALTO,-37.439940018749994,1.379242418749996
25,2,M002,ARCH,1.4063843565940009,FALLA,-37.439940018749994,1.379242418749996
25,3,M003,DECK_LONG,0.720965018582032,ALTO,-40.19842485625,4.1377272562500025
25,4,M004,ARCH,1.1685434687253076,CRITICO,-40.19842485625,4.1377272562500025
25,5,M005,DECK_LONG,0.7624676418774304,ALTO,-42.95690969375,6.896212093750002
25,6,M006,ARCH,1.0494194985868075,CRITICO,-42.95690969375,6.896212093750002
25,7,M007,DECK_LONG,0.71222533853484,ALTO,-45.71539453125,9.654696931250001
25,8,M008,ARCH,1.1492714559851804,CRITICO,-45.71539453125,9.654696931250001
25,9,M009,DECK_LONG,0.6817979902113579,MODERADO,-48.47387936875,9.654696931250001
25,10,M010,ARCH,1.1028883030530432,CRITICO,-48.47387936875,9.654696931250001
25,11,M011,DECK_LONG,0.6687500713280043,MODERADO,-51.23236420625,6.896212093750002
25,12,M012,ARCH,1.0846941035813218,CRITICO,-51.23236420625,6.896212093750002
25,13,M013,DECK_LONG,0.8035370805392905,ALTO,-53.99084904375,4.137727256249995
25,14,M014,ARCH,1.104668102267654,CRITICO,-53.99084904375,4.137727256249995
25,15,M015,DECK_LONG,0.8884708570162402,ALTO,-56.749333881249996,1.3792424187500032
25,16,M016,ARCH,1.4345553837676857,FALLA,-56.749333881249996,1.3792424187500032
25,17,M017,DECK_LONG,0.8277132549799382,ALTO,-59.887756249999995,1.7591799499999965
25,18,M018,ARCH,1.3398266500944733,FALLA,-59.887756249999995,1.7591799499999965
25,19,M019,DECK_LONG,0.8015444367342026,ALTO,-63.40611615,5.277539850000004
25,20,M020,ARCH,1.1054982794679042,CRITICO,-63.40611615,5.277539850000004
25,21,M021,DECK_LONG,0.7311381216073671,ALTO,-66.92447605000001,8.795899750000011
25,22,M022,ARCH,1.0039498219273026,CRITICO,-66.92447605000001,8.795899750000011
25,23,M023,DECK_LONG,0.6892038157482004,MODERADO,-70.44283595,12.314259650000004
25,24,M024,ARCH,1.1135165051382099,CRITICO,-70.44283595,12.314259650000004
25,25,M025,DECK_LONG,0.6590929694291043,MODERADO,-73.96119585,12.314259650000011
25,26,M026,ARCH,1.0676158247737342,CRITICO,-73.96119585,12.314259650000011
25,27,M027,DECK_LONG,0.7538090711145724,ALTO,-77.47955575,8.795899750000004
25,28,M028,ARCH,1.038509196176091,CRITICO,-77.47955575,8.795899750000004
25,29,M029,DECK_LONG,0.760990105113722,ALTO,-80.99791565000001,5.277539849999997
25,30,M030,ARCH,1.2273212806592688,CRITICO,-80.99791565000001,5.277539849999997
25,31,M031,DECK_LONG,0.8457070213925458,ALTO,-84.51627555000002,1.7591799499999894
25,32,M032,ARCH,1.3672561720649117,FALLA,-84.51627555000002,1.7591799499999894
25,33,M033,DECK_LONG,0.8115730842043014,ALTO,-87.97521331250002,1.6997578125000103
25,34,M034,ARCH,1.3155354297811332,FALLA,-87.97521331250002,1.6997578125000103
25,35,M035,DECK_LONG,0.7883010028240941,ALTO,-91.37472893750001,5.099273437500003
25,36,M036,ARCH,1.0847977881920268,CRITICO,-91.37472893750001,5.099273437500003
25,37,M037,DECK_LONG,0.7170124014802334,ALTO,-94.7742445625,8.498789062499995
25,38,M038,ARCH,1.1570974358084245,CRITICO,-94.7742445625,8.498789062499995
25,39,M039,DECK_LONG,0.6743288688493998,MODERADO,-98.1737601875,11.898304687499987
25,40,M040,ARCH,1.0909102046631838,CRITICO,-98.1737601875,11.898304687499987
25,41,M041,DECK_LONG,0.6441850286856021,MODERADO,-101.57327581250001,11.898304687499987
25,42,M042,ARCH,1.0449592288037362,CRITICO,-101.57327581250001,11.898304687499987
25,43,M043,DECK_LONG,0.7397386265667701,ALTO,-104.9727914375,8.498789062499995
25,44,M044,ARCH,1.0167907108077023,CRITICO,-104.9727914375,8.498789062499995
25,45,M045,DECK_LONG,0.7475681242587154,ALTO,-108.3723070625,5.099273437500003
25,46,M046,ARCH,1.207157134671599,CRITICO,-108.3723070625,5.099273437500003
25,47,M047,DECK_LONG,0.8296389234074794,ALTO,-111.77182268749999,1.6997578125000103
25,48,M048,ARCH,1.3430748188103678,FALLA,-111.77182268749999,1.6997578125000103
25,49,M049,SPANDREL,1.4448307500000004,FALLA,-36.0606976,0.0
25,50,M050,SPANDREL,1.0631270447865628,CRITICO,-38.8191824375,2.7584848374999993
25,51,M051,SPANDREL,1.0247566290929382,CRITICO,-41.577667274999996,5.516969674999999
25,52,M052,SPANDREL,0.8858681365723889,ALTO,-44.3361521125,8.275454512500005
25,53,M053,SPANDREL,0.926665721925564,ALTO,-47.094636949999995,11.033939349999997
25,54,M054,SPANDREL,0.9988926919281765,ALTO,-49.8531217875,8.275454512499998
25,55,M055,SPANDREL,0.9388298310012944,ALTO,-52.611606625,5.516969674999999
25,56,M056,SPANDREL,1.0981559424731053,CRITICO,-55.3700914625,2.7584848374999993
25,57,M057,SPANDREL,1.429758,FALLA,-58.1285763,0.0
25,58,M058,SPANDREL,1.0150953346362006,CRITICO,-61.6469362,3.5183599
25,59,M059,SPANDREL,0.9867213992766589,ALTO,-65.1652961,7.036719800000007
25,60,M060,SPANDREL,1.0142434834974805,CRITICO,-68.683656,10.5550797
25,61,M061,SPANDREL,0.9095905007763058,ALTO,-72.2020159,14.0734396
25,62,M062,SPANDREL,0.9736135516659791,ALTO,-75.7203758,10.555079700000007
25,63,M063,SPANDREL,0.9030746872500661,ALTO,-79.2387357,7.0367198
25,64,M064,SPANDREL,1.048931845790741,CRITICO,-82.75709560000001,3.518359899999993
25,65,M065,SPANDREL,1.4146852500000004,FALLA,-86.2754555,0.0
25,66,M066,SPANDREL,1.0082087296907205,CRITICO,-89.67497112500001,3.3995156250000065
25,67,M067,SPANDREL,0.9792034861651303,ALTO,-93.07448675,6.799031249999999
25,68,M068,SPANDREL,1.005377432595928,CRITICO,-96.474002375,10.198546874999991
25,69,M069,SPANDREL,0.8997874654707905,ALTO,-99.873518,13.598062499999997
25,70,M070,SPANDREL,0.9646799952944435,ALTO,-103.27303362500001,10.198546874999991
25,71,M071,SPANDREL,0.8952717587795478,ALTO,-106.67254925,6.799031249999999
25,72,M072,SPANDREL,1.0422123967966468,CRITICO,-110.072064875,3.3995156250000065
25,73,M073,SPANDREL,1.3996125000000001,FALLA,-113.4715805,0.0
25,74,M074,DECK_LONG,0.8330302755384275,ALTO,-37.439940018749994,1.379242418749996
25,75,M075,ARCH,1.3500423022466295,FALLA,-37.439940018749994,1.379242418749996
25,76,M076,DECK_LONG,0.8133964312207541,ALTO,-40.19842485625,4.1377272562500025
25,77,M077,ARCH,1.1196976002576902,CRITICO,-40.19842485625,4.1377272562500025
25,78,M078,DECK_LONG,0.7323854587381085,ALTO,-42.95690969375,6.896212093750002
25,79,M079,ARCH,1.181699267316237,CRITICO,-42.95690969375,6.896212093750002
25,80,M080,DECK_LONG,0.6829249290381535,MODERADO,-45.71539453125,9.654696931250001
25,81,M081,ARCH,1.104606197606085,CRITICO,-45.71539453125,9.654696931250001
25,82,M082,DECK_LONG,0.6524975807146715,MODERADO,-48.47387936875,9.654696931250001
25,83,M083,ARCH,1.0582230446739478,CRITICO,-48.47387936875,9.654696931250001
25,84,M084,DECK_LONG,0.7555255996145099,ALTO,-51.23236420625,6.896212093750002
25,85,M085,ARCH,1.038837117088453,CRITICO,-51.23236420625,6.896212093750002
25,86,M086,DECK_LONG,0.7714941908245335,ALTO,-53.99084904375,4.137727256249995
25,87,M087,ARCH,1.2455696459242425,CRITICO,-53.99084904375,4.137727256249995
25,88,M088,DECK_LONG,0.8515104693643646,ALTO,-56.749333881249996,1.3792424187500032
25,89,M089,ARCH,1.378213329420314,FALLA,-56.749333881249996,1.3792424187500032
25,90,M090,DECK_LONG,0.9315234458219036,ALTO,-59.887756249999995,1.7591799499999965
25,91,M091,ARCH,1.2849676061535973,FALLA,-59.887756249999995,1.7591799499999965
25,92,M092,DECK_LONG,0.7705323007891293,ALTO,-63.40611615,5.277539850000004
25,93,M093,ARCH,1.0582236819906583,CRITICO,-63.40611615,5.277539850000004
25,94,M094,DECK_LONG,0.7016658872480005,ALTO,-66.92447605000001,8.795899750000011
25,95,M095,ARCH,1.1335474753602592,CRITICO,-66.92447605000001,8.795899750000011
25,96,M096,DECK_LONG,0.6602081859594412,MODERADO,-70.44283595,12.314259650000004
25,97,M097,ARCH,1.0693158499724182,CRITICO,-70.44283595,12.314259650000004
25,98,M098,DECK_LONG,0.7427342092043714,ALTO,-73.96119585,12.314259650000011
25,99,M099,ARCH,1.0234151696079425,CRITICO,-73.96119585,12.314259650000011
25,100,M100,DECK_LONG,0.7243368367552055,ALTO,-77.47955575,8.795899750000004
25,101,M101,ARCH,0.9935820096526662,ALTO,-77.47955575,8.795899750000004
25,102,M102,DECK_LONG,0.7299779691686488,ALTO,-80.99791565000001,5.277539849999997
25,103,M103,ARCH,1.1800466831820227,CRITICO,-80.99791565000001,5.277539849999997
25,104,M104,DECK_LONG,0.8097194885673311,ALTO,-84.51627555000002,1.7591799499999894
25,105,M105,ARCH,1.3123971281240359,FALLA,-84.51627555000002,1.7591799499999894
25,106,M106,DECK_LONG,0.915799079607251,ALTO,-87.97521331250002,1.6997578125000103
25,107,M107,ARCH,1.2604566517226639,FALLA,-87.97521331250002,1.6997578125000103
25,108,M108,DECK_LONG,0.757152330979981,ALTO,-91.37472893750001,5.099273437500003
25,109,M109,ARCH,1.2217672058930402,CRITICO,-91.37472893750001,5.099273437500003
25,110,M110,DECK_LONG,0.6874683088677357,MODERADO,-94.7742445625,8.498789062499995
25,111,M111,ARCH,1.1120607092649828,CRITICO,-94.7742445625,8.498789062499995
25,112,M112,DECK_LONG,0.6453014672101873,MODERADO,-98.1737601875,11.898304687499987
25,113,M113,ARCH,1.0466611167985305,CRITICO,-98.1737601875,11.898304687499987
25,114,M114,DECK_LONG,0.7279179180294847,ALTO,-101.57327581250001,11.898304687499987
25,115,M115,ARCH,1.0007101409390828,CRITICO,-101.57327581250001,11.898304687499987
25,116,M116,DECK_LONG,0.7101945339542723,ALTO,-104.9727914375,8.498789062499995
25,117,M117,ARCH,1.1467043450676304,CRITICO,-104.9727914375,8.498789062499995
25,118,M118,DECK_LONG,0.7164194524146024,ALTO,-108.3723070625,5.099273437500003
25,119,M119,ARCH,1.1596744032019142,CRITICO,-108.3723070625,5.099273437500003
25,120,M120,DECK_LONG,0.9338649188104291,ALTO,-111.77182268749999,1.6997578125000103
25,121,M121,ARCH,1.2879960407518984,FALLA,-111.77182268749999,1.6997578125000103
25,122,M122,SPANDREL,1.3888462500000003,FALLA,-36.0606976,0.0
25,123,M123,SPANDREL,1.0175894777940577,CRITICO,-38.8191824375,2.7584848374999993
25,124,M124,SPANDREL,0.9833844670488134,ALTO,-41.577667274999996,5.516969674999999
25,125,M125,SPANDREL,1.000420050784336,CRITICO,-44.3361521125,8.275454512500005
25,126,M126,SPANDREL,0.8876165991215693,ALTO,-47.094636949999995,11.033939349999997
25,127,M127,SPANDREL,0.959181361668035,ALTO,-49.8531217875,8.275454512499998
25,128,M128,SPANDREL,1.0581726061285777,CRITICO,-52.611606625,5.516969674999999
25,129,M129,SPANDREL,1.0526183754806,CRITICO,-55.3700914625,2.7584848374999993
25,130,M130,SPANDREL,1.3737735,FALLA,-58.1285763,0.0
25,131,M131,SPANDREL,1.1419822514657256,CRITICO,-61.6469362,3.5183599
25,132,M132,SPANDREL,0.94644705644904,ALTO,-65.1652961,7.036719800000007
25,133,M133,SPANDREL,0.9751183639560346,ALTO,-68.683656,10.5550797
25,134,M134,SPANDREL,0.8708210695956763,ALTO,-72.2020159,14.0734396
25,135,M135,SPANDREL,0.9344884321245331,ALTO,-75.7203758,10.555079700000007
25,136,M136,SPANDREL,1.0192506761758893,CRITICO,-79.2387357,7.0367198
25,137,M137,SPANDREL,1.004944381289839,CRITICO,-82.75709560000001,3.518359899999993
25,138,M138,SPANDREL,1.3587007500000001,FALLA,-86.2754555,0.0
25,139,M139,SPANDREL,1.1357224813379447,CRITICO,-89.67497112500001,3.3995156250000065
25,140,M140,SPANDREL,0.9387919137202202,ALTO,-93.07448675,6.799031249999999
25,141,M141,SPANDREL,0.966187307787091,ALTO,-96.474002375,10.198546874999991
25,142,M142,SPANDREL,0.860990659331088,ALTO,-99.873518,13.598062499999997
25,143,M143,SPANDREL,0.9254898704856067,ALTO,-103.27303362500001,10.198546874999991
25,144,M144,SPANDREL,1.0118436023706348,CRITICO,-106.67254925,6.799031249999999
25,145,M145,SPANDREL,0.9980076295589425,ALTO,-110.072064875,3.3995156250000065
25,146,M146,SPANDREL,1.3436280000000003,FALLA,-113.4715805,0.0
25,147,M147,DECK_CROSS,0.970430625,ALTO,-36.0606976,0.0
25,148,M148,DECK_CROSS,0.7129176790522442,ALTO,-38.8191824375,2.7584848374999993
25,149,M149,DECK_CROSS,0.6878483584608867,MODERADO,-41.577667274999996,5.516969674999999
25,150,M150,DECK_CROSS,0.6987666766928757,MODERADO,-44.3361521125,8.275454512500005
25,151,M151,DECK_CROSS,0.6215773830950537,MODERADO,-47.094636949999995,11.033939349999997
25,152,M152,DECK_CROSS,0.6706493886590341,MODERADO,-49.8531217875,8.275454512499998
25,153,M153,DECK_CROSS,0.6292619052165841,MODERADO,-52.611606625,5.516969674999999
25,154,M154,DECK_CROSS,0.7368010183839777,ALTO,-55.3700914625,2.7584848374999993
25,155,M155,DECK_CROSS,0.9601537499999999,ALTO,-58.1285763,0.0
25,156,M156,DECK_CROSS,0.6805752811765436,MODERADO,-61.6469362,3.5183599
25,157,M157,DECK_CROSS,0.6622031368771925,MODERADO,-65.1652961,7.036719800000007
25,158,M158,DECK_CROSS,0.6812695640433575,MODERADO,-68.683656,10.5550797
25,159,M159,DECK_CROSS,0.6100085325623511,MODERADO,-72.2020159,14.0734396
25,160,M160,DECK_CROSS,0.6535673377946066,MODERADO,-75.7203758,10.555079700000007
25,161,M161,DECK_CROSS,0.7118419685091351,ALTO,-79.2387357,7.0367198
25,162,M162,DECK_CROSS,0.703645629691003,ALTO,-82.75709560000001,3.518359899999993
25,163,M163,DECK_CROSS,0.9498768750000001,ALTO,-86.2754555,0.0
25,164,M164,DECK_CROSS,0.6758228837302889,MODERADO,-89.67497112500001,3.3995156250000065
25,165,M165,DECK_CROSS,0.6570413002406718,MODERADO,-93.07448675,6.799031249999999
25,166,M166,DECK_CROSS,0.6752074825018992,MODERADO,-96.474002375,10.198546874999991
25,167,M167,DECK_CROSS,0.6033174661060365,MODERADO,-99.873518,13.598062499999997
25,168,M168,DECK_CROSS,0.6474592297963416,MODERADO,-103.27303362500001,10.198546874999991
25,169,M169,DECK_CROSS,0.7068492697750454,ALTO,-106.67254925,6.799031249999999
25,170,M170,DECK_CROSS,0.6990072022116024,MODERADO,-110.072064875,3.3995156250000065
25,171,M171,DECK_CROSS,0.9395999999999999,ALTO,-113.4715805,0.0
26,1,M001,DECK_LONG,0.9047902897179152,ALTO,-37.439940018749994,1.379242418749996
26,2,M002,ARCH,1.4626397308577608,FALLA,-37.439940018749994,1.379242418749996
26,3,M003,DECK_LONG,0.7498036193253133,ALTO,-40.19842485625,4.1377272562500025
26,4,M004,ARCH,1.2152852074743197,CRITICO,-40.19842485625,4.1377272562500025
26,5,M005,DECK_LONG,0.7929663475525277,ALTO,-42.95690969375,6.896212093750002
26,6,M006,ARCH,1.0913962785302798,CRITICO,-42.95690969375,6.896212093750002
26,7,M007,DECK_LONG,0.7407143520762336,ALTO,-45.71539453125,9.654696931250001
26,8,M008,ARCH,1.1952423142245876,CRITICO,-45.71539453125,9.654696931250001
26,9,M009,DECK_LONG,0.7090699098198122,ALTO,-48.47387936875,9.654696931250001
26,10,M010,ARCH,1.147003835175165,CRITICO,-48.47387936875,9.654696931250001
26,11,M011,DECK_LONG,0.6955000741811245,MODERADO,-51.23236420625,6.896212093750002
26,12,M012,ARCH,1.128081867724575,CRITICO,-51.23236420625,6.896212093750002
26,13,M013,DECK_LONG,0.8356785637608622,ALTO,-53.99084904375,4.137727256249995
26,14,M014,ARCH,1.1488548263583604,CRITICO,-53.99084904375,4.137727256249995
26,15,M015,DECK_LONG,0.9240096912968899,ALTO,-56.749333881249996,1.3792424187500032
26,16,M016,ARCH,1.4919375991183932,FALLA,-56.749333881249996,1.3792424187500032
26,17,M017,DECK_LONG,0.8608217851791358,ALTO,-59.887756249999995,1.7591799499999965
26,18,M018,ARCH,1.3934197160982524,FALLA,-59.887756249999995,1.7591799499999965
26,19,M019,DECK_LONG,0.8336062142035708,ALTO,-63.40611615,5.277539850000004
26,20,M020,ARCH,1.1497182106466206,CRITICO,-63.40611615,5.277539850000004
26,21,M021,DECK_LONG,0.7603836464716618,ALTO,-66.92447605000001,8.795899750000011
26,22,M022,ARCH,1.0441078148043947,CRITICO,-66.92447605000001,8.795899750000011
26,23,M023,DECK_LONG,0.7167719683781285,ALTO,-70.44283595,12.314259650000004
26,24,M024,ARCH,1.1580571653437381,CRITICO,-70.44283595,12.314259650000004
26,25,M025,DECK_LONG,0.6854566882062685,MODERADO,-73.96119585,12.314259650000011
26,26,M026,ARCH,1.1103204577646835,CRITICO,-73.96119585,12.314259650000011
26,27,M027,DECK_LONG,0.7839614339591552,ALTO,-77.47955575,8.795899750000004
26,28,M028,ARCH,1.0800495640231347,CRITICO,-77.47955575,8.795899750000004
26,29,M029,DECK_LONG,0.791429709318271,ALTO,-80.99791565000001,5.277539849999997
26,30,M030,ARCH,1.2764141318856397,FALLA,-80.99791565000001,5.277539849999997
26,31,M031,DECK_LONG,0.8795353022482477,ALTO,-84.51627555000002,1.7591799499999894
26,32,M032,ARCH,1.4219464189475082,FALLA,-84.51627555000002,1.7591799499999894
26,33,M033,DECK_LONG,0.8440360075724735,ALTO,-87.97521331250002,1.6997578125000103
26,34,M034,ARCH,1.3681568469723786,FALLA,-87.97521331250002,1.6997578125000103
26,35,M035,DECK_LONG,0.8198330429370579,ALTO,-91.37472893750001,5.099273437500003
26,36,M036,ARCH,1.128189699719708,CRITICO,-91.37472893750001,5.099273437500003
26,37,M037,DECK_LONG,0.7456928975394429,ALTO,-94.7742445625,8.498789062499995
26,38,M038,ARCH,1.2033813332407615,CRITICO,-94.7742445625,8.498789062499995
26,39,M039,DECK_LONG,0.701302023603376,ALTO,-98.1737601875,11.898304687499987
26,40,M040,ARCH,1.1345466128497113,CRITICO,-98.1737601875,11.898304687499987
26,41,M041,DECK_LONG,0.6699524298330264,MODERADO,-101.57327581250001,11.898304687499987
26,42,M042,ARCH,1.0867575979558857,CRITICO,-101.57327581250001,11.898304687499987
26,43,M043,DECK_LONG,0.7693281716294411,ALTO,-104.9727914375,8.498789062499995
26,44,M044,ARCH,1.0574623392400104,CRITICO,-104.9727914375,8.498789062499995
26,45,M045,DECK_LONG,0.7774708492290642,ALTO,-108.3723070625,5.099273437500003
26,46,M046,ARCH,1.255443420058463,FALLA,-108.3723070625,5.099273437500003
26,47,M047,DECK_LONG,0.8628244803437787,ALTO,-111.77182268749999,1.6997578125000103
26,48,M048,ARCH,1.3967978115627826,FALLA,-111.77182268749999,1.6997578125000103
26,49,M049,SPANDREL,1.5026239800000003,FALLA,-36.0606976,0.0
26,50,M050,SPANDREL,1.1056521265780255,CRITICO,-38.8191824375,2.7584848374999993
26,51,M051,SPANDREL,1.065746894256656,CRITICO,-41.577667274999996,5.516969674999999
26,52,M052,SPANDREL,0.9213028620352844,ALTO,-44.3361521125,8.275454512500005
26,53,M053,SPANDREL,0.9637323508025866,ALTO,-47.094636949999995,11.033939349999997
26,54,M054,SPANDREL,1.0388483996053035,CRITICO,-49.8531217875,8.275454512499998
26,55,M055,SPANDREL,0.9763830242413463,ALTO,-52.611606625,5.516969674999999
26,56,M056,SPANDREL,1.1420821801720296,CRITICO,-55.3700914625,2.7584848374999993
26,57,M057,SPANDREL,1.4869483200000002,FALLA,-58.1285763,0.0
26,58,M058,SPANDREL,1.0556991480216489,CRITICO,-61.6469362,3.5183599
26,59,M059,SPANDREL,1.0261902552477253,CRITICO,-65.1652961,7.036719800000007
26,60,M060,SPANDREL,1.0548132228373799,CRITICO,-68.683656,10.5550797
26,61,M061,SPANDREL,0.9459741208073581,ALTO,-72.2020159,14.0734396
26,62,M062,SPANDREL,1.0125580937326184,CRITICO,-75.7203758,10.555079700000007
26,63,M063,SPANDREL,0.9391976747400689,ALTO,-79.2387357,7.0367198
26,64,M064,SPANDREL,1.090889119622371,CRITICO,-82.75709560000001,3.518359899999993
26,65,M065,SPANDREL,1.4712726600000003,FALLA,-86.2754555,0.0
26,66,M066,SPANDREL,1.0485370788783495,CRITICO,-89.67497112500001,3.3995156250000065
26,67,M067,SPANDREL,1.0183716256117357,CRITICO,-93.07448675,6.799031249999999
26,68,M068,SPANDREL,1.045592529899765,CRITICO,-96.474002375,10.198546874999991
26,69,M069,SPANDREL,0.9357789640896224,ALTO,-99.873518,13.598062499999997
26,70,M070,SPANDREL,1.0032671951062213,CRITICO,-103.27303362500001,10.198546874999991
26,71,M071,SPANDREL,0.9310826291307298,ALTO,-106.67254925,6.799031249999999
26,72,M072,SPANDREL,1.083900892668513,CRITICO,-110.072064875,3.3995156250000065
26,73,M073,SPANDREL,1.4555970000000003,FALLA,-113.4715805,0.0
26,74,M074,DECK_LONG,0.8663514865599645,ALTO,-37.439940018749994,1.379242418749996
26,75,M075,ARCH,1.4040439943364946,FALLA,-37.439940018749994,1.379242418749996
26,76,M076,DECK_LONG,0.8459322884695842,ALTO,-40.19842485625,4.1377272562500025
26,77,M077,ARCH,1.1644855042679976,CRITICO,-40.19842485625,4.1377272562500025
26,78,M078,DECK_LONG,0.7616808770876328,ALTO,-42.95690969375,6.896212093750002
26,79,M079,ARCH,1.2289672380088865,CRITICO,-42.95690969375,6.896212093750002
26,80,M080,DECK_LONG,0.7102419261996796,ALTO,-45.71539453125,9.654696931250001
26,81,M081,ARCH,1.1487904455103286,CRITICO,-45.71539453125,9.654696931250001
26,82,M082,DECK_LONG,0.6785974839432583,MODERADO,-48.47387936875,9.654696931250001
26,83,M083,ARCH,1.1005519664609058,CRITICO,-48.47387936875,9.654696931250001
26,84,M084,DECK_LONG,0.7857466235990904,ALTO,-51.23236420625,6.896212093750002
26,85,M085,ARCH,1.0803906017719913,CRITICO,-51.23236420625,6.896212093750002
26,86,M086,DECK_LONG,0.802353958457515,ALTO,-53.99084904375,4.137727256249995
26,87,M087,ARCH,1.2953924317612124,FALLA,-53.99084904375,4.137727256249995
26,88,M088,DECK_LONG,0.8855708881389394,ALTO,-56.749333881249996,1.3792424187500032
26,89,M089,ARCH,1.433341862597127,FALLA,-56.749333881249996,1.3792424187500032
26,90,M090,DECK_LONG,0.9687843836547797,ALTO,-59.887756249999995,1.7591799499999965
26,91,M091,ARCH,1.3363663103997412,FALLA,-59.887756249999995,1.7591799499999965
26,92,M092,DECK_LONG,0.8013535928206945,ALTO,-63.40611615,5.277539850000004
26,93,M093,ARCH,1.100552629270285,CRITICO,-63.40611615,5.277539850000004
26,94,M094,DECK_LONG,0.7297325227379204,ALTO,-66.92447605000001,8.795899750000011
26,95,M095,ARCH,1.1788893743746696,CRITICO,-66.92447605000001,8.795899750000011
26,96,M096,DECK_LONG,0.6866165133978189,MODERADO,-70.44283595,12.314259650000004
26,97,M097,ARCH,1.1120884839713148,CRITICO,-70.44283595,12.314259650000004
26,98,M098,DECK_LONG,0.7724435775725463,ALTO,-73.96119585,12.314259650000011
26,99,M099,ARCH,1.06435177639226,CRITICO,-73.96119585,12.314259650000011
26,100,M100,DECK_LONG,0.7533103102254137,ALTO,-77.47955575,8.795899750000004
26,101,M101,ARCH,1.0333252900387728,CRITICO,-77.47955575,8.795899750000004
26,102,M102,DECK_LONG,0.7591770879353947,ALTO,-80.99791565000001,5.277539849999997
26,103,M103,ARCH,1.2272485505093038,CRITICO,-80.99791565000001,5.277539849999997
26,104,M104,DECK_LONG,0.8421082681100245,ALTO,-84.51627555000002,1.7591799499999894
26,105,M105,ARCH,1.3648930132489974,FALLA,-84.51627555000002,1.7591799499999894
26,106,M106,DECK_LONG,0.9524310427915412,ALTO,-87.97521331250002,1.6997578125000103
26,107,M107,ARCH,1.3108749177915706,FALLA,-87.97521331250002,1.6997578125000103
26,108,M108,DECK_LONG,0.7874384242191804,ALTO,-91.37472893750001,5.099273437500003
26,109,M109,ARCH,1.270637894128762,FALLA,-91.37472893750001,5.099273437500003
26,110,M110,DECK_LONG,0.7149670412224453,ALTO,-94.7742445625,8.498789062499995
26,111,M111,ARCH,1.1565431376355824,CRITICO,-94.7742445625,8.498789062499995
26,112,M112,DECK_LONG,0.6711135258985949,MODERADO,-98.1737601875,11.898304687499987
26,113,M113,ARCH,1.0885275614704717,CRITICO,-98.1737601875,11.898304687499987
26,114,M114,DECK_LONG,0.7570346347506641,ALTO,-101.57327581250001,11.898304687499987
26,115,M115,ARCH,1.0407385465766463,CRITICO,-101.57327581250001,11.898304687499987
26,116,M116,DECK_LONG,0.7386023153124434,ALTO,-104.9727914375,8.498789062499995
26,117,M117,ARCH,1.1925725188703356,CRITICO,-104.9727914375,8.498789062499995
26,118,M118,DECK_LONG,0.7450762305111865,ALTO,-108.3723070625,5.099273437500003
26,119,M119,ARCH,1.2060613793299908,CRITICO,-108.3723070625,5.099273437500003
26,120,M120,DECK_LONG,0.9712195155628465,ALTO,-111.77182268749999,1.6997578125000103
26,121,M121,ARCH,1.3395158823819746,FALLA,-111.77182268749999,1.6997578125000103
26,122,M122,SPANDREL,1.4444001000000002,FALLA,-36.0606976,0.0
26,123,M123,SPANDREL,1.05829305690582,CRITICO,-38.8191824375,2.7584848374999993
26,124,M124,SPANDREL,1.022719845730766,CRITICO,-41.577667274999996,5.516969674999999
26,125,M125,SPANDREL,1.0404368528157093,CRITICO,-44.3361521125,8.275454512500005
26,126,M126,SPANDREL,0.9231212630864322,ALTO,-47.094636949999995,11.033939349999997
26,127,M127,SPANDREL,0.9975486161347564,ALTO,-49.8531217875,8.275454512499998
26,128,M128,SPANDREL,1.1004995103737207,CRITICO,-52.611606625,5.516969674999999
26,129,M129,SPANDREL,1.094723110499824,CRITICO,-55.3700914625,2.7584848374999993
26,130,M130,SPANDREL,1.42872444,FALLA,-58.1285763,0.0
26,131,M131,SPANDREL,1.187661541524355,CRITICO,-61.6469362,3.5183599
26,132,M132,SPANDREL,0.9843049387070018,ALTO,-65.1652961,7.036719800000007
26,133,M133,SPANDREL,1.014123098514276,CRITICO,-68.683656,10.5550797
26,134,M134,SPANDREL,0.9056539123795034,ALTO,-72.2020159,14.0734396
26,135,M135,SPANDREL,0.9718679694095146,ALTO,-75.7203758,10.555079700000007
26,136,M136,SPANDREL,1.060020703222925,CRITICO,-79.2387357,7.0367198
26,137,M137,SPANDREL,1.0451421565414327,CRITICO,-82.75709560000001,3.518359899999993
26,138,M138,SPANDREL,1.4130487800000002,FALLA,-86.2754555,0.0
26,139,M139,SPANDREL,1.1811513805914626,CRITICO,-89.67497112500001,3.3995156250000065
26,140,M140,SPANDREL,0.9763435902690291,ALTO,-93.07448675,6.799031249999999
26,141,M141,SPANDREL,1.0048348000985747,CRITICO,-96.474002375,10.198546874999991
26,142,M142,SPANDREL,0.8954302857043317,ALTO,-99.873518,13.598062499999997
26,143,M143,SPANDREL,0.9625094653050311,ALTO,-103.27303362500001,10.198546874999991
26,144,M144,SPANDREL,1.0523173464654603,CRITICO,-106.67254925,6.799031249999999
26,145,M145,SPANDREL,1.0379279347413004,CRITICO,-110.072064875,3.3995156250000065
26,146,M146,SPANDREL,1.3973731200000001,FALLA,-113.4715805,0.0
26,147,M147,DECK_CROSS,1.0092478500000002,CRITICO,-36.0606976,0.0
26,148,M148,DECK_CROSS,0.741434386214334,ALTO,-38.8191824375,2.7584848374999993
26,149,M149,DECK_CROSS,0.7153622927993222,ALTO,-41.577667274999996,5.516969674999999
26,150,M150,DECK_CROSS,0.7267173437605907,ALTO,-44.3361521125,8.275454512500005
26,151,M151,DECK_CROSS,0.6464404784188559,MODERADO,-47.094636949999995,11.033939349999997
26,152,M152,DECK_CROSS,0.6974753642053956,MODERADO,-49.8531217875,8.275454512499998
26,153,M153,DECK_CROSS,0.6544323814252474,MODERADO,-52.611606625,5.516969674999999
26,154,M154,DECK_CROSS,0.7662730591193369,ALTO,-55.3700914625,2.7584848374999993
26,155,M155,DECK_CROSS,0.9985599,ALTO,-58.1285763,0.0
26,156,M156,DECK_CROSS,0.7077982924236055,ALTO,-61.6469362,3.5183599
26,157,M157,DECK_CROSS,0.6886912623522803,MODERADO,-65.1652961,7.036719800000007
26,158,M158,DECK_CROSS,0.7085203466050919,ALTO,-68.683656,10.5550797
26,159,M159,DECK_CROSS,0.6344088738648451,MODERADO,-72.2020159,14.0734396
26,160,M160,DECK_CROSS,0.679710031306391,MODERADO,-75.7203758,10.555079700000007
26,161,M161,DECK_CROSS,0.7403156472495006,ALTO,-79.2387357,7.0367198
26,162,M162,DECK_CROSS,0.7317914548786433,ALTO,-82.75709560000001,3.518359899999993
26,163,M163,DECK_CROSS,0.98787195,ALTO,-86.2754555,0.0
26,164,M164,DECK_CROSS,0.7028557990795007,ALTO,-89.67497112500001,3.3995156250000065
26,165,M165,DECK_CROSS,0.6833229522502987,MODERADO,-93.07448675,6.799031249999999
26,166,M166,DECK_CROSS,0.7022157818019752,ALTO,-96.474002375,10.198546874999991
26,167,M167,DECK_CROSS,0.627450164750278,MODERADO,-99.873518,13.598062499999997
26,168,M168,DECK_CROSS,0.6733575989881952,MODERADO,-103.27303362500001,10.198546874999991
26,169,M169,DECK_CROSS,0.7351232405660473,ALTO,-106.67254925,6.799031249999999
26,170,M170,DECK_CROSS,0.7269674903000667,ALTO,-110.072064875,3.3995156250000065
26,171,M171,DECK_CROSS,0.9771839999999999,ALTO,-113.4715805,0.0
27,1,M001,DECK_LONG,0.9395899162455272,ALTO,-37.439940018749994,1.379242418749996
27,2,M002,ARCH,1.5188951051215207,FALLA,-37.439940018749994,1.379242418749996
27,3,M003,DECK_LONG,0.7786422200685946,ALTO,-40.19842485625,4.1377272562500025
27,4,M004,ARCH,1.2620269462233318,FALLA,-40.19842485625,4.1377272562500025
27,5,M005,DECK_LONG,0.8234650532276249,ALTO,-42.95690969375,6.896212093750002
27,6,M006,ARCH,1.1333730584737518,CRITICO,-42.95690969375,6.896212093750002
27,7,M007,DECK_LONG,0.7692033656176271,ALTO,-45.71539453125,9.654696931250001
27,8,M008,ARCH,1.241213172463995,CRITICO,-45.71539453125,9.654696931250001
27,9,M009,DECK_LONG,0.7363418294282665,ALTO,-48.47387936875,9.654696931250001
27,10,M010,ARCH,1.1911193672972866,CRITICO,-48.47387936875,9.654696931250001
27,11,M011,DECK_LONG,0.7222500770342446,ALTO,-51.23236420625,6.896212093750002
27,12,M012,ARCH,1.1714696318678275,CRITICO,-51.23236420625,6.896212093750002
27,13,M013,DECK_LONG,0.8678200469824338,ALTO,-53.99084904375,4.137727256249995
27,14,M014,ARCH,1.1930415504490666,CRITICO,-53.99084904375,4.137727256249995
27,15,M015,DECK_LONG,0.9595485255775394,ALTO,-56.749333881249996,1.3792424187500032
27,16,M016,ARCH,1.5493198144691005,FALLA,-56.749333881249996,1.3792424187500032
27,17,M017,DECK_LONG,0.8939303153783331,ALTO,-59.887756249999995,1.7591799499999965
27,18,M018,ARCH,1.4470127821020309,FALLA,-59.887756249999995,1.7591799499999965
27,19,M019,DECK_LONG,0.8656679916729388,ALTO,-63.40611615,5.277539850000004
27,20,M020,ARCH,1.1939381418253365,CRITICO,-63.40611615,5.277539850000004
27,21,M021,DECK_LONG,0.7896291713359564,ALTO,-66.92447605000001,8.795899750000011
27,22,M022,ARCH,1.0842658076814868,CRITICO,-66.92447605000001,8.795899750000011
27,23,M023,DECK_LONG,0.7443401210080565,ALTO,-70.44283595,12.314259650000004
27,24,M024,ARCH,1.2025978255492664,CRITICO,-70.44283595,12.314259650000004
27,25,M025,DECK_LONG,0.7118204069834326,ALTO,-73.96119585,12.314259650000011
27,26,M026,ARCH,1.1530250907556325,CRITICO,-73.96119585,12.314259650000011
27,27,M027,DECK_LONG,0.8141137968037381,ALTO,-77.47955575,8.795899750000004
27,28,M028,ARCH,1.1215899318701783,CRITICO,-77.47955575,8.795899750000004
27,29,M029,DECK_LONG,0.8218693135228197,ALTO,-80.99791565000001,5.277539849999997
27,30,M030,ARCH,1.32550698311201,FALLA,-80.99791565000001,5.277539849999997
27,31,M031,DECK_LONG,0.9133635831039494,ALTO,-84.51627555000002,1.7591799499999894
27,32,M032,ARCH,1.4766366658301047,FALLA,-84.51627555000002,1.7591799499999894
27,33,M033,DECK_LONG,0.8764989309406456,ALTO,-87.97521331250002,1.6997578125000103
27,34,M034,ARCH,1.420778264163624,FALLA,-87.97521331250002,1.6997578125000103
27,35,M035,DECK_LONG,0.8513650830500217,ALTO,-91.37472893750001,5.099273437500003
27,36,M036,ARCH,1.171581611247389,CRITICO,-91.37472893750001,5.099273437500003
27,37,M037,DECK_LONG,0.7743733935986521,ALTO,-94.7742445625,8.498789062499995
27,38,M038,ARCH,1.249665230673098,CRITICO,-94.7742445625,8.498789062499995
27,39,M039,DECK_LONG,0.7282751783573519,ALTO,-98.1737601875,11.898304687499987
27,40,M040,ARCH,1.1781830210362387,CRITICO,-98.1737601875,11.898304687499987
27,41,M041,DECK_LONG,0.6957198309804503,MODERADO,-101.57327581250001,11.898304687499987
27,42,M042,ARCH,1.1285559671080352,CRITICO,-101.57327581250001,11.898304687499987
27,43,M043,DECK_LONG,0.7989177166921118,ALTO,-104.9727914375,8.498789062499995
27,44,M044,ARCH,1.0981339676723183,CRITICO,-104.9727914375,8.498789062499995
27,45,M045,DECK_LONG,0.8073735741994127,ALTO,-108.3723070625,5.099273437500003
27,46,M046,ARCH,1.3037297054453267,FALLA,-108.3723070625,5.099273437500003
27,47,M047,DECK_LONG,0.8960100372800778,ALTO,-111.77182268749999,1.6997578125000103
27,48,M048,ARCH,1.4505208043151971,FALLA,-111.77182268749999,1.6997578125000103
27,49,M049,SPANDREL,1.56041721,FALLA,-36.0606976,0.0
27,50,M050,SPANDREL,1.1481772083694877,CRITICO,-38.8191824375,2.7584848374999993
27,51,M051,SPANDREL,1.1067371594203732,CRITICO,-41.577667274999996,5.516969674999999
27,52,M052,SPANDREL,0.9567375874981799,ALTO,-44.3361521125,8.275454512500005
27,53,M053,SPANDREL,1.000798979679609,CRITICO,-47.094636949999995,11.033939349999997
27,54,M054,SPANDREL,1.0788041072824306,CRITICO,-49.8531217875,8.275454512499998
27,55,M055,SPANDREL,1.013936217481398,CRITICO,-52.611606625,5.516969674999999
27,56,M056,SPANDREL,1.1860084178709536,CRITICO,-55.3700914625,2.7584848374999993
27,57,M057,SPANDREL,1.54413864,FALLA,-58.1285763,0.0
27,58,M058,SPANDREL,1.096302961407097,CRITICO,-61.6469362,3.5183599
27,59,M059,SPANDREL,1.0656591112187916,CRITICO,-65.1652961,7.036719800000007
27,60,M060,SPANDREL,1.095382962177279,CRITICO,-68.683656,10.5550797
27,61,M061,SPANDREL,0.9823577408384102,ALTO,-72.2020159,14.0734396
27,62,M062,SPANDREL,1.0515026357992574,CRITICO,-75.7203758,10.555079700000007
27,63,M063,SPANDREL,0.9753206622300714,ALTO,-79.2387357,7.0367198
27,64,M064,SPANDREL,1.1328463934540003,CRITICO,-82.75709560000001,3.518359899999993
27,65,M065,SPANDREL,1.52786007,FALLA,-86.2754555,0.0
27,66,M066,SPANDREL,1.088865428065978,CRITICO,-89.67497112500001,3.3995156250000065
27,67,M067,SPANDREL,1.0575397650583405,CRITICO,-93.07448675,6.799031249999999
27,68,M068,SPANDREL,1.0858076272036021,CRITICO,-96.474002375,10.198546874999991
27,69,M069,SPANDREL,0.9717704627084539,ALTO,-99.873518,13.598062499999997
27,70,M070,SPANDREL,1.0418543949179988,CRITICO,-103.27303362500001,10.198546874999991
27,71,M071,SPANDREL,0.9668934994819114,ALTO,-106.67254925,6.799031249999999
27,72,M072,SPANDREL,1.1255893885403785,CRITICO,-110.072064875,3.3995156250000065
27,73,M073,SPANDREL,1.5115815,FALLA,-113.4715805,0.0
27,74,M074,DECK_LONG,0.8996726975815015,ALTO,-37.439940018749994,1.379242418749996
27,75,M075,ARCH,1.4580456864263596,FALLA,-37.439940018749994,1.379242418749996
27,76,M076,DECK_LONG,0.8784681457184144,ALTO,-40.19842485625,4.1377272562500025
27,77,M077,ARCH,1.209273408278305,CRITICO,-40.19842485625,4.1377272562500025
27,78,M078,DECK_LONG,0.790976295437157,ALTO,-42.95690969375,6.896212093750002
27,79,M079,ARCH,1.2762352087015356,FALLA,-42.95690969375,6.896212093750002
27,80,M080,DECK_LONG,0.7375589233612058,ALTO,-45.71539453125,9.654696931250001
27,81,M081,ARCH,1.192974693414572,CRITICO,-45.71539453125,9.654696931250001
27,82,M082,DECK_LONG,0.704697387171845,ALTO,-48.47387936875,9.654696931250001
27,83,M083,ARCH,1.1428808882478638,CRITICO,-48.47387936875,9.654696931250001
27,84,M084,DECK_LONG,0.8159676475836707,ALTO,-51.23236420625,6.896212093750002
27,85,M085,ARCH,1.121944086455529,CRITICO,-51.23236420625,6.896212093750002
27,86,M086,DECK_LONG,0.8332137260904962,ALTO,-53.99084904375,4.137727256249995
27,87,M087,ARCH,1.345215217598182,FALLA,-53.99084904375,4.137727256249995
27,88,M088,DECK_LONG,0.9196313069135138,ALTO,-56.749333881249996,1.3792424187500032
27,89,M089,ARCH,1.4884703957739394,FALLA,-56.749333881249996,1.3792424187500032
27,90,M090,DECK_LONG,1.0060453214876557,CRITICO,-59.887756249999995,1.7591799499999965
27,91,M091,ARCH,1.3877650146458849,FALLA,-59.887756249999995,1.7591799499999965
27,92,M092,DECK_LONG,0.8321748848522595,ALTO,-63.40611615,5.277539850000004
27,93,M093,ARCH,1.142881576549911,CRITICO,-63.40611615,5.277539850000004
27,94,M094,DECK_LONG,0.7577991582278404,ALTO,-66.92447605000001,8.795899750000011
27,95,M095,ARCH,1.2242312733890799,CRITICO,-66.92447605000001,8.795899750000011
27,96,M096,DECK_LONG,0.7130248408361964,ALTO,-70.44283595,12.314259650000004
27,97,M097,ARCH,1.1548611179702115,CRITICO,-70.44283595,12.314259650000004
27,98,M098,DECK_LONG,0.8021529459407211,ALTO,-73.96119585,12.314259650000011
27,99,M099,ARCH,1.1052883831765776,CRITICO,-73.96119585,12.314259650000011
27,100,M100,DECK_LONG,0.7822837836956219,ALTO,-77.47955575,8.795899750000004
27,101,M101,ARCH,1.0730685704248795,CRITICO,-77.47955575,8.795899750000004
27,102,M102,DECK_LONG,0.7883762067021407,ALTO,-80.99791565000001,5.277539849999997
27,103,M103,ARCH,1.2744504178365845,FALLA,-80.99791565000001,5.277539849999997
27,104,M104,DECK_LONG,0.8744970476527175,ALTO,-84.51627555000002,1.7591799499999894
27,105,M105,ARCH,1.4173888983739587,FALLA,-84.51627555000002,1.7591799499999894
27,106,M106,DECK_LONG,0.9890630059758312,ALTO,-87.97521331250002,1.6997578125000103
27,107,M107,ARCH,1.361293183860477,FALLA,-87.97521331250002,1.6997578125000103
27,108,M108,DECK_LONG,0.8177245174583796,ALTO,-91.37472893750001,5.099273437500003
27,109,M109,ARCH,1.3195085823644834,FALLA,-91.37472893750001,5.099273437500003
27,110,M110,DECK_LONG,0.7424657735771546,ALTO,-94.7742445625,8.498789062499995
27,111,M111,ARCH,1.2010255660061813,CRITICO,-94.7742445625,8.498789062499995
27,112,M112,DECK_LONG,0.6969255845870023,MODERADO,-98.1737601875,11.898304687499987
27,113,M113,ARCH,1.130394006142413,CRITICO,-98.1737601875,11.898304687499987
27,114,M114,DECK_LONG,0.7861513514718435,ALTO,-101.57327581250001,11.898304687499987
27,115,M115,ARCH,1.0807669522142096,CRITICO,-101.57327581250001,11.898304687499987
27,116,M116,DECK_LONG,0.7670100966706141,ALTO,-104.9727914375,8.498789062499995
27,117,M117,ARCH,1.2384406926730405,CRITICO,-104.9727914375,8.498789062499995
27,118,M118,DECK_LONG,0.7737330086077706,ALTO,-108.3723070625,5.099273437500003
27,119,M119,ARCH,1.2524483554580672,FALLA,-108.3723070625,5.099273437500003
27,120,M120,DECK_LONG,1.0085741123152636,CRITICO,-111.77182268749999,1.6997578125000103
27,121,M121,ARCH,1.3910357240120503,FALLA,-111.77182268749999,1.6997578125000103
27,122,M122,SPANDREL,1.4999539499999999,FALLA,-36.0606976,0.0
27,123,M123,SPANDREL,1.0989966360175822,CRITICO,-38.8191824375,2.7584848374999993
27,124,M124,SPANDREL,1.0620552244127186,CRITICO,-41.577667274999996,5.516969674999999
27,125,M125,SPANDREL,1.0804536548470827,CRITICO,-44.3361521125,8.275454512500005
27,126,M126,SPANDREL,0.9586259270512949,ALTO,-47.094636949999995,11.033939349999997
27,127,M127,SPANDREL,1.0359158706014777,CRITICO,-49.8531217875,8.275454512499998
27,128,M128,SPANDREL,1.1428264146188638,CRITICO,-52.611606625,5.516969674999999
27,129,M129,SPANDREL,1.136827845519048,CRITICO,-55.3700914625,2.7584848374999993
27,130,M130,SPANDREL,1.4836753799999998,FALLA,-58.1285763,0.0
27,131,M131,SPANDREL,1.233340831582984,CRITICO,-61.6469362,3.5183599
27,132,M132,SPANDREL,1.0221628209649634,CRITICO,-65.1652961,7.036719800000007
27,133,M133,SPANDREL,1.0531278330725173,CRITICO,-68.683656,10.5550797
27,134,M134,SPANDREL,0.9404867551633304,ALTO,-72.2020159,14.0734396
27,135,M135,SPANDREL,1.009247506694496,CRITICO,-75.7203758,10.555079700000007
27,136,M136,SPANDREL,1.1007907302699604,CRITICO,-79.2387357,7.0367198
27,137,M137,SPANDREL,1.0853399317930261,CRITICO,-82.75709560000001,3.518359899999993
27,138,M138,SPANDREL,1.46739681,FALLA,-86.2754555,0.0
27,139,M139,SPANDREL,1.2265802798449803,CRITICO,-89.67497112500001,3.3995156250000065
27,140,M140,SPANDREL,1.0138952668178376,CRITICO,-93.07448675,6.799031249999999
27,141,M141,SPANDREL,1.0434822924100584,CRITICO,-96.474002375,10.198546874999991
27,142,M142,SPANDREL,0.9298699120775752,ALTO,-99.873518,13.598062499999997
27,143,M143,SPANDREL,0.9995290601244552,ALTO,-103.27303362500001,10.198546874999991
27,144,M144,SPANDREL,1.0927910905602853,CRITICO,-106.67254925,6.799031249999999
27,145,M145,SPANDREL,1.0778482399236577,CRITICO,-110.072064875,3.3995156250000065
27,146,M146,SPANDREL,1.45111824,FALLA,-113.4715805,0.0
27,147,M147,DECK_CROSS,1.048065075,CRITICO,-36.0606976,0.0
27,148,M148,DECK_CROSS,0.7699510933764238,ALTO,-38.8191824375,2.7584848374999993
27,149,M149,DECK_CROSS,0.7428762271377576,ALTO,-41.577667274999996,5.516969674999999
27,150,M150,DECK_CROSS,0.7546680108283058,ALTO,-44.3361521125,8.275454512500005
27,151,M151,DECK_CROSS,0.671303573742658,MODERADO,-47.094636949999995,11.033939349999997
27,152,M152,DECK_CROSS,0.7243013397517569,ALTO,-49.8531217875,8.275454512499998
27,153,M153,DECK_CROSS,0.6796028576339108,MODERADO,-52.611606625,5.516969674999999
27,154,M154,DECK_CROSS,0.795745099854696,ALTO,-55.3700914625,2.7584848374999993
27,155,M155,DECK_CROSS,1.03696605,CRITICO,-58.1285763,0.0
27,156,M156,DECK_CROSS,0.7350213036706672,ALTO,-61.6469362,3.5183599
27,157,M157,DECK_CROSS,0.7151793878273679,ALTO,-65.1652961,7.036719800000007
27,158,M158,DECK_CROSS,0.735771129166826,ALTO,-68.683656,10.5550797
27,159,M159,DECK_CROSS,0.6588092151673393,MODERADO,-72.2020159,14.0734396
27,160,M160,DECK_CROSS,0.705852724818175,ALTO,-75.7203758,10.555079700000007
27,161,M161,DECK_CROSS,0.7687893259898658,ALTO,-79.2387357,7.0367198
27,162,M162,DECK_CROSS,0.7599372800662832,ALTO,-82.75709560000001,3.518359899999993
27,163,M163,DECK_CROSS,1.025867025,CRITICO,-86.2754555,0.0
27,164,M164,DECK_CROSS,0.7298887144287121,ALTO,-89.67497112500001,3.3995156250000065
27,165,M165,DECK_CROSS,0.7096046042599256,ALTO,-93.07448675,6.799031249999999
27,166,M166,DECK_CROSS,0.7292240811020511,ALTO,-96.474002375,10.198546874999991
27,167,M167,DECK_CROSS,0.6515828633945195,MODERADO,-99.873518,13.598062499999997
27,168,M168,DECK_CROSS,0.6992559681800489,MODERADO,-103.27303362500001,10.198546874999991
27,169,M169,DECK_CROSS,0.763397211357049,ALTO,-106.67254925,6.799031249999999
27,170,M170,DECK_CROSS,0.7549277783885308,ALTO,-110.072064875,3.3995156250000065
27,171,M171,DECK_CROSS,1.014768,CRITICO,-113.4715805,0.0
28,1,M001,DECK_LONG,0.9743895427731395,ALTO,-37.439940018749994,1.379242418749996
28,2,M002,ARCH,1.5751504793852809,FALLA,-37.439940018749994,1.379242418749996
28,3,M003,DECK_LONG,0.8074808208118759,ALTO,-40.19842485625,4.1377272562500025
28,4,M004,ARCH,1.3087686849723443,FALLA,-40.19842485625,4.1377272562500025
28,5,M005,DECK_LONG,0.853963758902722,ALTO,-42.95690969375,6.896212093750002
28,6,M006,ARCH,1.1753498384172243,CRITICO,-42.95690969375,6.896212093750002
28,7,M007,DECK_LONG,0.7976923791590208,ALTO,-45.71539453125,9.654696931250001
28,8,M008,ARCH,1.2871840307034021,FALLA,-45.71539453125,9.654696931250001
28,9,M009,DECK_LONG,0.7636137490367209,ALTO,-48.47387936875,9.654696931250001
28,10,M010,ARCH,1.2352348994194084,CRITICO,-48.47387936875,9.654696931250001
28,11,M011,DECK_LONG,0.7490000798873648,ALTO,-51.23236420625,6.896212093750002
28,12,M012,ARCH,1.2148573960110804,CRITICO,-51.23236420625,6.896212093750002
28,13,M013,DECK_LONG,0.8999615302040055,ALTO,-53.99084904375,4.137727256249995
28,14,M014,ARCH,1.2372282745397727,CRITICO,-53.99084904375,4.137727256249995
28,15,M015,DECK_LONG,0.9950873598581891,ALTO,-56.749333881249996,1.3792424187500032
28,16,M016,ARCH,1.606702029819808,FALLA,-56.749333881249996,1.3792424187500032
28,17,M017,DECK_LONG,0.9270388455775308,ALTO,-59.887756249999995,1.7591799499999965
28,18,M018,ARCH,1.5006058481058102,FALLA,-59.887756249999995,1.7591799499999965
28,19,M019,DECK_LONG,0.897729769142307,ALTO,-63.40611615,5.277539850000004
28,20,M020,ARCH,1.238158073004053,CRITICO,-63.40611615,5.277539850000004
28,21,M021,DECK_LONG,0.8188746962002511,ALTO,-66.92447605000001,8.795899750000011
28,22,M022,ARCH,1.124423800558579,CRITICO,-66.92447605000001,8.795899750000011
28,23,M023,DECK_LONG,0.7719082736379845,ALTO,-70.44283595,12.314259650000004
28,24,M024,ARCH,1.247138485754795,CRITICO,-70.44283595,12.314259650000004
28,25,M025,DECK_LONG,0.7381841257605968,ALTO,-73.96119585,12.314259650000011
28,26,M026,ARCH,1.195729723746582,CRITICO,-73.96119585,12.314259650000011
28,27,M027,DECK_LONG,0.8442661596483209,ALTO,-77.47955575,8.795899750000004
28,28,M028,ARCH,1.163130299717222,CRITICO,-77.47955575,8.795899750000004
28,29,M029,DECK_LONG,0.8523089177273686,ALTO,-80.99791565000001,5.277539849999997
28,30,M030,ARCH,1.3745998343383812,FALLA,-80.99791565000001,5.277539849999997
28,31,M031,DECK_LONG,0.9471918639596513,ALTO,-84.51627555000002,1.7591799499999894
28,32,M032,ARCH,1.5313269127127012,FALLA,-84.51627555000002,1.7591799499999894
28,33,M033,DECK_LONG,0.9089618543088176,ALTO,-87.97521331250002,1.6997578125000103
28,34,M034,ARCH,1.473399681354869,FALLA,-87.97521331250002,1.6997578125000103
28,35,M035,DECK_LONG,0.8828971231629855,ALTO,-91.37472893750001,5.099273437500003
28,36,M036,ARCH,1.21497352277507,CRITICO,-91.37472893750001,5.099273437500003
28,37,M037,DECK_LONG,0.8030538896578613,ALTO,-94.7742445625,8.498789062499995
28,38,M038,ARCH,1.295949128105435,FALLA,-94.7742445625,8.498789062499995
28,39,M039,DECK_LONG,0.7552483331113279,ALTO,-98.1737601875,11.898304687499987
28,40,M040,ARCH,1.2218194292227658,CRITICO,-98.1737601875,11.898304687499987
28,41,M041,DECK_LONG,0.7214872321278745,ALTO,-101.57327581250001,11.898304687499987
28,42,M042,ARCH,1.1703543362601845,CRITICO,-101.57327581250001,11.898304687499987
28,43,M043,DECK_LONG,0.8285072617547825,ALTO,-104.9727914375,8.498789062499995
28,44,M044,ARCH,1.1388055961046264,CRITICO,-104.9727914375,8.498789062499995
28,45,M045,DECK_LONG,0.8372762991697614,ALTO,-108.3723070625,5.099273437500003
28,46,M046,ARCH,1.3520159908321907,FALLA,-108.3723070625,5.099273437500003
28,47,M047,DECK_LONG,0.929195594216377,ALTO,-111.77182268749999,1.6997578125000103
28,48,M048,ARCH,1.504243797067612,FALLA,-111.77182268749999,1.6997578125000103
28,49,M049,SPANDREL,1.6182104400000004,FALLA,-36.0606976,0.0
28,50,M050,SPANDREL,1.1907022901609503,CRITICO,-38.8191824375,2.7584848374999993
28,51,M051,SPANDREL,1.1477274245840907,CRITICO,-41.577667274999996,5.516969674999999
28,52,M052,SPANDREL,0.9921723129610754,ALTO,-44.3361521125,8.275454512500005
28,53,M053,SPANDREL,1.0378656085566316,CRITICO,-47.094636949999995,11.033939349999997
28,54,M054,SPANDREL,1.1187598149595575,CRITICO,-49.8531217875,8.275454512499998
28,55,M055,SPANDREL,1.0514894107214496,CRITICO,-52.611606625,5.516969674999999
28,56,M056,SPANDREL,1.2299346555698778,CRITICO,-55.3700914625,2.7584848374999993
28,57,M057,SPANDREL,1.6013289600000002,FALLA,-58.1285763,0.0
28,58,M058,SPANDREL,1.1369067747925448,CRITICO,-61.6469362,3.5183599
28,59,M059,SPANDREL,1.1051279671898577,CRITICO,-65.1652961,7.036719800000007
28,60,M060,SPANDREL,1.135952701517178,CRITICO,-68.683656,10.5550797
28,61,M061,SPANDREL,1.0187413608694624,CRITICO,-72.2020159,14.0734396
28,62,M062,SPANDREL,1.0904471778658966,CRITICO,-75.7203758,10.555079700000007
28,63,M063,SPANDREL,1.0114436497200738,CRITICO,-79.2387357,7.0367198
28,64,M064,SPANDREL,1.17480366728563,CRITICO,-82.75709560000001,3.518359899999993
28,65,M065,SPANDREL,1.5844474800000004,FALLA,-86.2754555,0.0
28,66,M066,SPANDREL,1.129193777253607,CRITICO,-89.67497112500001,3.3995156250000065
28,67,M067,SPANDREL,1.096707904504946,CRITICO,-93.07448675,6.799031249999999
28,68,M068,SPANDREL,1.1260227245074392,CRITICO,-96.474002375,10.198546874999991
28,69,M069,SPANDREL,1.0077619613272852,CRITICO,-99.873518,13.598062499999997
28,70,M070,SPANDREL,1.0804415947297767,CRITICO,-103.27303362500001,10.198546874999991
28,71,M071,SPANDREL,1.0027043698330935,CRITICO,-106.67254925,6.799031249999999
28,72,M072,SPANDREL,1.1672778844122444,CRITICO,-110.072064875,3.3995156250000065
28,73,M073,SPANDREL,1.5675660000000002,FALLA,-113.4715805,0.0
28,74,M074,DECK_LONG,0.9329939086030387,ALTO,-37.439940018749994,1.379242418749996
28,75,M075,ARCH,1.512047378516225,FALLA,-37.439940018749994,1.379242418749996
28,76,M076,DECK_LONG,0.9110040029672445,ALTO,-40.19842485625,4.1377272562500025
28,77,M077,ARCH,1.2540613122886128,FALLA,-40.19842485625,4.1377272562500025
28,78,M078,DECK_LONG,0.8202717137866814,ALTO,-42.95690969375,6.896212093750002
28,79,M079,ARCH,1.3235031793941854,FALLA,-42.95690969375,6.896212093750002
28,80,M080,DECK_LONG,0.7648759205227319,ALTO,-45.71539453125,9.654696931250001
28,81,M081,ARCH,1.2371589413188155,CRITICO,-45.71539453125,9.654696931250001
28,82,M082,DECK_LONG,0.730797290400432,ALTO,-48.47387936875,9.654696931250001
28,83,M083,ARCH,1.1852098100348218,CRITICO,-48.47387936875,9.654696931250001
28,84,M084,DECK_LONG,0.8461886715682512,ALTO,-51.23236420625,6.896212093750002
28,85,M085,ARCH,1.1634975711390674,CRITICO,-51.23236420625,6.896212093750002
28,86,M086,DECK_LONG,0.8640734937234776,ALTO,-53.99084904375,4.137727256249995
28,87,M087,ARCH,1.3950380034351517,FALLA,-53.99084904375,4.137727256249995
28,88,M088,DECK_LONG,0.9536917256880885,ALTO,-56.749333881249996,1.3792424187500032
28,89,M089,ARCH,1.543598928950752,FALLA,-56.749333881249996,1.3792424187500032
28,90,M090,DECK_LONG,1.043306259320532,CRITICO,-59.887756249999995,1.7591799499999965
28,91,M091,ARCH,1.439163718892029,FALLA,-59.887756249999995,1.7591799499999965
28,92,M092,DECK_LONG,0.8629961768838248,ALTO,-63.40611615,5.277539850000004
28,93,M093,ARCH,1.1852105238295374,CRITICO,-63.40611615,5.277539850000004
28,94,M094,DECK_LONG,0.7858657937177603,ALTO,-66.92447605000001,8.795899750000011
28,95,M095,ARCH,1.2695731724034902,FALLA,-66.92447605000001,8.795899750000011
28,96,M096,DECK_LONG,0.7394331682745742,ALTO,-70.44283595,12.314259650000004
28,97,M097,ARCH,1.1976337519691083,CRITICO,-70.44283595,12.314259650000004
28,98,M098,DECK_LONG,0.831862314308896,ALTO,-73.96119585,12.314259650000011
28,99,M099,ARCH,1.1462249899608954,CRITICO,-73.96119585,12.314259650000011
28,100,M100,DECK_LONG,0.8112572571658301,ALTO,-77.47955575,8.795899750000004
28,101,M101,ARCH,1.112811850810986,CRITICO,-77.47955575,8.795899750000004
28,102,M102,DECK_LONG,0.8175753254688867,ALTO,-80.99791565000001,5.277539849999997
28,103,M103,ARCH,1.3216522851638657,FALLA,-80.99791565000001,5.277539849999997
28,104,M104,DECK_LONG,0.9068858271954109,ALTO,-84.51627555000002,1.7591799499999894
28,105,M105,ARCH,1.4698847834989202,FALLA,-84.51627555000002,1.7591799499999894
28,106,M106,DECK_LONG,1.0256949691601214,CRITICO,-87.97521331250002,1.6997578125000103
28,107,M107,ARCH,1.4117114499293835,FALLA,-87.97521331250002,1.6997578125000103
28,108,M108,DECK_LONG,0.8480106106975789,ALTO,-91.37472893750001,5.099273437500003
28,109,M109,ARCH,1.3683792706002051,FALLA,-91.37472893750001,5.099273437500003
28,110,M110,DECK_LONG,0.7699645059318639,ALTO,-94.7742445625,8.498789062499995
28,111,M111,ARCH,1.2455079943767806,CRITICO,-94.7742445625,8.498789062499995
28,112,M112,DECK_LONG,0.7227376432754098,ALTO,-98.1737601875,11.898304687499987
28,113,M113,ARCH,1.172260450814354,CRITICO,-98.1737601875,11.898304687499987
28,114,M114,DECK_LONG,0.8152680681930229,ALTO,-101.57327581250001,11.898304687499987
28,115,M115,ARCH,1.1207953578517726,CRITICO,-101.57327581250001,11.898304687499987
28,116,M116,DECK_LONG,0.7954178780287849,ALTO,-104.9727914375,8.498789062499995
28,117,M117,ARCH,1.2843088664757458,FALLA,-104.9727914375,8.498789062499995
28,118,M118,DECK_LONG,0.8023897867043548,ALTO,-108.3723070625,5.099273437500003
28,119,M119,ARCH,1.2988353315861438,FALLA,-108.3723070625,5.099273437500003
28,120,M120,DECK_LONG,1.0459287090676808,CRITICO,-111.77182268749999,1.6997578125000103
28,121,M121,ARCH,1.4425555656421263,FALLA,-111.77182268749999,1.6997578125000103
28,122,M122,SPANDREL,1.5555078000000002,FALLA,-36.0606976,0.0
28,123,M123,SPANDREL,1.1397002151293445,CRITICO,-38.8191824375,2.7584848374999993
28,124,M124,SPANDREL,1.101390603094671,CRITICO,-41.577667274999996,5.516969674999999
28,125,M125,SPANDREL,1.120470456878456,CRITICO,-44.3361521125,8.275454512500005
28,126,M126,SPANDREL,0.9941305910161575,ALTO,-47.094636949999995,11.033939349999997
28,127,M127,SPANDREL,1.074283125068199,CRITICO,-49.8531217875,8.275454512499998
28,128,M128,SPANDREL,1.1851533188640069,CRITICO,-52.611606625,5.516969674999999
28,129,M129,SPANDREL,1.178932580538272,CRITICO,-55.3700914625,2.7584848374999993
28,130,M130,SPANDREL,1.53862632,FALLA,-58.1285763,0.0
28,131,M131,SPANDREL,1.2790201216416128,FALLA,-61.6469362,3.5183599
28,132,M132,SPANDREL,1.0600207032229247,CRITICO,-65.1652961,7.036719800000007
28,133,M133,SPANDREL,1.0921325676307587,CRITICO,-68.683656,10.5550797
28,134,M134,SPANDREL,0.9753195979471574,ALTO,-72.2020159,14.0734396
28,135,M135,SPANDREL,1.0466270439794771,CRITICO,-75.7203758,10.555079700000007
28,136,M136,SPANDREL,1.141560757316996,CRITICO,-79.2387357,7.0367198
28,137,M137,SPANDREL,1.1255377070446195,CRITICO,-82.75709560000001,3.518359899999993
28,138,M138,SPANDREL,1.5217448400000002,FALLA,-86.2754555,0.0
28,139,M139,SPANDREL,1.272009179098498,FALLA,-89.67497112500001,3.3995156250000065
28,140,M140,SPANDREL,1.0514469433666465,CRITICO,-93.07448675,6.799031249999999
28,141,M141,SPANDREL,1.0821297847215419,CRITICO,-96.474002375,10.198546874999991
28,142,M142,SPANDREL,0.9643095384508185,ALTO,-99.873518,13.598062499999997
28,143,M143,SPANDREL,1.0365486549438796,CRITICO,-103.27303362500001,10.198546874999991
28,144,M144,SPANDREL,1.1332648346551109,CRITICO,-106.67254925,6.799031249999999
28,145,M145,SPANDREL,1.1177685451060155,CRITICO,-110.072064875,3.3995156250000065
28,146,M146,SPANDREL,1.5048633600000003,FALLA,-113.4715805,0.0
28,147,M147,DECK_CROSS,1.0868822999999999,CRITICO,-36.0606976,0.0
28,148,M148,DECK_CROSS,0.7984678005385134,ALTO,-38.8191824375,2.7584848374999993
28,149,M149,DECK_CROSS,0.7703901614761929,ALTO,-41.577667274999996,5.516969674999999
28,150,M150,DECK_CROSS,0.7826186778960208,ALTO,-44.3361521125,8.275454512500005
28,151,M151,DECK_CROSS,0.6961666690664601,MODERADO,-47.094636949999995,11.033939349999997
28,152,M152,DECK_CROSS,0.7511273152981183,ALTO,-49.8531217875,8.275454512499998
28,153,M153,DECK_CROSS,0.704773333842574,ALTO,-52.611606625,5.516969674999999
28,154,M154,DECK_CROSS,0.8252171405900549,ALTO,-55.3700914625,2.7584848374999993
28,155,M155,DECK_CROSS,1.0753722,CRITICO,-58.1285763,0.0
28,156,M156,DECK_CROSS,0.7622443149177288,ALTO,-61.6469362,3.5183599
28,157,M157,DECK_CROSS,0.7416675133024556,ALTO,-65.1652961,7.036719800000007
28,158,M158,DECK_CROSS,0.7630219117285604,ALTO,-68.683656,10.5550797
28,159,M159,DECK_CROSS,0.6832095564698333,MODERADO,-72.2020159,14.0734396
28,160,M160,DECK_CROSS,0.7319954183299593,ALTO,-75.7203758,10.555079700000007
28,161,M161,DECK_CROSS,0.7972630047302313,ALTO,-79.2387357,7.0367198
28,162,M162,DECK_CROSS,0.7880831052539233,ALTO,-82.75709560000001,3.518359899999993
28,163,M163,DECK_CROSS,1.0638621,CRITICO,-86.2754555,0.0
28,164,M164,DECK_CROSS,0.7569216297779235,ALTO,-89.67497112500001,3.3995156250000065
28,165,M165,DECK_CROSS,0.7358862562695523,ALTO,-93.07448675,6.799031249999999
28,166,M166,DECK_CROSS,0.756232380402127,ALTO,-96.474002375,10.198546874999991
28,167,M167,DECK_CROSS,0.6757155620387609,MODERADO,-99.873518,13.598062499999997
28,168,M168,DECK_CROSS,0.7251543373719026,ALTO,-103.27303362500001,10.198546874999991
28,169,M169,DECK_CROSS,0.7916711821480508,ALTO,-106.67254925,6.799031249999999
28,170,M170,DECK_CROSS,0.7828880664769947,ALTO,-110.072064875,3.3995156250000065
28,171,M171,DECK_CROSS,1.052352,CRITICO,-113.4715805,0.0
29,1,M001,DECK_LONG,1.0091891693007515,CRITICO,-37.439940018749994,1.379242418749996
29,2,M002,ARCH,1.6314058536490408,FALLA,-37.439940018749994,1.379242418749996
29,3,M003,DECK_LONG,0.8363194215551573,ALTO,-40.19842485625,4.1377272562500025
29,4,M004,ARCH,1.3555104237213567,FALLA,-40.19842485625,4.1377272562500025
29,5,M005,DECK_LONG,0.8844624645778193,ALTO,-42.95690969375,6.896212093750002
29,6,M006,ARCH,1.2173266183606966,CRITICO,-42.95690969375,6.896212093750002
29,7,M007,DECK_LONG,0.8261813927004144,ALTO,-45.71539453125,9.654696931250001
29,8,M008,ARCH,1.3331548889428095,FALLA,-45.71539453125,9.654696931250001
29,9,M009,DECK_LONG,0.7908856686451752,ALTO,-48.47387936875,9.654696931250001
29,10,M010,ARCH,1.2793504315415303,FALLA,-48.47387936875,9.654696931250001
29,11,M011,DECK_LONG,0.775750082740485,ALTO,-51.23236420625,6.896212093750002
29,12,M012,ARCH,1.2582451601543332,FALLA,-51.23236420625,6.896212093750002
29,13,M013,DECK_LONG,0.9321030134255772,ALTO,-53.99084904375,4.137727256249995
29,14,M014,ARCH,1.281414998630479,FALLA,-53.99084904375,4.137727256249995
29,15,M015,DECK_LONG,1.0306261941388386,CRITICO,-56.749333881249996,1.3792424187500032
29,16,M016,ARCH,1.6640842451705153,FALLA,-56.749333881249996,1.3792424187500032
29,17,M017,DECK_LONG,0.9601473757767283,ALTO,-59.887756249999995,1.7591799499999965
29,18,M018,ARCH,1.5541989141095889,FALLA,-59.887756249999995,1.7591799499999965
29,19,M019,DECK_LONG,0.9297915466116751,ALTO,-63.40611615,5.277539850000004
29,20,M020,ARCH,1.282378004182769,FALLA,-63.40611615,5.277539850000004
29,21,M021,DECK_LONG,0.8481202210645458,ALTO,-66.92447605000001,8.795899750000011
29,22,M022,ARCH,1.164581793435671,CRITICO,-66.92447605000001,8.795899750000011
29,23,M023,DECK_LONG,0.7994764262679125,ALTO,-70.44283595,12.314259650000004
29,24,M024,ARCH,1.2916791459603232,FALLA,-70.44283595,12.314259650000004
29,25,M025,DECK_LONG,0.7645478445377609,ALTO,-73.96119585,12.314259650000011
29,26,M026,ARCH,1.2384343567375313,CRITICO,-73.96119585,12.314259650000011
29,27,M027,DECK_LONG,0.8744185224929039,ALTO,-77.47955575,8.795899750000004
29,28,M028,ARCH,1.2046706675642656,CRITICO,-77.47955575,8.795899750000004
29,29,M029,DECK_LONG,0.8827485219319176,ALTO,-80.99791565000001,5.277539849999997
29,30,M030,ARCH,1.4236926855647518,FALLA,-80.99791565000001,5.277539849999997
29,31,M031,DECK_LONG,0.9810201448153532,ALTO,-84.51627555000002,1.7591799499999894
29,32,M032,ARCH,1.5860171595952977,FALLA,-84.51627555000002,1.7591799499999894
29,33,M033,DECK_LONG,0.9414247776769896,ALTO,-87.97521331250002,1.6997578125000103
29,34,M034,ARCH,1.5260210985461145,FALLA,-87.97521331250002,1.6997578125000103
29,35,M035,DECK_LONG,0.9144291632759493,ALTO,-91.37472893750001,5.099273437500003
29,36,M036,ARCH,1.2583654343027513,FALLA,-91.37472893750001,5.099273437500003
29,37,M037,DECK_LONG,0.8317343857170707,ALTO,-94.7742445625,8.498789062499995
29,38,M038,ARCH,1.3422330255377721,FALLA,-94.7742445625,8.498789062499995
29,39,M039,DECK_LONG,0.7822214878653039,ALTO,-98.1737601875,11.898304687499987
29,40,M040,ARCH,1.2654558374092932,FALLA,-98.1737601875,11.898304687499987
29,41,M041,DECK_LONG,0.7472546332752985,ALTO,-101.57327581250001,11.898304687499987
29,42,M042,ARCH,1.2121527054123338,CRITICO,-101.57327581250001,11.898304687499987
29,43,M043,DECK_LONG,0.8580968068174533,ALTO,-104.9727914375,8.498789062499995
29,44,M044,ARCH,1.1794772245369345,CRITICO,-104.9727914375,8.498789062499995
29,45,M045,DECK_LONG,0.86717902414011,ALTO,-108.3723070625,5.099273437500003
29,46,M046,ARCH,1.400302276219055,FALLA,-108.3723070625,5.099273437500003
29,47,M047,DECK_LONG,0.9623811511526761,ALTO,-111.77182268749999,1.6997578125000103
29,48,M048,ARCH,1.5579667898200265,FALLA,-111.77182268749999,1.6997578125000103
29,49,M049,SPANDREL,1.6760036700000003,FALLA,-36.0606976,0.0
29,50,M050,SPANDREL,1.233227371952413,CRITICO,-38.8191824375,2.7584848374999993
29,51,M051,SPANDREL,1.1887176897478084,CRITICO,-41.577667274999996,5.516969674999999
29,52,M052,SPANDREL,1.0276070384239713,CRITICO,-44.3361521125,8.275454512500005
29,53,M053,SPANDREL,1.074932237433654,CRITICO,-47.094636949999995,11.033939349999997
29,54,M054,SPANDREL,1.1587155226366848,CRITICO,-49.8531217875,8.275454512499998
29,55,M055,SPANDREL,1.0890426039615018,CRITICO,-52.611606625,5.516969674999999
29,56,M056,SPANDREL,1.2738608932688023,FALLA,-55.3700914625,2.7584848374999993
29,57,M057,SPANDREL,1.6585192800000002,FALLA,-58.1285763,0.0
29,58,M058,SPANDREL,1.1775105881779928,CRITICO,-61.6469362,3.5183599
29,59,M059,SPANDREL,1.144596823160924,CRITICO,-65.1652961,7.036719800000007
29,60,M060,SPANDREL,1.1765224408570774,CRITICO,-68.683656,10.5550797
29,61,M061,SPANDREL,1.0551249809005148,CRITICO,-72.2020159,14.0734396
29,62,M062,SPANDREL,1.1293917199325358,CRITICO,-75.7203758,10.555079700000007
29,63,M063,SPANDREL,1.0475666372100765,CRITICO,-79.2387357,7.0367198
29,64,M064,SPANDREL,1.2167609411172597,CRITICO,-82.75709560000001,3.518359899999993
29,65,M065,SPANDREL,1.6410348900000002,FALLA,-86.2754555,0.0
29,66,M066,SPANDREL,1.1695221264412359,CRITICO,-89.67497112500001,3.3995156250000065
29,67,M067,SPANDREL,1.1358760439515512,CRITICO,-93.07448675,6.799031249999999
29,68,M068,SPANDREL,1.1662378218112763,CRITICO,-96.474002375,10.198546874999991
29,69,M069,SPANDREL,1.0437534599461171,CRITICO,-99.873518,13.598062499999997
29,70,M070,SPANDREL,1.1190287945415545,CRITICO,-103.27303362500001,10.198546874999991
29,71,M071,SPANDREL,1.0385152401842754,CRITICO,-106.67254925,6.799031249999999
29,72,M072,SPANDREL,1.2089663802841104,CRITICO,-110.072064875,3.3995156250000065
29,73,M073,SPANDREL,1.6235505000000001,FALLA,-113.4715805,0.0
29,74,M074,DECK_LONG,0.9663151196245757,ALTO,-37.439940018749994,1.379242418749996
29,75,M075,ARCH,1.5660490706060899,FALLA,-37.439940018749994,1.379242418749996
29,76,M076,DECK_LONG,0.9435398602160748,ALTO,-40.19842485625,4.1377272562500025
29,77,M077,ARCH,1.2988492162989205,FALLA,-40.19842485625,4.1377272562500025
29,78,M078,DECK_LONG,0.8495671321362057,ALTO,-42.95690969375,6.896212093750002
29,79,M079,ARCH,1.3707711500868347,FALLA,-42.95690969375,6.896212093750002
29,80,M080,DECK_LONG,0.792192917684258,ALTO,-45.71539453125,9.654696931250001
29,81,M081,ARCH,1.281343189223059,FALLA,-45.71539453125,9.654696931250001
29,82,M082,DECK_LONG,0.7568971936290189,ALTO,-48.47387936875,9.654696931250001
29,83,M083,ARCH,1.2275387318217796,CRITICO,-48.47387936875,9.654696931250001
29,84,M084,DECK_LONG,0.8764096955528315,ALTO,-51.23236420625,6.896212093750002
29,85,M085,ARCH,1.2050510558226053,CRITICO,-51.23236420625,6.896212093750002
29,86,M086,DECK_LONG,0.894933261356459,ALTO,-53.99084904375,4.137727256249995
29,87,M087,ARCH,1.4448607892721215,FALLA,-53.99084904375,4.137727256249995
29,88,M088,DECK_LONG,0.9877521444626629,ALTO,-56.749333881249996,1.3792424187500032
29,89,M089,ARCH,1.5987274621275644,FALLA,-56.749333881249996,1.3792424187500032
29,90,M090,DECK_LONG,1.080567197153408,CRITICO,-59.887756249999995,1.7591799499999965
29,91,M091,ARCH,1.4905624231381729,FALLA,-59.887756249999995,1.7591799499999965
29,92,M092,DECK_LONG,0.89381746891539,ALTO,-63.40611615,5.277539850000004
29,93,M093,ARCH,1.2275394711091638,CRITICO,-63.40611615,5.277539850000004
29,94,M094,DECK_LONG,0.8139324292076804,ALTO,-66.92447605000001,8.795899750000011
29,95,M095,ARCH,1.3149150714179005,FALLA,-66.92447605000001,8.795899750000011
29,96,M096,DECK_LONG,0.7658414957129518,ALTO,-70.44283595,12.314259650000004
29,97,M097,ARCH,1.2404063859680048,CRITICO,-70.44283595,12.314259650000004
29,98,M098,DECK_LONG,0.8615716826770707,ALTO,-73.96119585,12.314259650000011
29,99,M099,ARCH,1.1871615967452132,CRITICO,-73.96119585,12.314259650000011
29,100,M100,DECK_LONG,0.8402307306360384,ALTO,-77.47955575,8.795899750000004
29,101,M101,ARCH,1.1525551311970927,CRITICO,-77.47955575,8.795899750000004
29,102,M102,DECK_LONG,0.8467744442356326,ALTO,-80.99791565000001,5.277539849999997
29,103,M103,ARCH,1.3688541524911464,FALLA,-80.99791565000001,5.277539849999997
29,104,M104,DECK_LONG,0.9392746067381041,ALTO,-84.51627555000002,1.7591799499999894
29,105,M105,ARCH,1.5223806686238817,FALLA,-84.51627555000002,1.7591799499999894
29,106,M106,DECK_LONG,1.0623269323444113,CRITICO,-87.97521331250002,1.6997578125000103
29,107,M107,ARCH,1.46212971599829,FALLA,-87.97521331250002,1.6997578125000103
29,108,M108,DECK_LONG,0.8782967039367782,ALTO,-91.37472893750001,5.099273437500003
29,109,M109,ARCH,1.4172499588359269,FALLA,-91.37472893750001,5.099273437500003
29,110,M110,DECK_LONG,0.7974632382865733,ALTO,-94.7742445625,8.498789062499995
29,111,M111,ARCH,1.28999042274738,FALLA,-94.7742445625,8.498789062499995
29,112,M112,DECK_LONG,0.7485497019638173,ALTO,-98.1737601875,11.898304687499987
29,113,M113,ARCH,1.2141268954862952,CRITICO,-98.1737601875,11.898304687499987
29,114,M114,DECK_LONG,0.8443847849142022,ALTO,-101.57327581250001,11.898304687499987
29,115,M115,ARCH,1.1608237634893361,CRITICO,-101.57327581250001,11.898304687499987
29,116,M116,DECK_LONG,0.8238256593869558,ALTO,-104.9727914375,8.498789062499995
29,117,M117,ARCH,1.330177040278451,FALLA,-104.9727914375,8.498789062499995
29,118,M118,DECK_LONG,0.8310465648009389,ALTO,-108.3723070625,5.099273437500003
29,119,M119,ARCH,1.3452223077142205,FALLA,-108.3723070625,5.099273437500003
29,120,M120,DECK_LONG,1.0832833058200977,CRITICO,-111.77182268749999,1.6997578125000103
29,121,M121,ARCH,1.494075407272202,FALLA,-111.77182268749999,1.6997578125000103
29,122,M122,SPANDREL,1.6110616500000001,FALLA,-36.0606976,0.0
29,123,M123,SPANDREL,1.180403794241107,CRITICO,-38.8191824375,2.7584848374999993
29,124,M124,SPANDREL,1.1407259817766238,CRITICO,-41.577667274999996,5.516969674999999
29,125,M125,SPANDREL,1.1604872589098296,CRITICO,-44.3361521125,8.275454512500005
29,126,M126,SPANDREL,1.0296352549810204,CRITICO,-47.094636949999995,11.033939349999997
29,127,M127,SPANDREL,1.1126503795349207,CRITICO,-49.8531217875,8.275454512499998
29,128,M128,SPANDREL,1.2274802231091502,CRITICO,-52.611606625,5.516969674999999
29,129,M129,SPANDREL,1.221037315557496,CRITICO,-55.3700914625,2.7584848374999993
29,130,M130,SPANDREL,1.59357726,FALLA,-58.1285763,0.0
29,131,M131,SPANDREL,1.324699411700242,FALLA,-61.6469362,3.5183599
29,132,M132,SPANDREL,1.0978785854808863,CRITICO,-65.1652961,7.036719800000007
29,133,M133,SPANDREL,1.131137302189,CRITICO,-68.683656,10.5550797
29,134,M134,SPANDREL,1.0101524407309845,CRITICO,-72.2020159,14.0734396
29,135,M135,SPANDREL,1.0840065812644586,CRITICO,-75.7203758,10.555079700000007
29,136,M136,SPANDREL,1.1823307843640314,CRITICO,-79.2387357,7.0367198
29,137,M137,SPANDREL,1.1657354822962134,CRITICO,-82.75709560000001,3.518359899999993
29,138,M138,SPANDREL,1.5760928700000003,FALLA,-86.2754555,0.0
29,139,M139,SPANDREL,1.3174380783520159,FALLA,-89.67497112500001,3.3995156250000065
29,140,M140,SPANDREL,1.0889986199154555,CRITICO,-93.07448675,6.799031249999999
29,141,M141,SPANDREL,1.1207772770330255,CRITICO,-96.474002375,10.198546874999991
29,142,M142,SPANDREL,0.9987491648240622,ALTO,-99.873518,13.598062499999997
29,143,M143,SPANDREL,1.0735682497633037,CRITICO,-103.27303362500001,10.198546874999991
29,144,M144,SPANDREL,1.1737385787499364,CRITICO,-106.67254925,6.799031249999999
29,145,M145,SPANDREL,1.1576888502883733,CRITICO,-110.072064875,3.3995156250000065
29,146,M146,SPANDREL,1.5586084800000002,FALLA,-113.4715805,0.0
29,147,M147,DECK_CROSS,1.1256995250000001,CRITICO,-36.0606976,0.0
29,148,M148,DECK_CROSS,0.8269845077006033,ALTO,-38.8191824375,2.7584848374999993
29,149,M149,DECK_CROSS,0.7979040958146286,ALTO,-41.577667274999996,5.516969674999999
29,150,M150,DECK_CROSS,0.8105693449637359,ALTO,-44.3361521125,8.275454512500005
29,151,M151,DECK_CROSS,0.7210297643902622,ALTO,-47.094636949999995,11.033939349999997
29,152,M152,DECK_CROSS,0.7779532908444797,ALTO,-49.8531217875,8.275454512499998
29,153,M153,DECK_CROSS,0.7299438100512375,ALTO,-52.611606625,5.516969674999999
29,154,M154,DECK_CROSS,0.8546891813254142,ALTO,-55.3700914625,2.7584848374999993
29,155,M155,DECK_CROSS,1.1137783500000003,CRITICO,-58.1285763,0.0
29,156,M156,DECK_CROSS,0.7894673261647907,ALTO,-61.6469362,3.5183599
29,157,M157,DECK_CROSS,0.7681556387775432,ALTO,-65.1652961,7.036719800000007
29,158,M158,DECK_CROSS,0.7902726942902947,ALTO,-68.683656,10.5550797
29,159,M159,DECK_CROSS,0.7076098977723274,ALTO,-72.2020159,14.0734396
29,160,M160,DECK_CROSS,0.7581381118417436,ALTO,-75.7203758,10.555079700000007
29,161,M161,DECK_CROSS,0.8257366834705967,ALTO,-79.2387357,7.0367198
29,162,M162,DECK_CROSS,0.8162289304415635,ALTO,-82.75709560000001,3.518359899999993
29,163,M163,DECK_CROSS,1.1018571750000004,CRITICO,-86.2754555,0.0
29,164,M164,DECK_CROSS,0.7839545451271352,ALTO,-89.67497112500001,3.3995156250000065
29,165,M165,DECK_CROSS,0.7621679082791794,ALTO,-93.07448675,6.799031249999999
29,166,M166,DECK_CROSS,0.7832406797022031,ALTO,-96.474002375,10.198546874999991
29,167,M167,DECK_CROSS,0.6998482606830024,MODERADO,-99.873518,13.598062499999997
29,168,M168,DECK_CROSS,0.7510527065637563,ALTO,-103.27303362500001,10.198546874999991
29,169,M169,DECK_CROSS,0.8199451529390527,ALTO,-106.67254925,6.799031249999999
29,170,M170,DECK_CROSS,0.810848354565459,ALTO,-110.072064875,3.3995156250000065
29,171,M171,DECK_CROSS,1.0899360000000002,CRITICO,-113.4715805,0.0
30,1,M001,DECK_LONG,1.043988795828364,CRITICO,-37.439940018749994,1.379242418749996
30,2,M002,ARCH,1.6876612279128012,FALLA,-37.439940018749994,1.379242418749996
30,3,M003,DECK_LONG,0.8651580222984386,ALTO,-40.19842485625,4.1377272562500025
30,4,M004,ARCH,1.4022521624703692,FALLA,-40.19842485625,4.1377272562500025
30,5,M005,DECK_LONG,0.9149611702529167,ALTO,-42.95690969375,6.896212093750002
30,6,M006,ARCH,1.259303398304169,FALLA,-42.95690969375,6.896212093750002
30,7,M007,DECK_LONG,0.8546704062418082,ALTO,-45.71539453125,9.654696931250001
30,8,M008,ARCH,1.379125747182217,FALLA,-45.71539453125,9.654696931250001
30,9,M009,DECK_LONG,0.8181575882536297,ALTO,-48.47387936875,9.654696931250001
30,10,M010,ARCH,1.3234659636636523,FALLA,-48.47387936875,9.654696931250001
30,11,M011,DECK_LONG,0.8025000855936053,ALTO,-51.23236420625,6.896212093750002
30,12,M012,ARCH,1.3016329242975864,FALLA,-51.23236420625,6.896212093750002
30,13,M013,DECK_LONG,0.964244496647149,ALTO,-53.99084904375,4.137727256249995
30,14,M014,ARCH,1.3256017227211851,FALLA,-53.99084904375,4.137727256249995
30,15,M015,DECK_LONG,1.0661650284194886,CRITICO,-56.749333881249996,1.3792424187500032
30,16,M016,ARCH,1.7214664605212233,FALLA,-56.749333881249996,1.3792424187500032
30,17,M017,DECK_LONG,0.993255905975926,ALTO,-59.887756249999995,1.7591799499999965
30,18,M018,ARCH,1.6077919801133682,FALLA,-59.887756249999995,1.7591799499999965
30,19,M019,DECK_LONG,0.9618533240810434,ALTO,-63.40611615,5.277539850000004
30,20,M020,ARCH,1.3265979353614856,FALLA,-63.40611615,5.277539850000004
30,21,M021,DECK_LONG,0.8773657459288406,ALTO,-66.92447605000001,8.795899750000011
30,22,M022,ARCH,1.2047397863127636,CRITICO,-66.92447605000001,8.795899750000011
30,23,M023,DECK_LONG,0.8270445788978408,ALTO,-70.44283595,12.314259650000004
30,24,M024,ARCH,1.336219806165852,FALLA,-70.44283595,12.314259650000004
30,25,M025,DECK_LONG,0.7909115633149253,ALTO,-73.96119585,12.314259650000011
30,26,M026,ARCH,1.281138989728481,FALLA,-73.96119585,12.314259650000011
30,27,M027,DECK_LONG,0.904570885337487,ALTO,-77.47955575,8.795899750000004
30,28,M028,ARCH,1.2462110354113096,CRITICO,-77.47955575,8.795899750000004
30,29,M029,DECK_LONG,0.9131881261364666,ALTO,-80.99791565000001,5.277539849999997
30,30,M030,ARCH,1.472785536791123,FALLA,-80.99791565000001,5.277539849999997
30,31,M031,DECK_LONG,1.014848425671055,CRITICO,-84.51627555000002,1.7591799499999894
30,32,M032,ARCH,1.6407074064778941,FALLA,-84.51627555000002,1.7591799499999894
30,33,M033,DECK_LONG,0.9738877010451618,ALTO,-87.97521331250002,1.6997578125000103
30,34,M034,ARCH,1.5786425157373598,FALLA,-87.97521331250002,1.6997578125000103
30,35,M035,DECK_LONG,0.9459612033889131,ALTO,-91.37472893750001,5.099273437500003
30,36,M036,ARCH,1.3017573458304323,FALLA,-91.37472893750001,5.099273437500003
30,37,M037,DECK_LONG,0.8604148817762801,ALTO,-94.7742445625,8.498789062499995
30,38,M038,ARCH,1.388516922970109,FALLA,-94.7742445625,8.498789062499995
30,39,M039,DECK_LONG,0.80919464261928,ALTO,-98.1737601875,11.898304687499987
30,40,M040,ARCH,1.309092245595821,FALLA,-98.1737601875,11.898304687499987
30,41,M041,DECK_LONG,0.7730220344227228,ALTO,-101.57327581250001,11.898304687499987
30,42,M042,ARCH,1.2539510745644835,FALLA,-101.57327581250001,11.898304687499987
30,43,M043,DECK_LONG,0.8876863518801242,ALTO,-104.9727914375,8.498789062499995
30,44,M044,ARCH,1.2201488529692426,CRITICO,-104.9727914375,8.498789062499995
30,45,M045,DECK_LONG,0.8970817491104587,ALTO,-108.3723070625,5.099273437500003
30,46,M046,ARCH,1.4485885616059189,FALLA,-108.3723070625,5.099273437500003
30,47,M047,DECK_LONG,0.9955667080889754,ALTO,-111.77182268749999,1.6997578125000103
30,48,M048,ARCH,1.6116897825724412,FALLA,-111.77182268749999,1.6997578125000103
30,49,M049,SPANDREL,1.7337969000000006,FALLA,-36.0606976,0.0
30,50,M050,SPANDREL,1.2757524537438756,FALLA,-38.8191824375,2.7584848374999993
30,51,M051,SPANDREL,1.2297079549115262,CRITICO,-41.577667274999996,5.516969674999999
30,52,M052,SPANDREL,1.063041763886867,CRITICO,-44.3361521125,8.275454512500005
30,53,M053,SPANDREL,1.111998866310677,CRITICO,-47.094636949999995,11.033939349999997
30,54,M054,SPANDREL,1.1986712303138118,CRITICO,-49.8531217875,8.275454512499998
30,55,M055,SPANDREL,1.1265957972015537,CRITICO,-52.611606625,5.516969674999999
30,56,M056,SPANDREL,1.3177871309677265,FALLA,-55.3700914625,2.7584848374999993
30,57,M057,SPANDREL,1.7157096000000005,FALLA,-58.1285763,0.0
30,58,M058,SPANDREL,1.218114401563441,CRITICO,-61.6469362,3.5183599
30,59,M059,SPANDREL,1.1840656791319908,CRITICO,-65.1652961,7.036719800000007
30,60,M060,SPANDREL,1.217092180196977,CRITICO,-68.683656,10.5550797
30,61,M061,SPANDREL,1.0915086009315673,CRITICO,-72.2020159,14.0734396
30,62,M062,SPANDREL,1.1683362619991753,CRITICO,-75.7203758,10.555079700000007
30,63,M063,SPANDREL,1.0836896247000793,CRITICO,-79.2387357,7.0367198
30,64,M064,SPANDREL,1.2587182149488896,FALLA,-82.75709560000001,3.518359899999993
30,65,M065,SPANDREL,1.6976223000000006,FALLA,-86.2754555,0.0
30,66,M066,SPANDREL,1.2098504756288648,CRITICO,-89.67497112500001,3.3995156250000065
30,67,M067,SPANDREL,1.1750441833981564,CRITICO,-93.07448675,6.799031249999999
30,68,M068,SPANDREL,1.2064529191151137,CRITICO,-96.474002375,10.198546874999991
30,69,M069,SPANDREL,1.0797449585649488,CRITICO,-99.873518,13.598062499999997
30,70,M070,SPANDREL,1.1576159943533324,CRITICO,-103.27303362500001,10.198546874999991
30,71,M071,SPANDREL,1.0743261105354573,CRITICO,-106.67254925,6.799031249999999
30,72,M072,SPANDREL,1.2506548761559766,FALLA,-110.072064875,3.3995156250000065
30,73,M073,SPANDREL,1.6795350000000004,FALLA,-113.4715805,0.0
30,74,M074,DECK_LONG,0.9996363306461131,ALTO,-37.439940018749994,1.379242418749996
30,75,M075,ARCH,1.6200507626959557,FALLA,-37.439940018749994,1.379242418749996
30,76,M076,DECK_LONG,0.9760757174649051,ALTO,-40.19842485625,4.1377272562500025
30,77,M077,ARCH,1.3436371203092283,FALLA,-40.19842485625,4.1377272562500025
30,78,M078,DECK_LONG,0.8788625504857303,ALTO,-42.95690969375,6.896212093750002
30,79,M079,ARCH,1.4180391207794845,FALLA,-42.95690969375,6.896212093750002
30,80,M080,DECK_LONG,0.8195099148457844,ALTO,-45.71539453125,9.654696931250001
30,81,M081,ARCH,1.3255274371273027,FALLA,-45.71539453125,9.654696931250001
30,82,M082,DECK_LONG,0.7829970968576059,ALTO,-48.47387936875,9.654696931250001
30,83,M083,ARCH,1.2698676536087379,FALLA,-48.47387936875,9.654696931250001
30,84,M084,DECK_LONG,0.906630719537412,ALTO,-51.23236420625,6.896212093750002
30,85,M085,ARCH,1.2466045405061437,CRITICO,-51.23236420625,6.896212093750002
30,86,M086,DECK_LONG,0.9257930289894405,ALTO,-53.99084904375,4.137727256249995
30,87,M087,ARCH,1.4946835751090914,FALLA,-53.99084904375,4.137727256249995
30,88,M088,DECK_LONG,1.021812563237238,CRITICO,-56.749333881249996,1.3792424187500032
30,89,M089,ARCH,1.6538559953043777,FALLA,-56.749333881249996,1.3792424187500032
30,90,M090,DECK_LONG,1.1178281349862844,CRITICO,-59.887756249999995,1.7591799499999965
30,91,M091,ARCH,1.541961127384317,FALLA,-59.887756249999995,1.7591799499999965
30,92,M092,DECK_LONG,0.9246387609469553,ALTO,-63.40611615,5.277539850000004
30,93,M093,ARCH,1.2698684183887905,FALLA,-63.40611615,5.277539850000004
30,94,M094,DECK_LONG,0.8419990646976007,ALTO,-66.92447605000001,8.795899750000011
30,95,M095,ARCH,1.3602569704323113,FALLA,-66.92447605000001,8.795899750000011
30,96,M096,DECK_LONG,0.7922498231513296,ALTO,-70.44283595,12.314259650000004
30,97,M097,ARCH,1.283179019966902,FALLA,-70.44283595,12.314259650000004
30,98,M098,DECK_LONG,0.8912810510452459,ALTO,-73.96119585,12.314259650000011
30,99,M099,ARCH,1.2280982035295311,CRITICO,-73.96119585,12.314259650000011
30,100,M100,DECK_LONG,0.8692042041062468,ALTO,-77.47955575,8.795899750000004
30,101,M101,ARCH,1.1922984115831996,CRITICO,-77.47955575,8.795899750000004
30,102,M102,DECK_LONG,0.8759735630023787,ALTO,-80.99791565000001,5.277539849999997
30,103,M103,ARCH,1.4160560198184278,FALLA,-80.99791565000001,5.277539849999997
30,104,M104,DECK_LONG,0.9716633862807973,ALTO,-84.51627555000002,1.7591799499999894
30,105,M105,ARCH,1.5748765537488432,FALLA,-84.51627555000002,1.7591799499999894
30,106,M106,DECK_LONG,1.0989588955287015,CRITICO,-87.97521331250002,1.6997578125000103
30,107,M107,ARCH,1.5125479820671968,FALLA,-87.97521331250002,1.6997578125000103
30,108,M108,DECK_LONG,0.9085827971759775,ALTO,-91.37472893750001,5.099273437500003
30,109,M109,ARCH,1.4661206470716486,FALLA,-91.37472893750001,5.099273437500003
30,110,M110,DECK_LONG,0.8249619706412828,ALTO,-94.7742445625,8.498789062499995
30,111,M111,ARCH,1.3344728511179793,FALLA,-94.7742445625,8.498789062499995
30,112,M112,DECK_LONG,0.774361760652225,ALTO,-98.1737601875,11.898304687499987
30,113,M113,ARCH,1.2559933401582368,FALLA,-98.1737601875,11.898304687499987
30,114,M114,DECK_LONG,0.8735015016353818,ALTO,-101.57327581250001,11.898304687499987
30,115,M115,ARCH,1.2008521691268996,CRITICO,-101.57327581250001,11.898304687499987
30,116,M116,DECK_LONG,0.8522334407451269,ALTO,-104.9727914375,8.498789062499995
30,117,M117,ARCH,1.3760452140811563,FALLA,-104.9727914375,8.498789062499995
30,118,M118,DECK_LONG,0.859703342897523,ALTO,-108.3723070625,5.099273437500003
30,119,M119,ARCH,1.391609283842297,FALLA,-108.3723070625,5.099273437500003
30,120,M120,DECK_LONG,1.120637902572515,CRITICO,-111.77182268749999,1.6997578125000103
30,121,M121,ARCH,1.5455952489022782,FALLA,-111.77182268749999,1.6997578125000103
30,122,M122,SPANDREL,1.6666155000000005,FALLA,-36.0606976,0.0
30,123,M123,SPANDREL,1.2211073733528695,CRITICO,-38.8191824375,2.7584848374999993
30,124,M124,SPANDREL,1.1800613604585766,CRITICO,-41.577667274999996,5.516969674999999
30,125,M125,SPANDREL,1.2005040609412032,CRITICO,-44.3361521125,8.275454512500005
30,126,M126,SPANDREL,1.0651399189458834,CRITICO,-47.094636949999995,11.033939349999997
30,127,M127,SPANDREL,1.1510176340016423,CRITICO,-49.8531217875,8.275454512499998
30,128,M128,SPANDREL,1.2698071273542935,FALLA,-52.611606625,5.516969674999999
30,129,M129,SPANDREL,1.2631420505767201,FALLA,-55.3700914625,2.7584848374999993
30,130,M130,SPANDREL,1.6485282000000003,FALLA,-58.1285763,0.0
30,131,M131,SPANDREL,1.3703787017588713,FALLA,-61.6469362,3.5183599
30,132,M132,SPANDREL,1.1357364677388482,CRITICO,-65.1652961,7.036719800000007
30,133,M133,SPANDREL,1.170142036747242,CRITICO,-68.683656,10.5550797
30,134,M134,SPANDREL,1.044985283514812,CRITICO,-72.2020159,14.0734396
30,135,M135,SPANDREL,1.1213861185494403,CRITICO,-75.7203758,10.555079700000007
30,136,M136,SPANDREL,1.2231008114110673,CRITICO,-79.2387357,7.0367198
30,137,M137,SPANDREL,1.205933257547807,CRITICO,-82.75709560000001,3.518359899999993
30,138,M138,SPANDREL,1.6304409000000004,FALLA,-86.2754555,0.0
30,139,M139,SPANDREL,1.362866977605534,FALLA,-89.67497112500001,3.3995156250000065
30,140,M140,SPANDREL,1.1265502964642642,CRITICO,-93.07448675,6.799031249999999
30,141,M141,SPANDREL,1.1594247693445094,CRITICO,-96.474002375,10.198546874999991
30,142,M142,SPANDREL,1.033188791197306,CRITICO,-99.873518,13.598062499999997
30,143,M143,SPANDREL,1.1105878445827282,CRITICO,-103.27303362500001,10.198546874999991
30,144,M144,SPANDREL,1.2142123228447617,CRITICO,-106.67254925,6.799031249999999
30,145,M145,SPANDREL,1.1976091554707313,CRITICO,-110.072064875,3.3995156250000065
30,146,M146,SPANDREL,1.6123536000000005,FALLA,-113.4715805,0.0
30,147,M147,DECK_CROSS,1.16451675,CRITICO,-36.0606976,0.0
30,148,M148,DECK_CROSS,0.8555012148626933,ALTO,-38.8191824375,2.7584848374999993
30,149,M149,DECK_CROSS,0.8254180301530643,ALTO,-41.577667274999996,5.516969674999999
30,150,M150,DECK_CROSS,0.838520012031451,ALTO,-44.3361521125,8.275454512500005
30,151,M151,DECK_CROSS,0.7458928597140646,ALTO,-47.094636949999995,11.033939349999997
30,152,M152,DECK_CROSS,0.8047792663908411,ALTO,-49.8531217875,8.275454512499998
30,153,M153,DECK_CROSS,0.7551142862599011,ALTO,-52.611606625,5.516969674999999
30,154,M154,DECK_CROSS,0.8841612220607734,ALTO,-55.3700914625,2.7584848374999993
30,155,M155,DECK_CROSS,1.1521845,CRITICO,-58.1285763,0.0
30,156,M156,DECK_CROSS,0.8166903374118525,ALTO,-61.6469362,3.5183599
30,157,M157,DECK_CROSS,0.7946437642526311,ALTO,-65.1652961,7.036719800000007
30,158,M158,DECK_CROSS,0.8175234768520291,ALTO,-68.683656,10.5550797
30,159,M159,DECK_CROSS,0.7320102390748215,ALTO,-72.2020159,14.0734396
30,160,M160,DECK_CROSS,0.784280805353528,ALTO,-75.7203758,10.555079700000007
30,161,M161,DECK_CROSS,0.8542103622109622,ALTO,-79.2387357,7.0367198
30,162,M162,DECK_CROSS,0.8443747556292038,ALTO,-82.75709560000001,3.518359899999993
30,163,M163,DECK_CROSS,1.1398522500000001,CRITICO,-86.2754555,0.0
30,164,M164,DECK_CROSS,0.8109874604763468,ALTO,-89.67497112500001,3.3995156250000065
30,165,M165,DECK_CROSS,0.7884495602888061,ALTO,-93.07448675,6.799031249999999
30,166,M166,DECK_CROSS,0.8102489790022791,ALTO,-96.474002375,10.198546874999991
30,167,M167,DECK_CROSS,0.723980959327244,ALTO,-99.873518,13.598062499999997
30,168,M168,DECK_CROSS,0.77695107575561,ALTO,-103.27303362500001,10.198546874999991
30,169,M169,DECK_CROSS,0.8482191237300545,ALTO,-106.67254925,6.799031249999999
30,170,M170,DECK_CROSS,0.8388086426539231,ALTO,-110.072064875,3.3995156250000065
30,171,M171,DECK_CROSS,1.12752,CRITICO,-113.4715805,0.0
31,1,M001,DECK_LONG,1.078788422355976,CRITICO,-37.439940018749994,1.379242418749996
31,2,M002,ARCH,1.7439166021765613,FALLA,-37.439940018749994,1.379242418749996
31,3,M003,DECK_LONG,0.8939966230417198,ALTO,-40.19842485625,4.1377272562500025
31,4,M004,ARCH,1.4489939012193813,FALLA,-40.19842485625,4.1377272562500025
31,5,M005,DECK_LONG,0.945459875928014,ALTO,-42.95690969375,6.896212093750002
31,6,M006,ARCH,1.301280178247641,FALLA,-42.95690969375,6.896212093750002
31,7,M007,DECK_LONG,0.8831594197832018,ALTO,-45.71539453125,9.654696931250001
31,8,M008,ARCH,1.425096605421624,FALLA,-45.71539453125,9.654696931250001
31,9,M009,DECK_LONG,0.8454295078620839,ALTO,-48.47387936875,9.654696931250001
31,10,M010,ARCH,1.367581495785774,FALLA,-48.47387936875,9.654696931250001
31,11,M011,DECK_LONG,0.8292500884467254,ALTO,-51.23236420625,6.896212093750002
31,12,M012,ARCH,1.345020688440839,FALLA,-51.23236420625,6.896212093750002
31,13,M013,DECK_LONG,0.9963859798687205,ALTO,-53.99084904375,4.137727256249995
31,14,M014,ARCH,1.3697884468118913,FALLA,-53.99084904375,4.137727256249995
31,15,M015,DECK_LONG,1.101703862700138,CRITICO,-56.749333881249996,1.3792424187500032
31,16,M016,ARCH,1.7788486758719306,FALLA,-56.749333881249996,1.3792424187500032
31,17,M017,DECK_LONG,1.0263644361751236,CRITICO,-59.887756249999995,1.7591799499999965
31,18,M018,ARCH,1.661385046117147,FALLA,-59.887756249999995,1.7591799499999965
31,19,M019,DECK_LONG,0.9939151015504115,ALTO,-63.40611615,5.277539850000004
31,20,M020,ARCH,1.3708178665402015,FALLA,-63.40611615,5.277539850000004
31,21,M021,DECK_LONG,0.9066112707931352,ALTO,-66.92447605000001,8.795899750000011
31,22,M022,ARCH,1.2448977791898554,CRITICO,-66.92447605000001,8.795899750000011
31,23,M023,DECK_LONG,0.8546127315277686,ALTO,-70.44283595,12.314259650000004
31,24,M024,ARCH,1.3807604663713802,FALLA,-70.44283595,12.314259650000004
31,25,M025,DECK_LONG,0.8172752820920894,ALTO,-73.96119585,12.314259650000011
31,26,M026,ARCH,1.3238436227194303,FALLA,-73.96119585,12.314259650000011
31,27,M027,DECK_LONG,0.9347232481820696,ALTO,-77.47955575,8.795899750000004
31,28,M028,ARCH,1.287751403258353,FALLA,-77.47955575,8.795899750000004
31,29,M029,DECK_LONG,0.9436277303410155,ALTO,-80.99791565000001,5.277539849999997
31,30,M030,ARCH,1.5218783880174938,FALLA,-80.99791565000001,5.277539849999997
31,31,M031,DECK_LONG,1.048676706526757,CRITICO,-84.51627555000002,1.7591799499999894
31,32,M032,ARCH,1.6953976533604909,FALLA,-84.51627555000002,1.7591799499999894
31,33,M033,DECK_LONG,1.0063506244133338,CRITICO,-87.97521331250002,1.6997578125000103
31,34,M034,ARCH,1.6312639329286052,FALLA,-87.97521331250002,1.6997578125000103
31,35,M035,DECK_LONG,0.9774932435018768,ALTO,-91.37472893750001,5.099273437500003
31,36,M036,ARCH,1.3451492573581134,FALLA,-91.37472893750001,5.099273437500003
31,37,M037,DECK_LONG,0.8890953778354894,ALTO,-94.7742445625,8.498789062499995
31,38,M038,ARCH,1.4348008204024463,FALLA,-94.7742445625,8.498789062499995
31,39,M039,DECK_LONG,0.8361677973732559,ALTO,-98.1737601875,11.898304687499987
31,40,M040,ARCH,1.352728653782348,FALLA,-98.1737601875,11.898304687499987
31,41,M041,DECK_LONG,0.7987894355701467,ALTO,-101.57327581250001,11.898304687499987
31,42,M042,ARCH,1.2957494437166328,FALLA,-101.57327581250001,11.898304687499987
31,43,M043,DECK_LONG,0.917275896942795,ALTO,-104.9727914375,8.498789062499995
31,44,M044,ARCH,1.260820481401551,FALLA,-104.9727914375,8.498789062499995
31,45,M045,DECK_LONG,0.9269844740808073,ALTO,-108.3723070625,5.099273437500003
31,46,M046,ARCH,1.4968748469927828,FALLA,-108.3723070625,5.099273437500003
31,47,M047,DECK_LONG,1.0287522650252745,CRITICO,-111.77182268749999,1.6997578125000103
31,48,M048,ARCH,1.665412775324856,FALLA,-111.77182268749999,1.6997578125000103
31,49,M049,SPANDREL,1.7915901300000006,FALLA,-36.0606976,0.0
31,50,M050,SPANDREL,1.318277535535338,FALLA,-38.8191824375,2.7584848374999993
31,51,M051,SPANDREL,1.2706982200752437,FALLA,-41.577667274999996,5.516969674999999
31,52,M052,SPANDREL,1.0984764893497625,CRITICO,-44.3361521125,8.275454512500005
31,53,M053,SPANDREL,1.1490654951876995,CRITICO,-47.094636949999995,11.033939349999997
31,54,M054,SPANDREL,1.238626937990939,CRITICO,-49.8531217875,8.275454512499998
31,55,M055,SPANDREL,1.1641489904416054,CRITICO,-52.611606625,5.516969674999999
31,56,M056,SPANDREL,1.3617133686666507,FALLA,-55.3700914625,2.7584848374999993
31,57,M057,SPANDREL,1.7728999200000004,FALLA,-58.1285763,0.0
31,58,M058,SPANDREL,1.2587182149488891,FALLA,-61.6469362,3.5183599
31,59,M059,SPANDREL,1.223534535103057,CRITICO,-65.1652961,7.036719800000007
31,60,M060,SPANDREL,1.2576619195368761,FALLA,-68.683656,10.5550797
31,61,M061,SPANDREL,1.1278922209626194,CRITICO,-72.2020159,14.0734396
31,62,M062,SPANDREL,1.2072808040658143,CRITICO,-75.7203758,10.555079700000007
31,63,M063,SPANDREL,1.119812612190082,CRITICO,-79.2387357,7.0367198
31,64,M064,SPANDREL,1.3006754887805192,FALLA,-82.75709560000001,3.518359899999993
31,65,M065,SPANDREL,1.7542097100000007,FALLA,-86.2754555,0.0
31,66,M066,SPANDREL,1.2501788248164933,FALLA,-89.67497112500001,3.3995156250000065
31,67,M067,SPANDREL,1.2142123228447614,CRITICO,-93.07448675,6.799031249999999
31,68,M068,SPANDREL,1.2466680164189508,CRITICO,-96.474002375,10.198546874999991
31,69,M069,SPANDREL,1.1157364571837802,CRITICO,-99.873518,13.598062499999997
31,70,M070,SPANDREL,1.1962031941651101,CRITICO,-103.27303362500001,10.198546874999991
31,71,M071,SPANDREL,1.1101369808866393,CRITICO,-106.67254925,6.799031249999999
31,72,M072,SPANDREL,1.292343372027842,FALLA,-110.072064875,3.3995156250000065
31,73,M073,SPANDREL,1.7355195000000003,FALLA,-113.4715805,0.0
31,74,M074,DECK_LONG,1.0329575416676502,CRITICO,-37.439940018749994,1.379242418749996
31,75,M075,ARCH,1.6740524547858209,FALLA,-37.439940018749994,1.379242418749996
31,76,M076,DECK_LONG,1.0086115747137352,CRITICO,-40.19842485625,4.1377272562500025
31,77,M077,ARCH,1.3884250243195355,FALLA,-40.19842485625,4.1377272562500025
31,78,M078,DECK_LONG,0.9081579688352546,ALTO,-42.95690969375,6.896212093750002
31,79,M079,ARCH,1.4653070914721338,FALLA,-42.95690969375,6.896212093750002
31,80,M080,DECK_LONG,0.8468269120073105,ALTO,-45.71539453125,9.654696931250001
31,81,M081,ARCH,1.3697116850315458,FALLA,-45.71539453125,9.654696931250001
31,82,M082,DECK_LONG,0.8090970000861927,ALTO,-48.47387936875,9.654696931250001
31,83,M083,ARCH,1.3121965753956957,FALLA,-48.47387936875,9.654696931250001
31,84,M084,DECK_LONG,0.9368517435219925,ALTO,-51.23236420625,6.896212093750002
31,85,M085,ARCH,1.2881580251896818,FALLA,-51.23236420625,6.896212093750002
31,86,M086,DECK_LONG,0.9566527966224216,ALTO,-53.99084904375,4.137727256249995
31,87,M087,ARCH,1.5445063609460608,FALLA,-53.99084904375,4.137727256249995
31,88,M088,DECK_LONG,1.0558729820118125,CRITICO,-56.749333881249996,1.3792424187500032
31,89,M089,ARCH,1.70898452848119,FALLA,-56.749333881249996,1.3792424187500032
31,90,M090,DECK_LONG,1.1550890728191607,CRITICO,-59.887756249999995,1.7591799499999965
31,91,M091,ARCH,1.5933598316304607,FALLA,-59.887756249999995,1.7591799499999965
31,92,M092,DECK_LONG,0.9554600529785205,ALTO,-63.40611615,5.277539850000004
31,93,M093,ARCH,1.3121973656684167,FALLA,-63.40611615,5.277539850000004
31,94,M094,DECK_LONG,0.8700657001875205,ALTO,-66.92447605000001,8.795899750000011
31,95,M095,ARCH,1.4055988694467214,FALLA,-66.92447605000001,8.795899750000011
31,96,M096,DECK_LONG,0.8186581505897073,ALTO,-70.44283595,12.314259650000004
31,97,M097,ARCH,1.3259516539657985,FALLA,-70.44283595,12.314259650000004
31,98,M098,DECK_LONG,0.9209904194134206,ALTO,-73.96119585,12.314259650000011
31,99,M099,ARCH,1.2690348103138487,FALLA,-73.96119585,12.314259650000011
31,100,M100,DECK_LONG,0.8981776775764548,ALTO,-77.47955575,8.795899750000004
31,101,M101,ARCH,1.232041691969306,CRITICO,-77.47955575,8.795899750000004
31,102,M102,DECK_LONG,0.9051726817691247,ALTO,-80.99791565000001,5.277539849999997
31,103,M103,ARCH,1.4632578871457087,FALLA,-80.99791565000001,5.277539849999997
31,104,M104,DECK_LONG,1.0040521658234909,CRITICO,-84.51627555000002,1.7591799499999894
31,105,M105,ARCH,1.6273724388738047,FALLA,-84.51627555000002,1.7591799499999894
31,106,M106,DECK_LONG,1.1355908587129913,CRITICO,-87.97521331250002,1.6997578125000103
31,107,M107,ARCH,1.562966248136103,FALLA,-87.97521331250002,1.6997578125000103
31,108,M108,DECK_LONG,0.9388688904151766,ALTO,-91.37472893750001,5.099273437500003
31,109,M109,ARCH,1.51499133530737,FALLA,-91.37472893750001,5.099273437500003
31,110,M110,DECK_LONG,0.8524607029959923,ALTO,-94.7742445625,8.498789062499995
31,111,M111,ARCH,1.3789552794885787,FALLA,-94.7742445625,8.498789062499995
31,112,M112,DECK_LONG,0.8001738193406323,ALTO,-98.1737601875,11.898304687499987
31,113,M113,ARCH,1.2978597848301778,FALLA,-98.1737601875,11.898304687499987
31,114,M114,DECK_LONG,0.9026182183565611,ALTO,-101.57327581250001,11.898304687499987
31,115,M115,ARCH,1.2408805747644627,CRITICO,-101.57327581250001,11.898304687499987
31,116,M116,DECK_LONG,0.8806412221032978,ALTO,-104.9727914375,8.498789062499995
31,117,M117,ARCH,1.4219133878838615,FALLA,-104.9727914375,8.498789062499995
31,118,M118,DECK_LONG,0.8883601209941071,ALTO,-108.3723070625,5.099273437500003
31,119,M119,ARCH,1.4379962599703737,FALLA,-108.3723070625,5.099273437500003
31,120,M120,DECK_LONG,1.1579924993249322,CRITICO,-111.77182268749999,1.6997578125000103
31,121,M121,ARCH,1.5971150905323541,FALLA,-111.77182268749999,1.6997578125000103
31,122,M122,SPANDREL,1.7221693500000004,FALLA,-36.0606976,0.0
31,123,M123,SPANDREL,1.2618109524646317,FALLA,-38.8191824375,2.7584848374999993
31,124,M124,SPANDREL,1.219396739140529,CRITICO,-41.577667274999996,5.516969674999999
31,125,M125,SPANDREL,1.2405208629725766,CRITICO,-44.3361521125,8.275454512500005
31,126,M126,SPANDREL,1.100644582910746,CRITICO,-47.094636949999995,11.033939349999997
31,127,M127,SPANDREL,1.1893848884683635,CRITICO,-49.8531217875,8.275454512499998
31,128,M128,SPANDREL,1.3121340315994365,FALLA,-52.611606625,5.516969674999999
31,129,M129,SPANDREL,1.3052467855959442,FALLA,-55.3700914625,2.7584848374999993
31,130,M130,SPANDREL,1.7034791400000002,FALLA,-58.1285763,0.0
31,131,M131,SPANDREL,1.4160579918175003,FALLA,-61.6469362,3.5183599
31,132,M132,SPANDREL,1.1735943499968098,CRITICO,-65.1652961,7.036719800000007
31,133,M133,SPANDREL,1.209146771305483,CRITICO,-68.683656,10.5550797
31,134,M134,SPANDREL,1.0798181262986388,CRITICO,-72.2020159,14.0734396
31,135,M135,SPANDREL,1.1587656558344215,CRITICO,-75.7203758,10.555079700000007
31,136,M136,SPANDREL,1.2638708384581028,FALLA,-79.2387357,7.0367198
31,137,M137,SPANDREL,1.2461310327994006,CRITICO,-82.75709560000001,3.518359899999993
31,138,M138,SPANDREL,1.6847889300000005,FALLA,-86.2754555,0.0
31,139,M139,SPANDREL,1.4082958768590514,FALLA,-89.67497112500001,3.3995156250000065
31,140,M140,SPANDREL,1.164101973013073,CRITICO,-93.07448675,6.799031249999999
31,141,M141,SPANDREL,1.1980722616559931,CRITICO,-96.474002375,10.198546874999991
31,142,M142,SPANDREL,1.0676284175705493,CRITICO,-99.873518,13.598062499999997
31,143,M143,SPANDREL,1.1476074394021525,CRITICO,-103.27303362500001,10.198546874999991
31,144,M144,SPANDREL,1.254686066939587,FALLA,-106.67254925,6.799031249999999
31,145,M145,SPANDREL,1.2375294606530887,CRITICO,-110.072064875,3.3995156250000065
31,146,M146,SPANDREL,1.6660987200000004,FALLA,-113.4715805,0.0
31,147,M147,DECK_CROSS,1.2033339750000003,CRITICO,-36.0606976,0.0
31,148,M148,DECK_CROSS,0.8840179220247829,ALTO,-38.8191824375,2.7584848374999993
31,149,M149,DECK_CROSS,0.8529319644914996,ALTO,-41.577667274999996,5.516969674999999
31,150,M150,DECK_CROSS,0.866470679099166,ALTO,-44.3361521125,8.275454512500005
31,151,M151,DECK_CROSS,0.7707559550378668,ALTO,-47.094636949999995,11.033939349999997
31,152,M152,DECK_CROSS,0.8316052419372024,ALTO,-49.8531217875,8.275454512499998
31,153,M153,DECK_CROSS,0.7802847624685644,ALTO,-52.611606625,5.516969674999999
31,154,M154,DECK_CROSS,0.9136332627961324,ALTO,-55.3700914625,2.7584848374999993
31,155,M155,DECK_CROSS,1.1905906500000003,CRITICO,-58.1285763,0.0
31,156,M156,DECK_CROSS,0.8439133486589143,ALTO,-61.6469362,3.5183599
31,157,M157,DECK_CROSS,0.8211318897277187,ALTO,-65.1652961,7.036719800000007
31,158,M158,DECK_CROSS,0.8447742594137634,ALTO,-68.683656,10.5550797
31,159,M159,DECK_CROSS,0.7564105803773156,ALTO,-72.2020159,14.0734396
31,160,M160,DECK_CROSS,0.8104234988653123,ALTO,-75.7203758,10.555079700000007
31,161,M161,DECK_CROSS,0.8826840409513276,ALTO,-79.2387357,7.0367198
31,162,M162,DECK_CROSS,0.8725205808168438,ALTO,-82.75709560000001,3.518359899999993
31,163,M163,DECK_CROSS,1.1778473250000003,CRITICO,-86.2754555,0.0
31,164,M164,DECK_CROSS,0.8380203758255584,ALTO,-89.67497112500001,3.3995156250000065
31,165,M165,DECK_CROSS,0.814731212298433,ALTO,-93.07448675,6.799031249999999
31,166,M166,DECK_CROSS,0.8372572783023551,ALTO,-96.474002375,10.198546874999991
31,167,M167,DECK_CROSS,0.7481136579714853,ALTO,-99.873518,13.598062499999997
31,168,M168,DECK_CROSS,0.8028494449474637,ALTO,-103.27303362500001,10.198546874999991
31,169,M169,DECK_CROSS,0.8764930945210563,ALTO,-106.67254925,6.799031249999999
31,170,M170,DECK_CROSS,0.8667689307423871,ALTO,-110.072064875,3.3995156250000065
31,171,M171,DECK_CROSS,1.1651040000000004,CRITICO,-113.4715805,0.0
32,1,M001,DECK_LONG,1.1135880488835879,CRITICO,-37.439940018749994,1.379242418749996
32,2,M002,ARCH,1.8001719764403212,FALLA,-37.439940018749994,1.379242418749996
32,3,M003,DECK_LONG,0.9228352237850012,ALTO,-40.19842485625,4.1377272562500025
32,4,M004,ARCH,1.4957356399683936,FALLA,-40.19842485625,4.1377272562500025
32,5,M005,DECK_LONG,0.975958581603111,ALTO,-42.95690969375,6.896212093750002
32,6,M006,ARCH,1.3432569581911136,FALLA,-42.95690969375,6.896212093750002
32,7,M007,DECK_LONG,0.9116484333245954,ALTO,-45.71539453125,9.654696931250001
32,8,M008,ARCH,1.4710674636610312,FALLA,-45.71539453125,9.654696931250001
32,9,M009,DECK_LONG,0.8727014274705382,ALTO,-48.47387936875,9.654696931250001
32,10,M010,ARCH,1.4116970279078955,FALLA,-48.47387936875,9.654696931250001
32,11,M011,DECK_LONG,0.8560000912998456,ALTO,-51.23236420625,6.896212093750002
32,12,M012,ARCH,1.388408452584092,FALLA,-51.23236420625,6.896212093750002
32,13,M013,DECK_LONG,1.028527463090292,CRITICO,-53.99084904375,4.137727256249995
32,14,M014,ARCH,1.4139751709025974,FALLA,-53.99084904375,4.137727256249995
32,15,M015,DECK_LONG,1.1372426969807876,CRITICO,-56.749333881249996,1.3792424187500032
32,16,M016,ARCH,1.8362308912226377,FALLA,-56.749333881249996,1.3792424187500032
32,17,M017,DECK_LONG,1.0594729663743208,CRITICO,-59.887756249999995,1.7591799499999965
32,18,M018,ARCH,1.7149781121209258,FALLA,-59.887756249999995,1.7591799499999965
32,19,M019,DECK_LONG,1.0259768790197794,CRITICO,-63.40611615,5.277539850000004
32,20,M020,ARCH,1.4150377977189175,FALLA,-63.40611615,5.277539850000004
32,21,M021,DECK_LONG,0.93585679565743,ALTO,-66.92447605000001,8.795899750000011
32,22,M022,ARCH,1.2850557720669475,FALLA,-66.92447605000001,8.795899750000011
32,23,M023,DECK_LONG,0.8821808841576966,ALTO,-70.44283595,12.314259650000004
32,24,M024,ARCH,1.4253011265769084,FALLA,-70.44283595,12.314259650000004
32,25,M025,DECK_LONG,0.8436390008692536,ALTO,-73.96119585,12.314259650000011
32,26,M026,ARCH,1.3665482557103796,FALLA,-73.96119585,12.314259650000011
32,27,M027,DECK_LONG,0.9648756110266526,ALTO,-77.47955575,8.795899750000004
32,28,M028,ARCH,1.3292917711053966,FALLA,-77.47955575,8.795899750000004
32,29,M029,DECK_LONG,0.9740673345455642,ALTO,-80.99791565000001,5.277539849999997
32,30,M030,ARCH,1.5709712392438642,FALLA,-80.99791565000001,5.277539849999997
32,31,M031,DECK_LONG,1.0825049873824586,CRITICO,-84.51627555000002,1.7591799499999894
32,32,M032,ARCH,1.7500879002430871,FALLA,-84.51627555000002,1.7591799499999894
32,33,M033,DECK_LONG,1.0388135477815057,CRITICO,-87.97521331250002,1.6997578125000103
32,34,M034,ARCH,1.6838853501198503,FALLA,-87.97521331250002,1.6997578125000103
32,35,M035,DECK_LONG,1.0090252836148406,CRITICO,-91.37472893750001,5.099273437500003
32,36,M036,ARCH,1.3885411688857945,FALLA,-91.37472893750001,5.099273437500003
32,37,M037,DECK_LONG,0.9177758738946987,ALTO,-94.7742445625,8.498789062499995
32,38,M038,ARCH,1.481084717834783,FALLA,-94.7742445625,8.498789062499995
32,39,M039,DECK_LONG,0.8631409521272319,ALTO,-98.1737601875,11.898304687499987
32,40,M040,ARCH,1.3963650619688754,FALLA,-98.1737601875,11.898304687499987
32,41,M041,DECK_LONG,0.8245568367175709,ALTO,-101.57327581250001,11.898304687499987
32,42,M042,ARCH,1.3375478128687823,FALLA,-101.57327581250001,11.898304687499987
32,43,M043,DECK_LONG,0.9468654420054657,ALTO,-104.9727914375,8.498789062499995
32,44,M044,ARCH,1.3014921098338588,FALLA,-104.9727914375,8.498789062499995
32,45,M045,DECK_LONG,0.9568871990511559,ALTO,-108.3723070625,5.099273437500003
32,46,M046,ARCH,1.5451611323796468,FALLA,-108.3723070625,5.099273437500003
32,47,M047,DECK_LONG,1.0619378219615736,CRITICO,-111.77182268749999,1.6997578125000103
32,48,M048,ARCH,1.7191357680772705,FALLA,-111.77182268749999,1.6997578125000103
32,49,M049,SPANDREL,1.8493833600000003,FALLA,-36.0606976,0.0
32,50,M050,SPANDREL,1.3608026173268004,FALLA,-38.8191824375,2.7584848374999993
32,51,M051,SPANDREL,1.3116884852389612,FALLA,-41.577667274999996,5.516969674999999
32,52,M052,SPANDREL,1.133911214812658,CRITICO,-44.3361521125,8.275454512500005
32,53,M053,SPANDREL,1.186132124064722,CRITICO,-47.094636949999995,11.033939349999997
32,54,M054,SPANDREL,1.278582645668066,FALLA,-49.8531217875,8.275454512499998
32,55,M055,SPANDREL,1.201702183681657,CRITICO,-52.611606625,5.516969674999999
32,56,M056,SPANDREL,1.4056396063655747,FALLA,-55.3700914625,2.7584848374999993
32,57,M057,SPANDREL,1.83009024,FALLA,-58.1285763,0.0
32,58,M058,SPANDREL,1.2993220283343372,FALLA,-61.6469362,3.5183599
32,59,M059,SPANDREL,1.2630033910741232,FALLA,-65.1652961,7.036719800000007
32,60,M060,SPANDREL,1.298231658876775,FALLA,-68.683656,10.5550797
32,61,M061,SPANDREL,1.1642758409936715,CRITICO,-72.2020159,14.0734396
32,62,M062,SPANDREL,1.2462253461324533,CRITICO,-75.7203758,10.555079700000007
32,63,M063,SPANDREL,1.1559355996800846,CRITICO,-79.2387357,7.0367198
32,64,M064,SPANDREL,1.3426327626121488,FALLA,-82.75709560000001,3.518359899999993
32,65,M065,SPANDREL,1.8107971200000004,FALLA,-86.2754555,0.0
32,66,M066,SPANDREL,1.2905071740041223,FALLA,-89.67497112500001,3.3995156250000065
32,67,M067,SPANDREL,1.2533804622913667,FALLA,-93.07448675,6.799031249999999
32,68,M068,SPANDREL,1.2868831137227876,FALLA,-96.474002375,10.198546874999991
32,69,M069,SPANDREL,1.1517279558026121,CRITICO,-99.873518,13.598062499999997
32,70,M070,SPANDREL,1.2347903939768876,CRITICO,-103.27303362500001,10.198546874999991
32,71,M071,SPANDREL,1.1459478512378212,CRITICO,-106.67254925,6.799031249999999
32,72,M072,SPANDREL,1.334031867899708,FALLA,-110.072064875,3.3995156250000065
32,73,M073,SPANDREL,1.7915040000000002,FALLA,-113.4715805,0.0
32,74,M074,DECK_LONG,1.066278752689187,CRITICO,-37.439940018749994,1.379242418749996
32,75,M075,ARCH,1.728054146875686,FALLA,-37.439940018749994,1.379242418749996
32,76,M076,DECK_LONG,1.0411474319625653,CRITICO,-40.19842485625,4.1377272562500025
32,77,M077,ARCH,1.4332129283298434,FALLA,-40.19842485625,4.1377272562500025
32,78,M078,DECK_LONG,0.9374533871847788,ALTO,-42.95690969375,6.896212093750002
32,79,M079,ARCH,1.5125750621647833,FALLA,-42.95690969375,6.896212093750002
32,80,M080,DECK_LONG,0.8741439091688367,ALTO,-45.71539453125,9.654696931250001
32,81,M081,ARCH,1.4138959329357892,FALLA,-45.71539453125,9.654696931250001
32,82,M082,DECK_LONG,0.8351969033147796,ALTO,-48.47387936875,9.654696931250001
32,83,M083,ARCH,1.3545254971826537,FALLA,-48.47387936875,9.654696931250001
32,84,M084,DECK_LONG,0.9670727675065728,ALTO,-51.23236420625,6.896212093750002
32,85,M085,ARCH,1.32971150987322,FALLA,-51.23236420625,6.896212093750002
32,86,M086,DECK_LONG,0.9875125642554031,ALTO,-53.99084904375,4.137727256249995
32,87,M087,ARCH,1.5943291467830307,FALLA,-53.99084904375,4.137727256249995
32,88,M088,DECK_LONG,1.0899334007863868,CRITICO,-56.749333881249996,1.3792424187500032
32,89,M089,ARCH,1.7641130616580023,FALLA,-56.749333881249996,1.3792424187500032
32,90,M090,DECK_LONG,1.1923500106520366,CRITICO,-59.887756249999995,1.7591799499999965
32,91,M091,ARCH,1.6447585358766046,FALLA,-59.887756249999995,1.7591799499999965
32,92,M092,DECK_LONG,0.9862813450100856,ALTO,-63.40611615,5.277539850000004
32,93,M093,ARCH,1.354526312948043,FALLA,-63.40611615,5.277539850000004
32,94,M094,DECK_LONG,0.8981323356774406,ALTO,-66.92447605000001,8.795899750000011
32,95,M095,ARCH,1.4509407684611317,FALLA,-66.92447605000001,8.795899750000011
32,96,M096,DECK_LONG,0.8450664780280848,ALTO,-70.44283595,12.314259650000004
32,97,M097,ARCH,1.3687242879646953,FALLA,-70.44283595,12.314259650000004
32,98,M098,DECK_LONG,0.9506997877815955,ALTO,-73.96119585,12.314259650000011
32,99,M099,ARCH,1.3099714170981662,FALLA,-73.96119585,12.314259650000011
32,100,M100,DECK_LONG,0.9271511510466631,ALTO,-77.47955575,8.795899750000004
32,101,M101,ARCH,1.2717849723554127,FALLA,-77.47955575,8.795899750000004
32,102,M102,DECK_LONG,0.9343718005358705,ALTO,-80.99791565000001,5.277539849999997
32,103,M103,ARCH,1.5104597544729892,FALLA,-80.99791565000001,5.277539849999997
32,104,M104,DECK_LONG,1.0364409453661838,CRITICO,-84.51627555000002,1.7591799499999894
32,105,M105,ARCH,1.679868323998766,FALLA,-84.51627555000002,1.7591799499999894
32,106,M106,DECK_LONG,1.1722228218972812,CRITICO,-87.97521331250002,1.6997578125000103
32,107,M107,ARCH,1.6133845142050096,FALLA,-87.97521331250002,1.6997578125000103
32,108,M108,DECK_LONG,0.9691549836543759,ALTO,-91.37472893750001,5.099273437500003
32,109,M109,ARCH,1.5638620235430918,FALLA,-91.37472893750001,5.099273437500003
32,110,M110,DECK_LONG,0.8799594353507016,ALTO,-94.7742445625,8.498789062499995
32,111,M111,ARCH,1.4234377078591778,FALLA,-94.7742445625,8.498789062499995
32,112,M112,DECK_LONG,0.8259858780290398,ALTO,-98.1737601875,11.898304687499987
32,113,M113,ARCH,1.339726229502119,FALLA,-98.1737601875,11.898304687499987
32,114,M114,DECK_LONG,0.9317349350777404,ALTO,-101.57327581250001,11.898304687499987
32,115,M115,ARCH,1.2809089804020262,FALLA,-101.57327581250001,11.898304687499987
32,116,M116,DECK_LONG,0.9090490034614686,ALTO,-104.9727914375,8.498789062499995
32,117,M117,ARCH,1.4677815616865666,FALLA,-104.9727914375,8.498789062499995
32,118,M118,DECK_LONG,0.9170168990906912,ALTO,-108.3723070625,5.099273437500003
32,119,M119,ARCH,1.4843832360984504,FALLA,-108.3723070625,5.099273437500003
32,120,M120,DECK_LONG,1.1953470960773493,CRITICO,-111.77182268749999,1.6997578125000103
32,121,M121,ARCH,1.6486349321624298,FALLA,-111.77182268749999,1.6997578125000103
32,122,M122,SPANDREL,1.7777232000000003,FALLA,-36.0606976,0.0
32,123,M123,SPANDREL,1.302514531576394,FALLA,-38.8191824375,2.7584848374999993
32,124,M124,SPANDREL,1.2587321178224815,FALLA,-41.577667274999996,5.516969674999999
32,125,M125,SPANDREL,1.28053766500395,FALLA,-44.3361521125,8.275454512500005
32,126,M126,SPANDREL,1.1361492468756087,CRITICO,-47.094636949999995,11.033939349999997
32,127,M127,SPANDREL,1.2277521429350848,CRITICO,-49.8531217875,8.275454512499998
32,128,M128,SPANDREL,1.3544609358445796,FALLA,-52.611606625,5.516969674999999
32,129,M129,SPANDREL,1.347351520615168,FALLA,-55.3700914625,2.7584848374999993
32,130,M130,SPANDREL,1.7584300800000001,FALLA,-58.1285763,0.0
32,131,M131,SPANDREL,1.4617372818761294,FALLA,-61.6469362,3.5183599
32,132,M132,SPANDREL,1.2114522322547712,CRITICO,-65.1652961,7.036719800000007
32,133,M133,SPANDREL,1.2481515058637243,CRITICO,-68.683656,10.5550797
32,134,M134,SPANDREL,1.1146509690824657,CRITICO,-72.2020159,14.0734396
32,135,M135,SPANDREL,1.1961451931194025,CRITICO,-75.7203758,10.555079700000007
32,136,M136,SPANDREL,1.3046408655051382,FALLA,-79.2387357,7.0367198
32,137,M137,SPANDREL,1.2863288080509943,FALLA,-82.75709560000001,3.518359899999993
32,138,M138,SPANDREL,1.7391369600000002,FALLA,-86.2754555,0.0
32,139,M139,SPANDREL,1.4537247761125691,FALLA,-89.67497112500001,3.3995156250000065
32,140,M140,SPANDREL,1.2016536495618817,CRITICO,-93.07448675,6.799031249999999
32,141,M141,SPANDREL,1.2367197539674766,CRITICO,-96.474002375,10.198546874999991
32,142,M142,SPANDREL,1.1020680439437929,CRITICO,-99.873518,13.598062499999997
32,143,M143,SPANDREL,1.1846270342215766,CRITICO,-103.27303362500001,10.198546874999991
32,144,M144,SPANDREL,1.2951598110344122,FALLA,-106.67254925,6.799031249999999
32,145,M145,SPANDREL,1.2774497658354464,FALLA,-110.072064875,3.3995156250000065
32,146,M146,SPANDREL,1.7198438400000002,FALLA,-113.4715805,0.0
32,147,M147,DECK_CROSS,1.2421512000000001,CRITICO,-36.0606976,0.0
32,148,M148,DECK_CROSS,0.9125346291868727,ALTO,-38.8191824375,2.7584848374999993
32,149,M149,DECK_CROSS,0.8804458988299352,ALTO,-41.577667274999996,5.516969674999999
32,150,M150,DECK_CROSS,0.894421346166881,ALTO,-44.3361521125,8.275454512500005
32,151,M151,DECK_CROSS,0.7956190503616688,ALTO,-47.094636949999995,11.033939349999997
32,152,M152,DECK_CROSS,0.8584312174835638,ALTO,-49.8531217875,8.275454512499998
32,153,M153,DECK_CROSS,0.8054552386772278,ALTO,-52.611606625,5.516969674999999
32,154,M154,DECK_CROSS,0.9431053035314915,ALTO,-55.3700914625,2.7584848374999993
32,155,M155,DECK_CROSS,1.2289968,CRITICO,-58.1285763,0.0
32,156,M156,DECK_CROSS,0.8711363599059759,ALTO,-61.6469362,3.5183599
32,157,M157,DECK_CROSS,0.8476200152028063,ALTO,-65.1652961,7.036719800000007
32,158,M158,DECK_CROSS,0.8720250419754976,ALTO,-68.683656,10.5550797
32,159,M159,DECK_CROSS,0.7808109216798095,ALTO,-72.2020159,14.0734396
32,160,M160,DECK_CROSS,0.8365661923770964,ALTO,-75.7203758,10.555079700000007
32,161,M161,DECK_CROSS,0.9111577196916928,ALTO,-79.2387357,7.0367198
32,162,M162,DECK_CROSS,0.900666406004484,ALTO,-82.75709560000001,3.518359899999993
32,163,M163,DECK_CROSS,1.2158424000000003,CRITICO,-86.2754555,0.0
32,164,M164,DECK_CROSS,0.8650532911747699,ALTO,-89.67497112500001,3.3995156250000065
32,165,M165,DECK_CROSS,0.8410128643080599,ALTO,-93.07448675,6.799031249999999
32,166,M166,DECK_CROSS,0.864265577602431,ALTO,-96.474002375,10.198546874999991
32,167,M167,DECK_CROSS,0.7722463566157268,ALTO,-99.873518,13.598062499999997
32,168,M168,DECK_CROSS,0.8287478141393172,ALTO,-103.27303362500001,10.198546874999991
32,169,M169,DECK_CROSS,0.9047670653120581,ALTO,-106.67254925,6.799031249999999
32,170,M170,DECK_CROSS,0.8947292188308512,ALTO,-110.072064875,3.3995156250000065
32,171,M171,DECK_CROSS,1.2026880000000002,CRITICO,-113.4715805,0.0
33,1,M001,DECK_LONG,1.1483876754112001,CRITICO,-37.439940018749994,1.379242418749996
33,2,M002,ARCH,1.8564273507040814,FALLA,-37.439940018749994,1.379242418749996
33,3,M003,DECK_LONG,0.9516738245282825,ALTO,-40.19842485625,4.1377272562500025
33,4,M004,ARCH,1.5424773787174062,FALLA,-40.19842485625,4.1377272562500025
33,5,M005,DECK_LONG,1.0064572872782085,CRITICO,-42.95690969375,6.896212093750002
33,6,M006,ARCH,1.385233738134586,FALLA,-42.95690969375,6.896212093750002
33,7,M007,DECK_LONG,0.9401374468659891,ALTO,-45.71539453125,9.654696931250001
33,8,M008,ARCH,1.5170383219004389,FALLA,-45.71539453125,9.654696931250001
33,9,M009,DECK_LONG,0.8999733470789928,ALTO,-48.47387936875,9.654696931250001
33,10,M010,ARCH,1.4558125600300176,FALLA,-48.47387936875,9.654696931250001
33,11,M011,DECK_LONG,0.8827500941529659,ALTO,-51.23236420625,6.896212093750002
33,12,M012,ARCH,1.431796216727345,FALLA,-51.23236420625,6.896212093750002
33,13,M013,DECK_LONG,1.060668946311864,CRITICO,-53.99084904375,4.137727256249995
33,14,M014,ARCH,1.4581618949933037,FALLA,-53.99084904375,4.137727256249995
33,15,M015,DECK_LONG,1.1727815312614374,CRITICO,-56.749333881249996,1.3792424187500032
33,16,M016,ARCH,1.8936131065733455,FALLA,-56.749333881249996,1.3792424187500032
33,17,M017,DECK_LONG,1.0925814965735186,CRITICO,-59.887756249999995,1.7591799499999965
33,18,M018,ARCH,1.768571178124705,FALLA,-59.887756249999995,1.7591799499999965
33,19,M019,DECK_LONG,1.0580386564891477,CRITICO,-63.40611615,5.277539850000004
33,20,M020,ARCH,1.4592577288976338,FALLA,-63.40611615,5.277539850000004
33,21,M021,DECK_LONG,0.9651023205217248,ALTO,-66.92447605000001,8.795899750000011
33,22,M022,ARCH,1.32521376494404,FALLA,-66.92447605000001,8.795899750000011
33,23,M023,DECK_LONG,0.9097490367876246,ALTO,-70.44283595,12.314259650000004
33,24,M024,ARCH,1.469841786782437,FALLA,-70.44283595,12.314259650000004
33,25,M025,DECK_LONG,0.8700027196464177,ALTO,-73.96119585,12.314259650000011
33,26,M026,ARCH,1.409252888701329,FALLA,-73.96119585,12.314259650000011
33,27,M027,DECK_LONG,0.9950279738712356,ALTO,-77.47955575,8.795899750000004
33,28,M028,ARCH,1.3708321389524407,FALLA,-77.47955575,8.795899750000004
33,29,M029,DECK_LONG,1.0045069387501133,CRITICO,-80.99791565000001,5.277539849999997
33,30,M030,ARCH,1.620064090470235,FALLA,-80.99791565000001,5.277539849999997
33,31,M031,DECK_LONG,1.1163332682381606,CRITICO,-84.51627555000002,1.7591799499999894
33,32,M032,ARCH,1.8047781471256839,FALLA,-84.51627555000002,1.7591799499999894
33,33,M033,DECK_LONG,1.071276471149678,CRITICO,-87.97521331250002,1.6997578125000103
33,34,M034,ARCH,1.7365067673110963,FALLA,-87.97521331250002,1.6997578125000103
33,35,M035,DECK_LONG,1.0405573237278045,CRITICO,-91.37472893750001,5.099273437500003
33,36,M036,ARCH,1.4319330804134758,FALLA,-91.37472893750001,5.099273437500003
33,37,M037,DECK_LONG,0.9464563699539082,ALTO,-94.7742445625,8.498789062499995
33,38,M038,ARCH,1.5273686152671202,FALLA,-94.7742445625,8.498789062499995
33,39,M039,DECK_LONG,0.8901141068812081,ALTO,-98.1737601875,11.898304687499987
33,40,M040,ARCH,1.440001470155403,FALLA,-98.1737601875,11.898304687499987
33,41,M041,DECK_LONG,0.8503242378649951,ALTO,-101.57327581250001,11.898304687499987
33,42,M042,ARCH,1.379346182020932,FALLA,-101.57327581250001,11.898304687499987
33,43,M043,DECK_LONG,0.9764549870681367,ALTO,-104.9727914375,8.498789062499995
33,44,M044,ARCH,1.342163738266167,FALLA,-104.9727914375,8.498789062499995
33,45,M045,DECK_LONG,0.9867899240215048,ALTO,-108.3723070625,5.099273437500003
33,46,M046,ARCH,1.593447417766511,FALLA,-108.3723070625,5.099273437500003
33,47,M047,DECK_LONG,1.0951233788978731,CRITICO,-111.77182268749999,1.6997578125000103
33,48,M048,ARCH,1.772858760829686,FALLA,-111.77182268749999,1.6997578125000103
33,49,M049,SPANDREL,1.9071765900000008,FALLA,-36.0606976,0.0
33,50,M050,SPANDREL,1.4033276991182633,FALLA,-38.8191824375,2.7584848374999993
33,51,M051,SPANDREL,1.3526787504026787,FALLA,-41.577667274999996,5.516969674999999
33,52,M052,SPANDREL,1.1693459402755537,CRITICO,-44.3361521125,8.275454512500005
33,53,M053,SPANDREL,1.2231987529417447,CRITICO,-47.094636949999995,11.033939349999997
33,54,M054,SPANDREL,1.318538353345193,FALLA,-49.8531217875,8.275454512499998
33,55,M055,SPANDREL,1.239255376921709,CRITICO,-52.611606625,5.516969674999999
33,56,M056,SPANDREL,1.4495658440644994,FALLA,-55.3700914625,2.7584848374999993
33,57,M057,SPANDREL,1.8872805600000007,FALLA,-58.1285763,0.0
33,58,M058,SPANDREL,1.3399258417197855,FALLA,-61.6469362,3.5183599
33,59,M059,SPANDREL,1.30247224704519,FALLA,-65.1652961,7.036719800000007
33,60,M060,SPANDREL,1.3388013982166744,FALLA,-68.683656,10.5550797
33,61,M061,SPANDREL,1.200659461024724,CRITICO,-72.2020159,14.0734396
33,62,M062,SPANDREL,1.2851698881990925,FALLA,-75.7203758,10.555079700000007
33,63,M063,SPANDREL,1.1920585871700875,CRITICO,-79.2387357,7.0367198
33,64,M064,SPANDREL,1.3845900364437786,FALLA,-82.75709560000001,3.518359899999993
33,65,M065,SPANDREL,1.867384530000001,FALLA,-86.2754555,0.0
33,66,M066,SPANDREL,1.3308355231917515,FALLA,-89.67497112500001,3.3995156250000065
33,67,M067,SPANDREL,1.2925486017379721,FALLA,-93.07448675,6.799031249999999
33,68,M068,SPANDREL,1.3270982110266252,FALLA,-96.474002375,10.198546874999991
33,69,M069,SPANDREL,1.1877194544214438,CRITICO,-99.873518,13.598062499999997
33,70,M070,SPANDREL,1.2733775937886658,FALLA,-103.27303362500001,10.198546874999991
33,71,M071,SPANDREL,1.181758721589003,CRITICO,-106.67254925,6.799031249999999
33,72,M072,SPANDREL,1.3757203637715743,FALLA,-110.072064875,3.3995156250000065
33,73,M073,SPANDREL,1.8474885000000008,FALLA,-113.4715805,0.0
33,74,M074,DECK_LONG,1.0995999637107243,CRITICO,-37.439940018749994,1.379242418749996
33,75,M075,ARCH,1.7820558389655512,FALLA,-37.439940018749994,1.379242418749996
33,76,M076,DECK_LONG,1.0736832892113957,CRITICO,-40.19842485625,4.1377272562500025
33,77,M077,ARCH,1.4780008323401512,FALLA,-40.19842485625,4.1377272562500025
33,78,M078,DECK_LONG,0.9667488055343033,ALTO,-42.95690969375,6.896212093750002
33,79,M079,ARCH,1.559843032857433,FALLA,-42.95690969375,6.896212093750002
33,80,M080,DECK_LONG,0.9014609063303629,ALTO,-45.71539453125,9.654696931250001
33,81,M081,ARCH,1.458080180840033,FALLA,-45.71539453125,9.654696931250001
33,82,M082,DECK_LONG,0.8612968065433665,ALTO,-48.47387936875,9.654696931250001
33,83,M083,ARCH,1.396854418969612,FALLA,-48.47387936875,9.654696931250001
33,84,M084,DECK_LONG,0.9972937914911534,ALTO,-51.23236420625,6.896212093750002
33,85,M085,ARCH,1.3712649945567583,FALLA,-51.23236420625,6.896212093750002
33,86,M086,DECK_LONG,1.0183723318883846,CRITICO,-53.99084904375,4.137727256249995
33,87,M087,ARCH,1.6441519326200005,FALLA,-53.99084904375,4.137727256249995
33,88,M088,DECK_LONG,1.1239938195609616,CRITICO,-56.749333881249996,1.3792424187500032
33,89,M089,ARCH,1.8192415948348153,FALLA,-56.749333881249996,1.3792424187500032
33,90,M090,DECK_LONG,1.229610948484913,CRITICO,-59.887756249999995,1.7591799499999965
33,91,M091,ARCH,1.6961572401227487,FALLA,-59.887756249999995,1.7591799499999965
33,92,M092,DECK_LONG,1.017102637041651,CRITICO,-63.40611615,5.277539850000004
33,93,M093,ARCH,1.3968552602276694,FALLA,-63.40611615,5.277539850000004
33,94,M094,DECK_LONG,0.9261989711673607,ALTO,-66.92447605000001,8.795899750000011
33,95,M095,ARCH,1.4962826674755427,FALLA,-66.92447605000001,8.795899750000011
33,96,M096,DECK_LONG,0.8714748054664625,ALTO,-70.44283595,12.314259650000004
33,97,M097,ARCH,1.411496921963592,FALLA,-70.44283595,12.314259650000004
33,98,M098,DECK_LONG,0.9804091561497703,ALTO,-73.96119585,12.314259650000011
33,99,M099,ARCH,1.350908023882484,FALLA,-73.96119585,12.314259650000011
33,100,M100,DECK_LONG,0.9561246245168715,ALTO,-77.47955575,8.795899750000004
33,101,M101,ARCH,1.3115282527415197,FALLA,-77.47955575,8.795899750000004
33,102,M102,DECK_LONG,0.9635709193026166,ALTO,-80.99791565000001,5.277539849999997
33,103,M103,ARCH,1.5576616218002703,FALLA,-80.99791565000001,5.277539849999997
33,104,M104,DECK_LONG,1.0688297249088772,CRITICO,-84.51627555000002,1.7591799499999894
33,105,M105,ARCH,1.7323642091237277,FALLA,-84.51627555000002,1.7591799499999894
33,106,M106,DECK_LONG,1.2088547850815718,CRITICO,-87.97521331250002,1.6997578125000103
33,107,M107,ARCH,1.6638027802739168,FALLA,-87.97521331250002,1.6997578125000103
33,108,M108,DECK_LONG,0.9994410768935753,ALTO,-91.37472893750001,5.099273437500003
33,109,M109,ARCH,1.6127327117788135,FALLA,-91.37472893750001,5.099273437500003
33,110,M110,DECK_LONG,0.9074581677054113,ALTO,-94.7742445625,8.498789062499995
33,111,M111,ARCH,1.4679201362297774,FALLA,-94.7742445625,8.498789062499995
33,112,M112,DECK_LONG,0.8517979367174475,ALTO,-98.1737601875,11.898304687499987
33,113,M113,ARCH,1.3815926741740605,FALLA,-98.1737601875,11.898304687499987
33,114,M114,DECK_LONG,0.9608516517989201,ALTO,-101.57327581250001,11.898304687499987
33,115,M115,ARCH,1.3209373860395897,FALLA,-101.57327581250001,11.898304687499987
33,116,M116,DECK_LONG,0.9374567848196397,ALTO,-104.9727914375,8.498789062499995
33,117,M117,ARCH,1.5136497354892722,FALLA,-104.9727914375,8.498789062499995
33,118,M118,DECK_LONG,0.9456736771872754,ALTO,-108.3723070625,5.099273437500003
33,119,M119,ARCH,1.530770212226527,FALLA,-108.3723070625,5.099273437500003
33,120,M120,DECK_LONG,1.2327016928297667,CRITICO,-111.77182268749999,1.6997578125000103
33,121,M121,ARCH,1.7001547737925065,FALLA,-111.77182268749999,1.6997578125000103
33,122,M122,SPANDREL,1.8332770500000006,FALLA,-36.0606976,0.0
33,123,M123,SPANDREL,1.3432181106881564,FALLA,-38.8191824375,2.7584848374999993
33,124,M124,SPANDREL,1.298067496504434,FALLA,-41.577667274999996,5.516969674999999
33,125,M125,SPANDREL,1.3205544670353235,FALLA,-44.3361521125,8.275454512500005
33,126,M126,SPANDREL,1.1716539108404718,CRITICO,-47.094636949999995,11.033939349999997
33,127,M127,SPANDREL,1.2661193974018063,FALLA,-49.8531217875,8.275454512499998
33,128,M128,SPANDREL,1.3967878400897227,FALLA,-52.611606625,5.516969674999999
33,129,M129,SPANDREL,1.3894562556343923,FALLA,-55.3700914625,2.7584848374999993
33,130,M130,SPANDREL,1.8133810200000005,FALLA,-58.1285763,0.0
33,131,M131,SPANDREL,1.5074165719347585,FALLA,-61.6469362,3.5183599
33,132,M132,SPANDREL,1.2493101145127332,CRITICO,-65.1652961,7.036719800000007
33,133,M133,SPANDREL,1.2871562404219659,FALLA,-68.683656,10.5550797
33,134,M134,SPANDREL,1.1494838118662931,CRITICO,-72.2020159,14.0734396
33,135,M135,SPANDREL,1.233524730404384,CRITICO,-75.7203758,10.555079700000007
33,136,M136,SPANDREL,1.3454108925521742,FALLA,-79.2387357,7.0367198
33,137,M137,SPANDREL,1.3265265833025879,FALLA,-82.75709560000001,3.518359899999993
33,138,M138,SPANDREL,1.7934849900000007,FALLA,-86.2754555,0.0
33,139,M139,SPANDREL,1.4991536753660875,FALLA,-89.67497112500001,3.3995156250000065
33,140,M140,SPANDREL,1.2392053261106908,CRITICO,-93.07448675,6.799031249999999
33,141,M141,SPANDREL,1.2753672462789607,FALLA,-96.474002375,10.198546874999991
33,142,M142,SPANDREL,1.1365076703170365,CRITICO,-99.873518,13.598062499999997
33,143,M143,SPANDREL,1.2216466290410013,CRITICO,-103.27303362500001,10.198546874999991
33,144,M144,SPANDREL,1.335633555129238,FALLA,-106.67254925,6.799031249999999
33,145,M145,SPANDREL,1.3173700710178045,FALLA,-110.072064875,3.3995156250000065
33,146,M146,SPANDREL,1.7735889600000008,FALLA,-113.4715805,0.0
33,147,M147,DECK_CROSS,1.2809684250000004,FALLA,-36.0606976,0.0
33,148,M148,DECK_CROSS,0.9410513363489625,ALTO,-38.8191824375,2.7584848374999993
33,149,M149,DECK_CROSS,0.9079598331683705,ALTO,-41.577667274999996,5.516969674999999
33,150,M150,DECK_CROSS,0.9223720132345963,ALTO,-44.3361521125,8.275454512500005
33,151,M151,DECK_CROSS,0.8204821456854712,ALTO,-47.094636949999995,11.033939349999997
33,152,M152,DECK_CROSS,0.8852571930299253,ALTO,-49.8531217875,8.275454512499998
33,153,M153,DECK_CROSS,0.830625714885891,ALTO,-52.611606625,5.516969674999999
33,154,M154,DECK_CROSS,0.9725773442668507,ALTO,-55.3700914625,2.7584848374999993
33,155,M155,DECK_CROSS,1.2674029500000004,FALLA,-58.1285763,0.0
33,156,M156,DECK_CROSS,0.8983593711530379,ALTO,-61.6469362,3.5183599
33,157,M157,DECK_CROSS,0.8741081406778943,ALTO,-65.1652961,7.036719800000007
33,158,M158,DECK_CROSS,0.899275824537232,ALTO,-68.683656,10.5550797
33,159,M159,DECK_CROSS,0.8052112629823037,ALTO,-72.2020159,14.0734396
33,160,M160,DECK_CROSS,0.8627088858888808,ALTO,-75.7203758,10.555079700000007
33,161,M161,DECK_CROSS,0.9396313984320586,ALTO,-79.2387357,7.0367198
33,162,M162,DECK_CROSS,0.9288122311921242,ALTO,-82.75709560000001,3.518359899999993
33,163,M163,DECK_CROSS,1.2538374750000005,FALLA,-86.2754555,0.0
33,164,M164,DECK_CROSS,0.8920862065239817,ALTO,-89.67497112500001,3.3995156250000065
33,165,M165,DECK_CROSS,0.867294516317687,ALTO,-93.07448675,6.799031249999999
33,166,M166,DECK_CROSS,0.8912738769025073,ALTO,-96.474002375,10.198546874999991
33,167,M167,DECK_CROSS,0.7963790552599685,ALTO,-99.873518,13.598062499999997
33,168,M168,DECK_CROSS,0.8546461833311711,ALTO,-103.27303362500001,10.198546874999991
33,169,M169,DECK_CROSS,0.9330410361030601,ALTO,-106.67254925,6.799031249999999
33,170,M170,DECK_CROSS,0.9226895069193156,ALTO,-110.072064875,3.3995156250000065
33,171,M171,DECK_CROSS,1.2402720000000005,CRITICO,-113.4715805,0.0
34,1,M001,DECK_LONG,1.1831873019388122,CRITICO,-37.439940018749994,1.379242418749996
34,2,M002,ARCH,1.9126827249678413,FALLA,-37.439940018749994,1.379242418749996
34,3,M003,DECK_LONG,0.9805124252715638,ALTO,-40.19842485625,4.1377272562500025
34,4,M004,ARCH,1.5892191174664183,FALLA,-40.19842485625,4.1377272562500025
34,5,M005,DECK_LONG,1.0369559929533054,CRITICO,-42.95690969375,6.896212093750002
34,6,M006,ARCH,1.427210518078058,FALLA,-42.95690969375,6.896212093750002
34,7,M007,DECK_LONG,0.9686264604073827,ALTO,-45.71539453125,9.654696931250001
34,8,M008,ARCH,1.5630091801398458,FALLA,-45.71539453125,9.654696931250001
34,9,M009,DECK_LONG,0.927245266687447,ALTO,-48.47387936875,9.654696931250001
34,10,M010,ARCH,1.4999280921521392,FALLA,-48.47387936875,9.654696931250001
34,11,M011,DECK_LONG,0.9095000970060859,ALTO,-51.23236420625,6.896212093750002
34,12,M012,ARCH,1.4751839808705978,FALLA,-51.23236420625,6.896212093750002
34,13,M013,DECK_LONG,1.0928104295334355,CRITICO,-53.99084904375,4.137727256249995
34,14,M014,ARCH,1.5023486190840099,FALLA,-53.99084904375,4.137727256249995
34,15,M015,DECK_LONG,1.2083203655420869,CRITICO,-56.749333881249996,1.3792424187500032
34,16,M016,ARCH,1.950995321924053,FALLA,-56.749333881249996,1.3792424187500032
34,17,M017,DECK_LONG,1.1256900267727161,CRITICO,-59.887756249999995,1.7591799499999965
34,18,M018,ARCH,1.822164244128484,FALLA,-59.887756249999995,1.7591799499999965
34,19,M019,DECK_LONG,1.0901004339585159,CRITICO,-63.40611615,5.277539850000004
34,20,M020,ARCH,1.50347766007635,FALLA,-63.40611615,5.277539850000004
34,21,M021,DECK_LONG,0.9943478453860193,ALTO,-66.92447605000001,8.795899750000011
34,22,M022,ARCH,1.365371757821132,FALLA,-66.92447605000001,8.795899750000011
34,23,M023,DECK_LONG,0.9373171894175526,ALTO,-70.44283595,12.314259650000004
34,24,M024,ARCH,1.5143824469879654,FALLA,-70.44283595,12.314259650000004
34,25,M025,DECK_LONG,0.8963664384235819,ALTO,-73.96119585,12.314259650000011
34,26,M026,ARCH,1.4519575216922784,FALLA,-73.96119585,12.314259650000011
34,27,M027,DECK_LONG,1.0251803367158183,CRITICO,-77.47955575,8.795899750000004
34,28,M028,ARCH,1.4123725067994841,FALLA,-77.47955575,8.795899750000004
34,29,M029,DECK_LONG,1.0349465429546623,CRITICO,-80.99791565000001,5.277539849999997
34,30,M030,ARCH,1.669156941696606,FALLA,-80.99791565000001,5.277539849999997
34,31,M031,DECK_LONG,1.1501615490938624,CRITICO,-84.51627555000002,1.7591799499999894
34,32,M032,ARCH,1.8594683940082801,FALLA,-84.51627555000002,1.7591799499999894
34,33,M033,DECK_LONG,1.1037393945178502,CRITICO,-87.97521331250002,1.6997578125000103
34,34,M034,ARCH,1.7891281845023415,FALLA,-87.97521331250002,1.6997578125000103
34,35,M035,DECK_LONG,1.0720893638407683,CRITICO,-91.37472893750001,5.099273437500003
34,36,M036,ARCH,1.4753249919411568,FALLA,-91.37472893750001,5.099273437500003
34,37,M037,DECK_LONG,0.9751368660131176,ALTO,-94.7742445625,8.498789062499995
34,38,M038,ARCH,1.5736525126994572,FALLA,-94.7742445625,8.498789062499995
34,39,M039,DECK_LONG,0.9170872616351838,ALTO,-98.1737601875,11.898304687499987
34,40,M040,ARCH,1.4836378783419302,FALLA,-98.1737601875,11.898304687499987
34,41,M041,DECK_LONG,0.876091639012419,ALTO,-101.57327581250001,11.898304687499987
34,42,M042,ARCH,1.4211445511730814,FALLA,-101.57327581250001,11.898304687499987
34,43,M043,DECK_LONG,1.0060445321308074,CRITICO,-104.9727914375,8.498789062499995
34,44,M044,ARCH,1.3828353666984752,FALLA,-104.9727914375,8.498789062499995
34,45,M045,DECK_LONG,1.0166926489918533,CRITICO,-108.3723070625,5.099273437500003
34,46,M046,ARCH,1.641733703153375,FALLA,-108.3723070625,5.099273437500003
34,47,M047,DECK_LONG,1.1283089358341722,CRITICO,-111.77182268749999,1.6997578125000103
34,48,M048,ARCH,1.8265817535821005,FALLA,-111.77182268749999,1.6997578125000103
34,49,M049,SPANDREL,1.9649698200000005,FALLA,-36.0606976,0.0
34,50,M050,SPANDREL,1.4458527809097257,FALLA,-38.8191824375,2.7584848374999993
34,51,M051,SPANDREL,1.3936690155663962,FALLA,-41.577667274999996,5.516969674999999
34,52,M052,SPANDREL,1.2047806657384492,CRITICO,-44.3361521125,8.275454512500005
34,53,M053,SPANDREL,1.2602653818187672,FALLA,-47.094636949999995,11.033939349999997
34,54,M054,SPANDREL,1.3584940610223204,FALLA,-49.8531217875,8.275454512499998
34,55,M055,SPANDREL,1.2768085701617606,FALLA,-52.611606625,5.516969674999999
34,56,M056,SPANDREL,1.4934920817634234,FALLA,-55.3700914625,2.7584848374999993
34,57,M057,SPANDREL,1.9444708800000003,FALLA,-58.1285763,0.0
34,58,M058,SPANDREL,1.3805296551052333,FALLA,-61.6469362,3.5183599
34,59,M059,SPANDREL,1.3419411030162562,FALLA,-65.1652961,7.036719800000007
34,60,M060,SPANDREL,1.3793711375565736,FALLA,-68.683656,10.5550797
34,61,M061,SPANDREL,1.2370430810557762,CRITICO,-72.2020159,14.0734396
34,62,M062,SPANDREL,1.3241144302657317,FALLA,-75.7203758,10.555079700000007
34,63,M063,SPANDREL,1.2281815746600901,CRITICO,-79.2387357,7.0367198
34,64,M064,SPANDREL,1.4265473102754083,FALLA,-82.75709560000001,3.518359899999993
34,65,M065,SPANDREL,1.9239719400000006,FALLA,-86.2754555,0.0
34,66,M066,SPANDREL,1.3711638723793802,FALLA,-89.67497112500001,3.3995156250000065
34,67,M067,SPANDREL,1.3317167411845772,FALLA,-93.07448675,6.799031249999999
34,68,M068,SPANDREL,1.3673133083304623,FALLA,-96.474002375,10.198546874999991
34,69,M069,SPANDREL,1.2237109530402752,CRITICO,-99.873518,13.598062499999997
34,70,M070,SPANDREL,1.3119647936004433,FALLA,-103.27303362500001,10.198546874999991
34,71,M071,SPANDREL,1.217569591940185,CRITICO,-106.67254925,6.799031249999999
34,72,M072,SPANDREL,1.4174088596434402,FALLA,-110.072064875,3.3995156250000065
34,73,M073,SPANDREL,1.9034730000000004,FALLA,-113.4715805,0.0
34,74,M074,DECK_LONG,1.1329211747322612,CRITICO,-37.439940018749994,1.379242418749996
34,75,M075,ARCH,1.8360575310554164,FALLA,-37.439940018749994,1.379242418749996
34,76,M076,DECK_LONG,1.1062191464602258,CRITICO,-40.19842485625,4.1377272562500025
34,77,M077,ARCH,1.5227887363504584,FALLA,-40.19842485625,4.1377272562500025
34,78,M078,DECK_LONG,0.9960442238838275,ALTO,-42.95690969375,6.896212093750002
34,79,M079,ARCH,1.6071110035500822,FALLA,-42.95690969375,6.896212093750002
34,80,M080,DECK_LONG,0.9287779034918889,ALTO,-45.71539453125,9.654696931250001
34,81,M081,ARCH,1.5022644287442761,FALLA,-45.71539453125,9.654696931250001
34,82,M082,DECK_LONG,0.8873967097719533,ALTO,-48.47387936875,9.654696931250001
34,83,M083,ARCH,1.4391833407565695,FALLA,-48.47387936875,9.654696931250001
34,84,M084,DECK_LONG,1.0275148154757336,CRITICO,-51.23236420625,6.896212093750002
34,85,M085,ARCH,1.412818479240296,FALLA,-51.23236420625,6.896212093750002
34,86,M086,DECK_LONG,1.049232099521366,CRITICO,-53.99084904375,4.137727256249995
34,87,M087,ARCH,1.6939747184569702,FALLA,-53.99084904375,4.137727256249995
34,88,M088,DECK_LONG,1.1580542383355361,CRITICO,-56.749333881249996,1.3792424187500032
34,89,M089,ARCH,1.8743701280116278,FALLA,-56.749333881249996,1.3792424187500032
34,90,M090,DECK_LONG,1.266871886317789,FALLA,-59.887756249999995,1.7591799499999965
34,91,M091,ARCH,1.7475559443688924,FALLA,-59.887756249999995,1.7591799499999965
34,92,M092,DECK_LONG,1.047923929073216,CRITICO,-63.40611615,5.277539850000004
34,93,M093,ARCH,1.4391842075072956,FALLA,-63.40611615,5.277539850000004
34,94,M094,DECK_LONG,0.9542656066572806,ALTO,-66.92447605000001,8.795899750000011
34,95,M095,ARCH,1.5416245664899528,FALLA,-66.92447605000001,8.795899750000011
34,96,M096,DECK_LONG,0.8978831329048401,ALTO,-70.44283595,12.314259650000004
34,97,M097,ARCH,1.4542695559624887,FALLA,-70.44283595,12.314259650000004
34,98,M098,DECK_LONG,1.0101185245179451,CRITICO,-73.96119585,12.314259650000011
34,99,M099,ARCH,1.391844630666802,FALLA,-73.96119585,12.314259650000011
34,100,M100,DECK_LONG,0.9850980979870796,ALTO,-77.47955575,8.795899750000004
34,101,M101,ARCH,1.3512715331276262,FALLA,-77.47955575,8.795899750000004
34,102,M102,DECK_LONG,0.9927700380693626,ALTO,-80.99791565000001,5.277539849999997
34,103,M103,ARCH,1.6048634891275513,FALLA,-80.99791565000001,5.277539849999997
34,104,M104,DECK_LONG,1.1012185044515703,CRITICO,-84.51627555000002,1.7591799499999894
34,105,M105,ARCH,1.784860094248689,FALLA,-84.51627555000002,1.7591799499999894
34,106,M106,DECK_LONG,1.2454867482658616,CRITICO,-87.97521331250002,1.6997578125000103
34,107,M107,ARCH,1.7142210463428231,FALLA,-87.97521331250002,1.6997578125000103
34,108,M108,DECK_LONG,1.0297271701327744,CRITICO,-91.37472893750001,5.099273437500003
34,109,M109,ARCH,1.6616034000145352,FALLA,-91.37472893750001,5.099273437500003
34,110,M110,DECK_LONG,0.9349569000601207,ALTO,-94.7742445625,8.498789062499995
34,111,M111,ARCH,1.5124025646003767,FALLA,-94.7742445625,8.498789062499995
34,112,M112,DECK_LONG,0.8776099954058548,ALTO,-98.1737601875,11.898304687499987
34,113,M113,ARCH,1.4234591188460015,FALLA,-98.1737601875,11.898304687499987
34,114,M114,DECK_LONG,0.9899683685200993,ALTO,-101.57327581250001,11.898304687499987
34,115,M115,ARCH,1.360965791677153,FALLA,-101.57327581250001,11.898304687499987
34,116,M116,DECK_LONG,0.9658645661778105,ALTO,-104.9727914375,8.498789062499995
34,117,M117,ARCH,1.559517909291977,FALLA,-104.9727914375,8.498789062499995
34,118,M118,DECK_LONG,0.9743304552838593,ALTO,-108.3723070625,5.099273437500003
34,119,M119,ARCH,1.5771571883546036,FALLA,-108.3723070625,5.099273437500003
34,120,M120,DECK_LONG,1.2700562895821839,FALLA,-111.77182268749999,1.6997578125000103
34,121,M121,ARCH,1.7516746154225822,FALLA,-111.77182268749999,1.6997578125000103
34,122,M122,SPANDREL,1.8888309000000003,FALLA,-36.0606976,0.0
34,123,M123,SPANDREL,1.3839216897999187,FALLA,-38.8191824375,2.7584848374999993
34,124,M124,SPANDREL,1.3374028751863865,FALLA,-41.577667274999996,5.516969674999999
34,125,M125,SPANDREL,1.3605712690666971,FALLA,-44.3361521125,8.275454512500005
34,126,M126,SPANDREL,1.2071585748053344,CRITICO,-47.094636949999995,11.033939349999997
34,127,M127,SPANDREL,1.304486651868528,FALLA,-49.8531217875,8.275454512499998
34,128,M128,SPANDREL,1.4391147443348657,FALLA,-52.611606625,5.516969674999999
34,129,M129,SPANDREL,1.4315609906536162,FALLA,-55.3700914625,2.7584848374999993
34,130,M130,SPANDREL,1.8683319600000001,FALLA,-58.1285763,0.0
34,131,M131,SPANDREL,1.5530958619933874,FALLA,-61.6469362,3.5183599
34,132,M132,SPANDREL,1.2871679967706946,FALLA,-65.1652961,7.036719800000007
34,133,M133,SPANDREL,1.326160974980207,FALLA,-68.683656,10.5550797
34,134,M134,SPANDREL,1.18431665465012,CRITICO,-72.2020159,14.0734396
34,135,M135,SPANDREL,1.2709042676893652,FALLA,-75.7203758,10.555079700000007
34,136,M136,SPANDREL,1.3861809195992094,FALLA,-79.2387357,7.0367198
34,137,M137,SPANDREL,1.3667243585541815,FALLA,-82.75709560000001,3.518359899999993
34,138,M138,SPANDREL,1.8478330200000004,FALLA,-86.2754555,0.0
34,139,M139,SPANDREL,1.5445825746196051,FALLA,-89.67497112500001,3.3995156250000065
34,140,M140,SPANDREL,1.2767570026594994,FALLA,-93.07448675,6.799031249999999
34,141,M141,SPANDREL,1.3140147385904442,FALLA,-96.474002375,10.198546874999991
34,142,M142,SPANDREL,1.1709472966902799,CRITICO,-99.873518,13.598062499999997
34,143,M143,SPANDREL,1.2586662238604254,FALLA,-103.27303362500001,10.198546874999991
34,144,M144,SPANDREL,1.3761072992240633,FALLA,-106.67254925,6.799031249999999
34,145,M145,SPANDREL,1.357290376200162,FALLA,-110.072064875,3.3995156250000065
34,146,M146,SPANDREL,1.8273340800000004,FALLA,-113.4715805,0.0
34,147,M147,DECK_CROSS,1.3197856500000003,FALLA,-36.0606976,0.0
34,148,M148,DECK_CROSS,0.9695680435110523,ALTO,-38.8191824375,2.7584848374999993
34,149,M149,DECK_CROSS,0.935473767506806,ALTO,-41.577667274999996,5.516969674999999
34,150,M150,DECK_CROSS,0.9503226803023112,ALTO,-44.3361521125,8.275454512500005
34,151,M151,DECK_CROSS,0.8453452410092732,ALTO,-47.094636949999995,11.033939349999997
34,152,M152,DECK_CROSS,0.9120831685762866,ALTO,-49.8531217875,8.275454512499998
34,153,M153,DECK_CROSS,0.8557961910945545,ALTO,-52.611606625,5.516969674999999
34,154,M154,DECK_CROSS,1.0020493850022099,CRITICO,-55.3700914625,2.7584848374999993
34,155,M155,DECK_CROSS,1.3058091000000003,FALLA,-58.1285763,0.0
34,156,M156,DECK_CROSS,0.9255823824000996,ALTO,-61.6469362,3.5183599
34,157,M157,DECK_CROSS,0.9005962661529819,ALTO,-65.1652961,7.036719800000007
34,158,M158,DECK_CROSS,0.9265266070989663,ALTO,-68.683656,10.5550797
34,159,M159,DECK_CROSS,0.8296116042847976,ALTO,-72.2020159,14.0734396
34,160,M160,DECK_CROSS,0.8888515794006651,ALTO,-75.7203758,10.555079700000007
34,161,M161,DECK_CROSS,0.9681050771724239,ALTO,-79.2387357,7.0367198
34,162,M162,DECK_CROSS,0.9569580563797643,ALTO,-82.75709560000001,3.518359899999993
34,163,M163,DECK_CROSS,1.2918325500000003,FALLA,-86.2754555,0.0
34,164,M164,DECK_CROSS,0.9191191218731932,ALTO,-89.67497112500001,3.3995156250000065
34,165,M165,DECK_CROSS,0.8935761683273137,ALTO,-93.07448675,6.799031249999999
34,166,M166,DECK_CROSS,0.918282176202583,ALTO,-96.474002375,10.198546874999991
34,167,M167,DECK_CROSS,0.8205117539042098,ALTO,-99.873518,13.598062499999997
34,168,M168,DECK_CROSS,0.8805445525230248,ALTO,-103.27303362500001,10.198546874999991
34,169,M169,DECK_CROSS,0.9613150068940618,ALTO,-106.67254925,6.799031249999999
34,170,M170,DECK_CROSS,0.9506497950077797,ALTO,-110.072064875,3.3995156250000065
34,171,M171,DECK_CROSS,1.2778560000000003,FALLA,-113.4715805,0.0
35,1,M001,DECK_LONG,1.2179869284664244,CRITICO,-37.439940018749994,1.379242418749996
35,2,M002,ARCH,1.9689380992316015,FALLA,-37.439940018749994,1.379242418749996
35,3,M003,DECK_LONG,1.009351026014845,CRITICO,-40.19842485625,4.1377272562500025
35,4,M004,ARCH,1.6359608562154306,FALLA,-40.19842485625,4.1377272562500025
35,5,M005,DECK_LONG,1.0674546986284026,CRITICO,-42.95690969375,6.896212093750002
35,6,M006,ARCH,1.4691872980215306,FALLA,-42.95690969375,6.896212093750002
35,7,M007,DECK_LONG,0.9971154739487763,ALTO,-45.71539453125,9.654696931250001
35,8,M008,ARCH,1.6089800383792532,FALLA,-45.71539453125,9.654696931250001
35,9,M009,DECK_LONG,0.9545171862959013,ALTO,-48.47387936875,9.654696931250001
35,10,M010,ARCH,1.544043624274261,FALLA,-48.47387936875,9.654696931250001
35,11,M011,DECK_LONG,0.936250099859206,ALTO,-51.23236420625,6.896212093750002
35,12,M012,ARCH,1.5185717450138507,FALLA,-51.23236420625,6.896212093750002
35,13,M013,DECK_LONG,1.1249519127550072,CRITICO,-53.99084904375,4.137727256249995
35,14,M014,ARCH,1.546535343174716,FALLA,-53.99084904375,4.137727256249995
35,15,M015,DECK_LONG,1.2438591998227364,CRITICO,-56.749333881249996,1.3792424187500032
35,16,M016,ARCH,2.00837753727476,FALLA,-56.749333881249996,1.3792424187500032
35,17,M017,DECK_LONG,1.1587985569719135,CRITICO,-59.887756249999995,1.7591799499999965
35,18,M018,ARCH,1.8757573101322627,FALLA,-59.887756249999995,1.7591799499999965
35,19,M019,DECK_LONG,1.122162211427884,CRITICO,-63.40611615,5.277539850000004
35,20,M020,ARCH,1.5476975912550663,FALLA,-63.40611615,5.277539850000004
35,21,M021,DECK_LONG,1.0235933702503142,CRITICO,-66.92447605000001,8.795899750000011
35,22,M022,ARCH,1.405529750698224,FALLA,-66.92447605000001,8.795899750000011
35,23,M023,DECK_LONG,0.9648853420474806,ALTO,-70.44283595,12.314259650000004
35,24,M024,ARCH,1.5589231071934935,FALLA,-70.44283595,12.314259650000004
35,25,M025,DECK_LONG,0.9227301572007459,ALTO,-73.96119585,12.314259650000011
35,26,M026,ARCH,1.4946621546832275,FALLA,-73.96119585,12.314259650000011
35,27,M027,DECK_LONG,1.0553326995604013,CRITICO,-77.47955575,8.795899750000004
35,28,M028,ARCH,1.4539128746465277,FALLA,-77.47955575,8.795899750000004
35,29,M029,DECK_LONG,1.065386147159211,CRITICO,-80.99791565000001,5.277539849999997
35,30,M030,ARCH,1.7182497929229767,FALLA,-80.99791565000001,5.277539849999997
35,31,M031,DECK_LONG,1.1839898299495644,CRITICO,-84.51627555000002,1.7591799499999894
35,32,M032,ARCH,1.9141586408908768,FALLA,-84.51627555000002,1.7591799499999894
35,33,M033,DECK_LONG,1.136202317886022,CRITICO,-87.97521331250002,1.6997578125000103
35,34,M034,ARCH,1.8417496016935868,FALLA,-87.97521331250002,1.6997578125000103
35,35,M035,DECK_LONG,1.103621403953732,CRITICO,-91.37472893750001,5.099273437500003
35,36,M036,ARCH,1.5187169034688377,FALLA,-91.37472893750001,5.099273437500003
35,37,M037,DECK_LONG,1.0038173620723267,CRITICO,-94.7742445625,8.498789062499995
35,38,M038,ARCH,1.6199364101317941,FALLA,-94.7742445625,8.498789062499995
35,39,M039,DECK_LONG,0.9440604163891599,ALTO,-98.1737601875,11.898304687499987
35,40,M040,ARCH,1.5272742865284576,FALLA,-98.1737601875,11.898304687499987
35,41,M041,DECK_LONG,0.9018590401598432,ALTO,-101.57327581250001,11.898304687499987
35,42,M042,ARCH,1.4629429203252309,FALLA,-101.57327581250001,11.898304687499987
35,43,M043,DECK_LONG,1.0356340771934782,CRITICO,-104.9727914375,8.498789062499995
35,44,M044,ARCH,1.4235069951307833,FALLA,-104.9727914375,8.498789062499995
35,45,M045,DECK_LONG,1.0465953739622018,CRITICO,-108.3723070625,5.099273437500003
35,46,M046,ARCH,1.6900199885402387,FALLA,-108.3723070625,5.099273437500003
35,47,M047,DECK_LONG,1.1614944927704713,CRITICO,-111.77182268749999,1.6997578125000103
35,48,M048,ARCH,1.880304746334515,FALLA,-111.77182268749999,1.6997578125000103
35,49,M049,SPANDREL,2.0227630500000005,FALLA,-36.0606976,0.0
35,50,M050,SPANDREL,1.488377862701188,FALLA,-38.8191824375,2.7584848374999993
35,51,M051,SPANDREL,1.4346592807301137,FALLA,-41.577667274999996,5.516969674999999
35,52,M052,SPANDREL,1.2402153912013447,CRITICO,-44.3361521125,8.275454512500005
35,53,M053,SPANDREL,1.2973320106957897,FALLA,-47.094636949999995,11.033939349999997
35,54,M054,SPANDREL,1.398449768699447,FALLA,-49.8531217875,8.275454512499998
35,55,M055,SPANDREL,1.3143617634018123,FALLA,-52.611606625,5.516969674999999
35,56,M056,SPANDREL,1.5374183194623474,FALLA,-55.3700914625,2.7584848374999993
35,57,M057,SPANDREL,2.0016612,FALLA,-58.1285763,0.0
35,58,M058,SPANDREL,1.4211334684906813,FALLA,-61.6469362,3.5183599
35,59,M059,SPANDREL,1.3814099589873228,FALLA,-65.1652961,7.036719800000007
35,60,M060,SPANDREL,1.4199408768964727,FALLA,-68.683656,10.5550797
35,61,M061,SPANDREL,1.2734267010868285,FALLA,-72.2020159,14.0734396
35,62,M062,SPANDREL,1.363058972332371,FALLA,-75.7203758,10.555079700000007
35,63,M063,SPANDREL,1.2643045621500928,FALLA,-79.2387357,7.0367198
35,64,M064,SPANDREL,1.4685045841070377,FALLA,-82.75709560000001,3.518359899999993
35,65,M065,SPANDREL,1.9805593500000003,FALLA,-86.2754555,0.0
35,66,M066,SPANDREL,1.411492221567009,FALLA,-89.67497112500001,3.3995156250000065
35,67,M067,SPANDREL,1.3708848806311826,FALLA,-93.07448675,6.799031249999999
35,68,M068,SPANDREL,1.4075284056342994,FALLA,-96.474002375,10.198546874999991
35,69,M069,SPANDREL,1.259702451659107,FALLA,-99.873518,13.598062499999997
35,70,M070,SPANDREL,1.350551993412221,FALLA,-103.27303362500001,10.198546874999991
35,71,M071,SPANDREL,1.2533804622913671,FALLA,-106.67254925,6.799031249999999
35,72,M072,SPANDREL,1.459097355515306,FALLA,-110.072064875,3.3995156250000065
35,73,M073,SPANDREL,1.9594575000000003,FALLA,-113.4715805,0.0
35,74,M074,DECK_LONG,1.1662423857537985,CRITICO,-37.439940018749994,1.379242418749996
35,75,M075,ARCH,1.8900592231452815,FALLA,-37.439940018749994,1.379242418749996
35,76,M076,DECK_LONG,1.138755003709056,CRITICO,-40.19842485625,4.1377272562500025
35,77,M077,ARCH,1.5675766403607663,FALLA,-40.19842485625,4.1377272562500025
35,78,M078,DECK_LONG,1.0253396422333518,CRITICO,-42.95690969375,6.896212093750002
35,79,M079,ARCH,1.6543789742427317,FALLA,-42.95690969375,6.896212093750002
35,80,M080,DECK_LONG,0.9560949006534152,ALTO,-45.71539453125,9.654696931250001
35,81,M081,ARCH,1.5464486766485197,FALLA,-45.71539453125,9.654696931250001
35,82,M082,DECK_LONG,0.9134966130005402,ALTO,-48.47387936875,9.654696931250001
35,83,M083,ARCH,1.4815122625435275,FALLA,-48.47387936875,9.654696931250001
35,84,M084,DECK_LONG,1.057735839460314,CRITICO,-51.23236420625,6.896212093750002
35,85,M085,ARCH,1.4543719639238344,FALLA,-51.23236420625,6.896212093750002
35,86,M086,DECK_LONG,1.0800918671543471,CRITICO,-53.99084904375,4.137727256249995
35,87,M087,ARCH,1.7437975042939398,FALLA,-53.99084904375,4.137727256249995
35,88,M088,DECK_LONG,1.1921146571101107,CRITICO,-56.749333881249996,1.3792424187500032
35,89,M089,ARCH,1.9294986611884402,FALLA,-56.749333881249996,1.3792424187500032
35,90,M090,DECK_LONG,1.3041328241506651,FALLA,-59.887756249999995,1.7591799499999965
35,91,M091,ARCH,1.7989546486150363,FALLA,-59.887756249999995,1.7591799499999965
35,92,M092,DECK_LONG,1.0787452211047812,CRITICO,-63.40611615,5.277539850000004
35,93,M093,ARCH,1.481513154786922,FALLA,-63.40611615,5.277539850000004
35,94,M094,DECK_LONG,0.9823322421472006,ALTO,-66.92447605000001,8.795899750000011
35,95,M095,ARCH,1.5869664655043632,FALLA,-66.92447605000001,8.795899750000011
35,96,M096,DECK_LONG,0.9242914603432176,ALTO,-70.44283595,12.314259650000004
35,97,M097,ARCH,1.4970421899613853,FALLA,-70.44283595,12.314259650000004
35,98,M098,DECK_LONG,1.03982789288612,CRITICO,-73.96119585,12.314259650000011
35,99,M099,ARCH,1.4327812374511193,FALLA,-73.96119585,12.314259650000011
35,100,M100,DECK_LONG,1.0140715714572879,CRITICO,-77.47955575,8.795899750000004
35,101,M101,ARCH,1.3910148135137328,FALLA,-77.47955575,8.795899750000004
35,102,M102,DECK_LONG,1.0219691568361087,CRITICO,-80.99791565000001,5.277539849999997
35,103,M103,ARCH,1.6520653564548324,FALLA,-80.99791565000001,5.277539849999997
35,104,M104,DECK_LONG,1.1336072839942637,CRITICO,-84.51627555000002,1.7591799499999894
35,105,M105,ARCH,1.8373559793736505,FALLA,-84.51627555000002,1.7591799499999894
35,106,M106,DECK_LONG,1.2821187114501515,FALLA,-87.97521331250002,1.6997578125000103
35,107,M107,ARCH,1.7646393124117297,FALLA,-87.97521331250002,1.6997578125000103
35,108,M108,DECK_LONG,1.0600132633719737,CRITICO,-91.37472893750001,5.099273437500003
35,109,M109,ARCH,1.7104740882502567,FALLA,-91.37472893750001,5.099273437500003
35,110,M110,DECK_LONG,0.96245563241483,ALTO,-94.7742445625,8.498789062499995
35,111,M111,ARCH,1.556884992970976,FALLA,-94.7742445625,8.498789062499995
35,112,M112,DECK_LONG,0.9034220540942624,ALTO,-98.1737601875,11.898304687499987
35,113,M113,ARCH,1.4653255635179427,FALLA,-98.1737601875,11.898304687499987
35,114,M114,DECK_LONG,1.0190850852412787,CRITICO,-101.57327581250001,11.898304687499987
35,115,M115,ARCH,1.4009941973147162,FALLA,-101.57327581250001,11.898304687499987
35,116,M116,DECK_LONG,0.9942723475359814,ALTO,-104.9727914375,8.498789062499995
35,117,M117,ARCH,1.6053860830946824,FALLA,-104.9727914375,8.498789062499995
35,118,M118,DECK_LONG,1.0029872333804435,CRITICO,-108.3723070625,5.099273437500003
35,119,M119,ARCH,1.62354416448268,FALLA,-108.3723070625,5.099273437500003
35,120,M120,DECK_LONG,1.307410886334601,FALLA,-111.77182268749999,1.6997578125000103
35,121,M121,ARCH,1.8031944570526581,FALLA,-111.77182268749999,1.6997578125000103
35,122,M122,SPANDREL,1.9443847500000002,FALLA,-36.0606976,0.0
35,123,M123,SPANDREL,1.424625268911681,FALLA,-38.8191824375,2.7584848374999993
35,124,M124,SPANDREL,1.376738253868339,FALLA,-41.577667274999996,5.516969674999999
35,125,M125,SPANDREL,1.4005880710980703,FALLA,-44.3361521125,8.275454512500005
35,126,M126,SPANDREL,1.2426632387701972,CRITICO,-47.094636949999995,11.033939349999997
35,127,M127,SPANDREL,1.3428539063352491,FALLA,-49.8531217875,8.275454512499998
35,128,M128,SPANDREL,1.4814416485800088,FALLA,-52.611606625,5.516969674999999
35,129,M129,SPANDREL,1.47366572567284,FALLA,-55.3700914625,2.7584848374999993
35,130,M130,SPANDREL,1.9232829,FALLA,-58.1285763,0.0
35,131,M131,SPANDREL,1.5987751520520166,FALLA,-61.6469362,3.5183599
35,132,M132,SPANDREL,1.3250258790286564,FALLA,-65.1652961,7.036719800000007
35,133,M133,SPANDREL,1.3651657095384486,FALLA,-68.683656,10.5550797
35,134,M134,SPANDREL,1.2191494974339472,CRITICO,-72.2020159,14.0734396
35,135,M135,SPANDREL,1.3082838049743466,FALLA,-75.7203758,10.555079700000007
35,136,M136,SPANDREL,1.426950946646245,FALLA,-79.2387357,7.0367198
35,137,M137,SPANDREL,1.406922133805775,FALLA,-82.75709560000001,3.518359899999993
35,138,M138,SPANDREL,1.9021810500000003,FALLA,-86.2754555,0.0
35,139,M139,SPANDREL,1.590011473873123,FALLA,-89.67497112500001,3.3995156250000065
35,140,M140,SPANDREL,1.3143086792083085,FALLA,-93.07448675,6.799031249999999
35,141,M141,SPANDREL,1.3526622309019276,FALLA,-96.474002375,10.198546874999991
35,142,M142,SPANDREL,1.2053869230635235,CRITICO,-99.873518,13.598062499999997
35,143,M143,SPANDREL,1.2956858186798497,FALLA,-103.27303362500001,10.198546874999991
35,144,M144,SPANDREL,1.4165810433188888,FALLA,-106.67254925,6.799031249999999
35,145,M145,SPANDREL,1.3972106813825198,FALLA,-110.072064875,3.3995156250000065
35,146,M146,SPANDREL,1.8810792000000003,FALLA,-113.4715805,0.0
35,147,M147,DECK_CROSS,1.358602875,FALLA,-36.0606976,0.0
35,148,M148,DECK_CROSS,0.998084750673142,ALTO,-38.8191824375,2.7584848374999993
35,149,M149,DECK_CROSS,0.9629877018452414,ALTO,-41.577667274999996,5.516969674999999
35,150,M150,DECK_CROSS,0.978273347370026,ALTO,-44.3361521125,8.275454512500005
35,151,M151,DECK_CROSS,0.8702083363330753,ALTO,-47.094636949999995,11.033939349999997
35,152,M152,DECK_CROSS,0.9389091441226478,ALTO,-49.8531217875,8.275454512499998
35,153,M153,DECK_CROSS,0.8809666673032177,ALTO,-52.611606625,5.516969674999999
35,154,M154,DECK_CROSS,1.0315214257375689,CRITICO,-55.3700914625,2.7584848374999993
35,155,M155,DECK_CROSS,1.34421525,FALLA,-58.1285763,0.0
35,156,M156,DECK_CROSS,0.9528053936471612,ALTO,-61.6469362,3.5183599
35,157,M157,DECK_CROSS,0.9270843916280697,ALTO,-65.1652961,7.036719800000007
35,158,M158,DECK_CROSS,0.9537773896607005,ALTO,-68.683656,10.5550797
35,159,M159,DECK_CROSS,0.8540119455872918,ALTO,-72.2020159,14.0734396
35,160,M160,DECK_CROSS,0.9149942729124492,ALTO,-75.7203758,10.555079700000007
35,161,M161,DECK_CROSS,0.9965787559127893,ALTO,-79.2387357,7.0367198
35,162,M162,DECK_CROSS,0.9851038815674044,ALTO,-82.75709560000001,3.518359899999993
35,163,M163,DECK_CROSS,1.3298276250000003,FALLA,-86.2754555,0.0
35,164,M164,DECK_CROSS,0.9461520372224048,ALTO,-89.67497112500001,3.3995156250000065
35,165,M165,DECK_CROSS,0.9198578203369405,ALTO,-93.07448675,6.799031249999999
35,166,M166,DECK_CROSS,0.945290475502659,ALTO,-96.474002375,10.198546874999991
35,167,M167,DECK_CROSS,0.8446444525484512,ALTO,-99.873518,13.598062499999997
35,168,M168,DECK_CROSS,0.9064429217148784,ALTO,-103.27303362500001,10.198546874999991
35,169,M169,DECK_CROSS,0.9895889776850635,ALTO,-106.67254925,6.799031249999999
35,170,M170,DECK_CROSS,0.9786100830962438,ALTO,-110.072064875,3.3995156250000065
35,171,M171,DECK_CROSS,1.3154400000000002,FALLA,-113.4715805,0.0
36,1,M001,DECK_LONG,1.2527865549940367,FALLA,-37.439940018749994,1.379242418749996
36,2,M002,ARCH,2.0251934734953614,FALLA,-37.439940018749994,1.379242418749996
36,3,M003,DECK_LONG,1.0381896267581263,CRITICO,-40.19842485625,4.1377272562500025
36,4,M004,ARCH,1.6827025949644432,FALLA,-40.19842485625,4.1377272562500025
36,5,M005,DECK_LONG,1.0979534043035,CRITICO,-42.95690969375,6.896212093750002
36,6,M006,ARCH,1.5111640779650028,FALLA,-42.95690969375,6.896212093750002
36,7,M007,DECK_LONG,1.02560448749017,CRITICO,-45.71539453125,9.654696931250001
36,8,M008,ARCH,1.6549508966186603,FALLA,-45.71539453125,9.654696931250001
36,9,M009,DECK_LONG,0.9817891059043558,ALTO,-48.47387936875,9.654696931250001
36,10,M010,ARCH,1.5881591563963828,FALLA,-48.47387936875,9.654696931250001
36,11,M011,DECK_LONG,0.9630001027123263,ALTO,-51.23236420625,6.896212093750002
36,12,M012,ARCH,1.5619595091571037,FALLA,-51.23236420625,6.896212093750002
36,13,M013,DECK_LONG,1.1570933959765788,CRITICO,-53.99084904375,4.137727256249995
36,14,M014,ARCH,1.5907220672654223,FALLA,-53.99084904375,4.137727256249995
36,15,M015,DECK_LONG,1.2793980341033862,FALLA,-56.749333881249996,1.3792424187500032
36,16,M016,ARCH,2.065759752625468,FALLA,-56.749333881249996,1.3792424187500032
36,17,M017,DECK_LONG,1.1919070871711113,CRITICO,-59.887756249999995,1.7591799499999965
36,18,M018,ARCH,1.929350376136042,FALLA,-59.887756249999995,1.7591799499999965
36,19,M019,DECK_LONG,1.154223988897252,CRITICO,-63.40611615,5.277539850000004
36,20,M020,ARCH,1.5919175224337825,FALLA,-63.40611615,5.277539850000004
36,21,M021,DECK_LONG,1.0528388951146088,CRITICO,-66.92447605000001,8.795899750000011
36,22,M022,ARCH,1.4456877435753162,FALLA,-66.92447605000001,8.795899750000011
36,23,M023,DECK_LONG,0.992453494677409,ALTO,-70.44283595,12.314259650000004
36,24,M024,ARCH,1.6034637673990224,FALLA,-70.44283595,12.314259650000004
36,25,M025,DECK_LONG,0.9490938759779105,ALTO,-73.96119585,12.314259650000011
36,26,M026,ARCH,1.5373667876741774,FALLA,-73.96119585,12.314259650000011
36,27,M027,DECK_LONG,1.0854850624049843,CRITICO,-77.47955575,8.795899750000004
36,28,M028,ARCH,1.4954532424935711,FALLA,-77.47955575,8.795899750000004
36,29,M029,DECK_LONG,1.09582575136376,CRITICO,-80.99791565000001,5.277539849999997
36,30,M030,ARCH,1.7673426441493474,FALLA,-80.99791565000001,5.277539849999997
36,31,M031,DECK_LONG,1.2178181108052661,CRITICO,-84.51627555000002,1.7591799499999894
36,32,M032,ARCH,1.9688488877734733,FALLA,-84.51627555000002,1.7591799499999894
36,33,M033,DECK_LONG,1.1686652412541942,CRITICO,-87.97521331250002,1.6997578125000103
36,34,M034,ARCH,1.8943710188848322,FALLA,-87.97521331250002,1.6997578125000103
36,35,M035,DECK_LONG,1.135153444066696,CRITICO,-91.37472893750001,5.099273437500003
36,36,M036,ARCH,1.562108814996519,FALLA,-91.37472893750001,5.099273437500003
36,37,M037,DECK_LONG,1.0324978581315365,CRITICO,-94.7742445625,8.498789062499995
36,38,M038,ARCH,1.6662203075641313,FALLA,-94.7742445625,8.498789062499995
36,39,M039,DECK_LONG,0.971033571143136,ALTO,-98.1737601875,11.898304687499987
36,40,M040,ARCH,1.5709106947149851,FALLA,-98.1737601875,11.898304687499987
36,41,M041,DECK_LONG,0.9276264413072675,ALTO,-101.57327581250001,11.898304687499987
36,42,M042,ARCH,1.5047412894773804,FALLA,-101.57327581250001,11.898304687499987
36,43,M043,DECK_LONG,1.0652236222561493,CRITICO,-104.9727914375,8.498789062499995
36,44,M044,ARCH,1.4641786235630916,FALLA,-104.9727914375,8.498789062499995
36,45,M045,DECK_LONG,1.0764980989325506,CRITICO,-108.3723070625,5.099273437500003
36,46,M046,ARCH,1.738306273927103,FALLA,-108.3723070625,5.099273437500003
36,47,M047,DECK_LONG,1.1946800497067707,CRITICO,-111.77182268749999,1.6997578125000103
36,48,M048,ARCH,1.93402773908693,FALLA,-111.77182268749999,1.6997578125000103
36,49,M049,SPANDREL,2.080556280000001,FALLA,-36.0606976,0.0
36,50,M050,SPANDREL,1.5309029444926507,FALLA,-38.8191824375,2.7584848374999993
36,51,M051,SPANDREL,1.4756495458938315,FALLA,-41.577667274999996,5.516969674999999
36,52,M052,SPANDREL,1.2756501166642402,FALLA,-44.3361521125,8.275454512500005
36,53,M053,SPANDREL,1.3343986395728125,FALLA,-47.094636949999995,11.033939349999997
36,54,M054,SPANDREL,1.4384054763765743,FALLA,-49.8531217875,8.275454512499998
36,55,M055,SPANDREL,1.3519149566418645,FALLA,-52.611606625,5.516969674999999
36,56,M056,SPANDREL,1.581344557161272,FALLA,-55.3700914625,2.7584848374999993
36,57,M057,SPANDREL,2.0588515200000006,FALLA,-58.1285763,0.0
36,58,M058,SPANDREL,1.4617372818761296,FALLA,-61.6469362,3.5183599
36,59,M059,SPANDREL,1.420878814958389,FALLA,-65.1652961,7.036719800000007
36,60,M060,SPANDREL,1.4605106162363721,FALLA,-68.683656,10.5550797
36,61,M061,SPANDREL,1.3098103211178806,FALLA,-72.2020159,14.0734396
36,62,M062,SPANDREL,1.4020035143990102,FALLA,-75.7203758,10.555079700000007
36,63,M063,SPANDREL,1.3004275496400954,FALLA,-79.2387357,7.0367198
36,64,M064,SPANDREL,1.5104618579386675,FALLA,-82.75709560000001,3.518359899999993
36,65,M065,SPANDREL,2.037146760000001,FALLA,-86.2754555,0.0
36,66,M066,SPANDREL,1.4518205707546377,FALLA,-89.67497112500001,3.3995156250000065
36,67,M067,SPANDREL,1.4100530200777879,FALLA,-93.07448675,6.799031249999999
36,68,M068,SPANDREL,1.4477435029381365,FALLA,-96.474002375,10.198546874999991
36,69,M069,SPANDREL,1.2956939502779388,FALLA,-99.873518,13.598062499999997
36,70,M070,SPANDREL,1.3891391932239987,FALLA,-103.27303362500001,10.198546874999991
36,71,M071,SPANDREL,1.289191332642549,FALLA,-106.67254925,6.799031249999999
36,72,M072,SPANDREL,1.5007858513871717,FALLA,-110.072064875,3.3995156250000065
36,73,M073,SPANDREL,2.0154420000000006,FALLA,-113.4715805,0.0
36,74,M074,DECK_LONG,1.1995635967753357,CRITICO,-37.439940018749994,1.379242418749996
36,75,M075,ARCH,1.944060915235147,FALLA,-37.439940018749994,1.379242418749996
36,76,M076,DECK_LONG,1.171290860957886,CRITICO,-40.19842485625,4.1377272562500025
36,77,M077,ARCH,1.612364544371074,FALLA,-40.19842485625,4.1377272562500025
36,78,M078,DECK_LONG,1.0546350605828763,CRITICO,-42.95690969375,6.896212093750002
36,79,M079,ARCH,1.7016469449353815,FALLA,-42.95690969375,6.896212093750002
36,80,M080,DECK_LONG,0.9834118978149414,ALTO,-45.71539453125,9.654696931250001
36,81,M081,ARCH,1.590632924552763,FALLA,-45.71539453125,9.654696931250001
36,82,M082,DECK_LONG,0.9395965162291272,ALTO,-48.47387936875,9.654696931250001
36,83,M083,ARCH,1.5238411843304855,FALLA,-48.47387936875,9.654696931250001
36,84,M084,DECK_LONG,1.0879568634448944,CRITICO,-51.23236420625,6.896212093750002
36,85,M085,ARCH,1.4959254486073725,FALLA,-51.23236420625,6.896212093750002
36,86,M086,DECK_LONG,1.1109516347873285,CRITICO,-53.99084904375,4.137727256249995
36,87,M087,ARCH,1.7936202901309097,FALLA,-53.99084904375,4.137727256249995
36,88,M088,DECK_LONG,1.2261750758846852,CRITICO,-56.749333881249996,1.3792424187500032
36,89,M089,ARCH,1.984627194365253,FALLA,-56.749333881249996,1.3792424187500032
36,90,M090,DECK_LONG,1.3413937619835414,FALLA,-59.887756249999995,1.7591799499999965
36,91,M091,ARCH,1.8503533528611804,FALLA,-59.887756249999995,1.7591799499999965
36,92,M092,DECK_LONG,1.1095665131363466,CRITICO,-63.40611615,5.277539850000004
36,93,M093,ARCH,1.5238421020665485,FALLA,-63.40611615,5.277539850000004
36,94,M094,DECK_LONG,1.0103988776371207,CRITICO,-66.92447605000001,8.795899750000011
36,95,M095,ARCH,1.6323083645187735,FALLA,-66.92447605000001,8.795899750000011
36,96,M096,DECK_LONG,0.9506997877815957,ALTO,-70.44283595,12.314259650000004
36,97,M097,ARCH,1.5398148239602825,FALLA,-70.44283595,12.314259650000004
36,98,M098,DECK_LONG,1.0695372612542953,CRITICO,-73.96119585,12.314259650000011
36,99,M099,ARCH,1.4737178442354375,FALLA,-73.96119585,12.314259650000011
36,100,M100,DECK_LONG,1.0430450449274962,CRITICO,-77.47955575,8.795899750000004
36,101,M101,ARCH,1.4307580938998394,FALLA,-77.47955575,8.795899750000004
36,102,M102,DECK_LONG,1.0511682756028546,CRITICO,-80.99791565000001,5.277539849999997
36,103,M103,ARCH,1.6992672237821131,FALLA,-80.99791565000001,5.277539849999997
36,104,M104,DECK_LONG,1.165996063536957,CRITICO,-84.51627555000002,1.7591799499999894
36,105,M105,ARCH,1.889851864498612,FALLA,-84.51627555000002,1.7591799499999894
36,106,M106,DECK_LONG,1.3187506746344417,FALLA,-87.97521331250002,1.6997578125000103
36,107,M107,ARCH,1.8150575784806364,FALLA,-87.97521331250002,1.6997578125000103
36,108,M108,DECK_LONG,1.0902993566111732,CRITICO,-91.37472893750001,5.099273437500003
36,109,M109,ARCH,1.7593447764859786,FALLA,-91.37472893750001,5.099273437500003
36,110,M110,DECK_LONG,0.9899543647695397,ALTO,-94.7742445625,8.498789062499995
36,111,M111,ARCH,1.6013674213415756,FALLA,-94.7742445625,8.498789062499995
36,112,M112,DECK_LONG,0.92923411278267,ALTO,-98.1737601875,11.898304687499987
36,113,M113,ARCH,1.5071920081898842,FALLA,-98.1737601875,11.898304687499987
36,114,M114,DECK_LONG,1.0482018019624582,CRITICO,-101.57327581250001,11.898304687499987
36,115,M115,ARCH,1.4410226029522797,FALLA,-101.57327581250001,11.898304687499987
36,116,M116,DECK_LONG,1.0226801288941525,CRITICO,-104.9727914375,8.498789062499995
36,117,M117,ARCH,1.651254256897388,FALLA,-104.9727914375,8.498789062499995
36,118,M118,DECK_LONG,1.0316440114770278,CRITICO,-108.3723070625,5.099273437500003
36,119,M119,ARCH,1.6699311406107569,FALLA,-108.3723070625,5.099273437500003
36,120,M120,DECK_LONG,1.3447654830870184,FALLA,-111.77182268749999,1.6997578125000103
36,121,M121,ARCH,1.854714298682734,FALLA,-111.77182268749999,1.6997578125000103
36,122,M122,SPANDREL,1.9999386000000006,FALLA,-36.0606976,0.0
36,123,M123,SPANDREL,1.4653288480234434,FALLA,-38.8191824375,2.7584848374999993
36,124,M124,SPANDREL,1.4160736325502918,FALLA,-41.577667274999996,5.516969674999999
36,125,M125,SPANDREL,1.4406048731294439,FALLA,-44.3361521125,8.275454512500005
36,126,M126,SPANDREL,1.27816790273506,FALLA,-47.094636949999995,11.033939349999997
36,127,M127,SPANDREL,1.3812211608019707,FALLA,-49.8531217875,8.275454512499998
36,128,M128,SPANDREL,1.5237685528251521,FALLA,-52.611606625,5.516969674999999
36,129,M129,SPANDREL,1.5157704606920643,FALLA,-55.3700914625,2.7584848374999993
36,130,M130,SPANDREL,1.9782338400000004,FALLA,-58.1285763,0.0
36,131,M131,SPANDREL,1.6444544421106457,FALLA,-61.6469362,3.5183599
36,132,M132,SPANDREL,1.362883761286618,FALLA,-65.1652961,7.036719800000007
36,133,M133,SPANDREL,1.40417044409669,FALLA,-68.683656,10.5550797
36,134,M134,SPANDREL,1.2539823402177743,FALLA,-72.2020159,14.0734396
36,135,M135,SPANDREL,1.345663342259328,FALLA,-75.7203758,10.555079700000007
36,136,M136,SPANDREL,1.4677209736932808,FALLA,-79.2387357,7.0367198
36,137,M137,SPANDREL,1.4471199090573688,FALLA,-82.75709560000001,3.518359899999993
36,138,M138,SPANDREL,1.9565290800000006,FALLA,-86.2754555,0.0
36,139,M139,SPANDREL,1.6354403731266407,FALLA,-89.67497112500001,3.3995156250000065
36,140,M140,SPANDREL,1.3518603557571174,FALLA,-93.07448675,6.799031249999999
36,141,M141,SPANDREL,1.3913097232134113,FALLA,-96.474002375,10.198546874999991
36,142,M142,SPANDREL,1.2398265494367673,CRITICO,-99.873518,13.598062499999997
36,143,M143,SPANDREL,1.332705413499274,FALLA,-103.27303362500001,10.198546874999991
36,144,M144,SPANDREL,1.4570547874137143,FALLA,-106.67254925,6.799031249999999
36,145,M145,SPANDREL,1.4371309865648774,FALLA,-110.072064875,3.3995156250000065
36,146,M146,SPANDREL,1.9348243200000006,FALLA,-113.4715805,0.0
36,147,M147,DECK_CROSS,1.3974201000000004,FALLA,-36.0606976,0.0
36,148,M148,DECK_CROSS,1.0266014578352318,CRITICO,-38.8191824375,2.7584848374999993
36,149,M149,DECK_CROSS,0.990501636183677,ALTO,-41.577667274999996,5.516969674999999
36,150,M150,DECK_CROSS,1.0062240144377412,CRITICO,-44.3361521125,8.275454512500005
36,151,M151,DECK_CROSS,0.8950714316568776,ALTO,-47.094636949999995,11.033939349999997
36,152,M152,DECK_CROSS,0.9657351196690094,ALTO,-49.8531217875,8.275454512499998
36,153,M153,DECK_CROSS,0.9061371435118812,ALTO,-52.611606625,5.516969674999999
36,154,M154,DECK_CROSS,1.0609934664729281,CRITICO,-55.3700914625,2.7584848374999993
36,155,M155,DECK_CROSS,1.3826214000000003,FALLA,-58.1285763,0.0
36,156,M156,DECK_CROSS,0.9800284048942232,ALTO,-61.6469362,3.5183599
36,157,M157,DECK_CROSS,0.9535725171031574,ALTO,-65.1652961,7.036719800000007
36,158,M158,DECK_CROSS,0.981028172222435,ALTO,-68.683656,10.5550797
36,159,M159,DECK_CROSS,0.8784122868897858,ALTO,-72.2020159,14.0734396
36,160,M160,DECK_CROSS,0.9411369664242336,ALTO,-75.7203758,10.555079700000007
36,161,M161,DECK_CROSS,1.0250524346531547,CRITICO,-79.2387357,7.0367198
36,162,M162,DECK_CROSS,1.0132497067550446,CRITICO,-82.75709560000001,3.518359899999993
36,163,M163,DECK_CROSS,1.3678227000000005,FALLA,-86.2754555,0.0
36,164,M164,DECK_CROSS,0.9731849525716163,ALTO,-89.67497112500001,3.3995156250000065
36,165,M165,DECK_CROSS,0.9461394723465675,ALTO,-93.07448675,6.799031249999999
36,166,M166,DECK_CROSS,0.972298774802735,ALTO,-96.474002375,10.198546874999991
36,167,M167,DECK_CROSS,0.868777151192693,ALTO,-99.873518,13.598062499999997
36,168,M168,DECK_CROSS,0.932341290906732,ALTO,-103.27303362500001,10.198546874999991
36,169,M169,DECK_CROSS,1.0178629484760655,CRITICO,-106.67254925,6.799031249999999
36,170,M170,DECK_CROSS,1.0065703711847078,CRITICO,-110.072064875,3.3995156250000065
36,171,M171,DECK_CROSS,1.3530240000000004,FALLA,-113.4715805,0.0
37,1,M001,DECK_LONG,1.2875861815216487,FALLA,-37.439940018749994,1.379242418749996
37,2,M002,ARCH,2.0814488477591215,FALLA,-37.439940018749994,1.379242418749996
37,3,M003,DECK_LONG,1.0670282275014074,CRITICO,-40.19842485625,4.1377272562500025
37,4,M004,ARCH,1.7294443337134549,FALLA,-40.19842485625,4.1377272562500025
37,5,M005,DECK_LONG,1.1284521099785971,CRITICO,-42.95690969375,6.896212093750002
37,6,M006,ARCH,1.553140857908475,FALLA,-42.95690969375,6.896212093750002
37,7,M007,DECK_LONG,1.0540935010315633,CRITICO,-45.71539453125,9.654696931250001
37,8,M008,ARCH,1.7009217548580675,FALLA,-45.71539453125,9.654696931250001
37,9,M009,DECK_LONG,1.0090610255128099,CRITICO,-48.47387936875,9.654696931250001
37,10,M010,ARCH,1.6322746885185042,FALLA,-48.47387936875,9.654696931250001
37,11,M011,DECK_LONG,0.9897501055654464,ALTO,-51.23236420625,6.896212093750002
37,12,M012,ARCH,1.6053472733003562,FALLA,-51.23236420625,6.896212093750002
37,13,M013,DECK_LONG,1.1892348791981502,CRITICO,-53.99084904375,4.137727256249995
37,14,M014,ARCH,1.6349087913561282,FALLA,-53.99084904375,4.137727256249995
37,15,M015,DECK_LONG,1.3149368683840357,FALLA,-56.749333881249996,1.3792424187500032
37,16,M016,ARCH,2.123141967976175,FALLA,-56.749333881249996,1.3792424187500032
37,17,M017,DECK_LONG,1.2250156173703086,CRITICO,-59.887756249999995,1.7591799499999965
37,18,M018,ARCH,1.9829434421398207,FALLA,-59.887756249999995,1.7591799499999965
37,19,M019,DECK_LONG,1.18628576636662,CRITICO,-63.40611615,5.277539850000004
37,20,M020,ARCH,1.6361374536124984,FALLA,-63.40611615,5.277539850000004
37,21,M021,DECK_LONG,1.0820844199789033,CRITICO,-66.92447605000001,8.795899750000011
37,22,M022,ARCH,1.485845736452408,FALLA,-66.92447605000001,8.795899750000011
37,23,M023,DECK_LONG,1.0200216473073367,CRITICO,-70.44283595,12.314259650000004
37,24,M024,ARCH,1.6480044276045505,FALLA,-70.44283595,12.314259650000004
37,25,M025,DECK_LONG,0.9754575947550744,ALTO,-73.96119585,12.314259650000011
37,26,M026,ARCH,1.5800714206651265,FALLA,-73.96119585,12.314259650000011
37,27,M027,DECK_LONG,1.115637425249567,CRITICO,-77.47955575,8.795899750000004
37,28,M028,ARCH,1.5369936103406145,FALLA,-77.47955575,8.795899750000004
37,29,M029,DECK_LONG,1.1262653555683086,CRITICO,-80.99791565000001,5.277539849999997
37,30,M030,ARCH,1.816435495375718,FALLA,-80.99791565000001,5.277539849999997
37,31,M031,DECK_LONG,1.2516463916609677,FALLA,-84.51627555000002,1.7591799499999894
37,32,M032,ARCH,2.0235391346560694,FALLA,-84.51627555000002,1.7591799499999894
37,33,M033,DECK_LONG,1.2011281646223662,CRITICO,-87.97521331250002,1.6997578125000103
37,34,M034,ARCH,1.9469924360760773,FALLA,-87.97521331250002,1.6997578125000103
37,35,M035,DECK_LONG,1.1666854841796594,CRITICO,-91.37472893750001,5.099273437500003
37,36,M036,ARCH,1.6055007265241996,FALLA,-91.37472893750001,5.099273437500003
37,37,M037,DECK_LONG,1.0611783541907456,CRITICO,-94.7742445625,8.498789062499995
37,38,M038,ARCH,1.712504204996468,FALLA,-94.7742445625,8.498789062499995
37,39,M039,DECK_LONG,0.9980067258971119,ALTO,-98.1737601875,11.898304687499987
37,40,M040,ARCH,1.6145471029015122,FALLA,-98.1737601875,11.898304687499987
37,41,M041,DECK_LONG,0.9533938424546913,ALTO,-101.57327581250001,11.898304687499987
37,42,M042,ARCH,1.5465396586295295,FALLA,-101.57327581250001,11.898304687499987
37,43,M043,DECK_LONG,1.09481316731882,CRITICO,-104.9727914375,8.498789062499995
37,44,M044,ARCH,1.5048502519953992,FALLA,-104.9727914375,8.498789062499995
37,45,M045,DECK_LONG,1.106400823902899,CRITICO,-108.3723070625,5.099273437500003
37,46,M046,ARCH,1.7865925593139664,FALLA,-108.3723070625,5.099273437500003
37,47,M047,DECK_LONG,1.2278656066430698,CRITICO,-111.77182268749999,1.6997578125000103
37,48,M048,ARCH,1.9877507318393444,FALLA,-111.77182268749999,1.6997578125000103
37,49,M049,SPANDREL,2.1383495100000003,FALLA,-36.0606976,0.0
37,50,M050,SPANDREL,1.573428026284113,FALLA,-38.8191824375,2.7584848374999993
37,51,M051,SPANDREL,1.5166398110575487,FALLA,-41.577667274999996,5.516969674999999
37,52,M052,SPANDREL,1.3110848421271357,FALLA,-44.3361521125,8.275454512500005
37,53,M053,SPANDREL,1.3714652684498347,FALLA,-47.094636949999995,11.033939349999997
37,54,M054,SPANDREL,1.4783611840537012,FALLA,-49.8531217875,8.275454512499998
37,55,M055,SPANDREL,1.389468149881916,FALLA,-52.611606625,5.516969674999999
37,56,M056,SPANDREL,1.6252707948601959,FALLA,-55.3700914625,2.7584848374999993
37,57,M057,SPANDREL,2.1160418400000003,FALLA,-58.1285763,0.0
37,58,M058,SPANDREL,1.502341095261577,FALLA,-61.6469362,3.5183599
37,59,M059,SPANDREL,1.460347670929455,FALLA,-65.1652961,7.036719800000007
37,60,M060,SPANDREL,1.5010803555762713,FALLA,-68.683656,10.5550797
37,61,M061,SPANDREL,1.3461939411489328,FALLA,-72.2020159,14.0734396
37,62,M062,SPANDREL,1.4409480564656492,FALLA,-75.7203758,10.555079700000007
37,63,M063,SPANDREL,1.3365505371300976,FALLA,-79.2387357,7.0367198
37,64,M064,SPANDREL,1.552419131770297,FALLA,-82.75709560000001,3.518359899999993
37,65,M065,SPANDREL,2.0937341700000003,FALLA,-86.2754555,0.0
37,66,M066,SPANDREL,1.4921489199422664,FALLA,-89.67497112500001,3.3995156250000065
37,67,M067,SPANDREL,1.449221159524393,FALLA,-93.07448675,6.799031249999999
37,68,M068,SPANDREL,1.4879586002419736,FALLA,-96.474002375,10.198546874999991
37,69,M069,SPANDREL,1.33168544889677,FALLA,-99.873518,13.598062499999997
37,70,M070,SPANDREL,1.4277263930357764,FALLA,-103.27303362500001,10.198546874999991
37,71,M071,SPANDREL,1.3250022029937307,FALLA,-106.67254925,6.799031249999999
37,72,M072,SPANDREL,1.5424743472590374,FALLA,-110.072064875,3.3995156250000065
37,73,M073,SPANDREL,2.0714265000000003,FALLA,-113.4715805,0.0
37,74,M074,DECK_LONG,1.2328848077968726,CRITICO,-37.439940018749994,1.379242418749996
37,75,M075,ARCH,1.9980626073250118,FALLA,-37.439940018749994,1.379242418749996
37,76,M076,DECK_LONG,1.203826718206716,CRITICO,-40.19842485625,4.1377272562500025
37,77,M077,ARCH,1.657152448381381,FALLA,-40.19842485625,4.1377272562500025
37,78,M078,DECK_LONG,1.0839304789324005,CRITICO,-42.95690969375,6.896212093750002
37,79,M079,ARCH,1.7489149156280306,FALLA,-42.95690969375,6.896212093750002
37,80,M080,DECK_LONG,1.0107288949764675,CRITICO,-45.71539453125,9.654696931250001
37,81,M081,ARCH,1.6348171724570064,FALLA,-45.71539453125,9.654696931250001
37,82,M082,DECK_LONG,0.9656964194577139,ALTO,-48.47387936875,9.654696931250001
37,83,M083,ARCH,1.5661701061174433,FALLA,-48.47387936875,9.654696931250001
37,84,M084,DECK_LONG,1.1181778874294748,CRITICO,-51.23236420625,6.896212093750002
37,85,M085,ARCH,1.5374789332909105,FALLA,-51.23236420625,6.896212093750002
37,86,M086,DECK_LONG,1.1418114024203099,CRITICO,-53.99084904375,4.137727256249995
37,87,M087,ARCH,1.843443075967879,FALLA,-53.99084904375,4.137727256249995
37,88,M088,DECK_LONG,1.2602354946592598,FALLA,-56.749333881249996,1.3792424187500032
37,89,M089,ARCH,2.0397557275420652,FALLA,-56.749333881249996,1.3792424187500032
37,90,M090,DECK_LONG,1.3786546998164173,FALLA,-59.887756249999995,1.7591799499999965
37,91,M091,ARCH,1.901752057107324,FALLA,-59.887756249999995,1.7591799499999965
37,92,M092,DECK_LONG,1.1403878051679115,CRITICO,-63.40611615,5.277539850000004
37,93,M093,ARCH,1.5661710493461745,FALLA,-63.40611615,5.277539850000004
37,94,M094,DECK_LONG,1.0384655131270406,CRITICO,-66.92447605000001,8.795899750000011
37,95,M095,ARCH,1.6776502635331836,FALLA,-66.92447605000001,8.795899750000011
37,96,M096,DECK_LONG,0.977108115219973,ALTO,-70.44283595,12.314259650000004
37,97,M097,ARCH,1.582587457959179,FALLA,-70.44283595,12.314259650000004
37,98,M098,DECK_LONG,1.0992466296224697,CRITICO,-73.96119585,12.314259650000011
37,99,M099,ARCH,1.5146544510197548,FALLA,-73.96119585,12.314259650000011
37,100,M100,DECK_LONG,1.0720185183977042,CRITICO,-77.47955575,8.795899750000004
37,101,M101,ARCH,1.4705013742859459,FALLA,-77.47955575,8.795899750000004
37,102,M102,DECK_LONG,1.0803673943696004,CRITICO,-80.99791565000001,5.277539849999997
37,103,M103,ARCH,1.7464690911093939,FALLA,-80.99791565000001,5.277539849999997
37,104,M104,DECK_LONG,1.19838484307965,CRITICO,-84.51627555000002,1.7591799499999894
37,105,M105,ARCH,1.942347749623573,FALLA,-84.51627555000002,1.7591799499999894
37,106,M106,DECK_LONG,1.3553826378187317,FALLA,-87.97521331250002,1.6997578125000103
37,107,M107,ARCH,1.8654758445495427,FALLA,-87.97521331250002,1.6997578125000103
37,108,M108,DECK_LONG,1.120585449850372,CRITICO,-91.37472893750001,5.099273437500003
37,109,M109,ARCH,1.8082154647216995,FALLA,-91.37472893750001,5.099273437500003
37,110,M110,DECK_LONG,1.017453097124249,CRITICO,-94.7742445625,8.498789062499995
37,111,M111,ARCH,1.6458498497121745,FALLA,-94.7742445625,8.498789062499995
37,112,M112,DECK_LONG,0.9550461714710773,ALTO,-98.1737601875,11.898304687499987
37,113,M113,ARCH,1.549058452861825,FALLA,-98.1737601875,11.898304687499987
37,114,M114,DECK_LONG,1.0773185186836374,CRITICO,-101.57327581250001,11.898304687499987
37,115,M115,ARCH,1.4810510085898427,FALLA,-101.57327581250001,11.898304687499987
37,116,M116,DECK_LONG,1.0510879102523232,CRITICO,-104.9727914375,8.498789062499995
37,117,M117,ARCH,1.6971224307000927,FALLA,-104.9727914375,8.498789062499995
37,118,M118,DECK_LONG,1.0603007895736116,CRITICO,-108.3723070625,5.099273437500003
37,119,M119,ARCH,1.7163181167388328,FALLA,-108.3723070625,5.099273437500003
37,120,M120,DECK_LONG,1.3821200798394353,FALLA,-111.77182268749999,1.6997578125000103
37,121,M121,ARCH,1.9062341403128098,FALLA,-111.77182268749999,1.6997578125000103
37,122,M122,SPANDREL,2.05549245,FALLA,-36.0606976,0.0
37,123,M123,SPANDREL,1.5060324271352055,FALLA,-38.8191824375,2.7584848374999993
37,124,M124,SPANDREL,1.455409011232244,FALLA,-41.577667274999996,5.516969674999999
37,125,M125,SPANDREL,1.480621675160817,FALLA,-44.3361521125,8.275454512500005
37,126,M126,SPANDREL,1.3136725666999227,FALLA,-47.094636949999995,11.033939349999997
37,127,M127,SPANDREL,1.4195884152686917,FALLA,-49.8531217875,8.275454512499998
37,128,M128,SPANDREL,1.566095457070295,FALLA,-52.611606625,5.516969674999999
37,129,M129,SPANDREL,1.557875195711288,FALLA,-55.3700914625,2.7584848374999993
37,130,M130,SPANDREL,2.03318478,FALLA,-58.1285763,0.0
37,131,M131,SPANDREL,1.6901337321692742,FALLA,-61.6469362,3.5183599
37,132,M132,SPANDREL,1.4007416435445792,FALLA,-65.1652961,7.036719800000007
37,133,M133,SPANDREL,1.4431751786549312,FALLA,-68.683656,10.5550797
37,134,M134,SPANDREL,1.288815183001601,FALLA,-72.2020159,14.0734396
37,135,M135,SPANDREL,1.3830428795443093,FALLA,-75.7203758,10.555079700000007
37,136,M136,SPANDREL,1.5084910007403158,FALLA,-79.2387357,7.0367198
37,137,M137,SPANDREL,1.487317684308962,FALLA,-82.75709560000001,3.518359899999993
37,138,M138,SPANDREL,2.01087711,FALLA,-86.2754555,0.0
37,139,M139,SPANDREL,1.6808692723801582,FALLA,-89.67497112500001,3.3995156250000065
37,140,M140,SPANDREL,1.3894120323059258,FALLA,-93.07448675,6.799031249999999
37,141,M141,SPANDREL,1.429957215524895,FALLA,-96.474002375,10.198546874999991
37,142,M142,SPANDREL,1.2742661758100102,FALLA,-99.873518,13.598062499999997
37,143,M143,SPANDREL,1.369725008318698,FALLA,-103.27303362500001,10.198546874999991
37,144,M144,SPANDREL,1.4975285315085394,FALLA,-106.67254925,6.799031249999999
37,145,M145,SPANDREL,1.477051291747235,FALLA,-110.072064875,3.3995156250000065
37,146,M146,SPANDREL,1.9885694400000002,FALLA,-113.4715805,0.0
37,147,M147,DECK_CROSS,1.436237325,FALLA,-36.0606976,0.0
37,148,M148,DECK_CROSS,1.0551181649973214,CRITICO,-38.8191824375,2.7584848374999993
37,149,M149,DECK_CROSS,1.0180155705221123,CRITICO,-41.577667274999996,5.516969674999999
37,150,M150,DECK_CROSS,1.0341746815054562,CRITICO,-44.3361521125,8.275454512500005
37,151,M151,DECK_CROSS,0.9199345269806797,ALTO,-47.094636949999995,11.033939349999997
37,152,M152,DECK_CROSS,0.9925610952153706,ALTO,-49.8531217875,8.275454512499998
37,153,M153,DECK_CROSS,0.9313076197205444,ALTO,-52.611606625,5.516969674999999
37,154,M154,DECK_CROSS,1.090465507208287,CRITICO,-55.3700914625,2.7584848374999993
37,155,M155,DECK_CROSS,1.42102755,FALLA,-58.1285763,0.0
37,156,M156,DECK_CROSS,1.0072514161412844,CRITICO,-61.6469362,3.5183599
37,157,M157,DECK_CROSS,0.9800606425782449,ALTO,-65.1652961,7.036719800000007
37,158,M158,DECK_CROSS,1.008278954784169,CRITICO,-68.683656,10.5550797
37,159,M159,DECK_CROSS,0.9028126281922797,ALTO,-72.2020159,14.0734396
37,160,M160,DECK_CROSS,0.9672796599360177,ALTO,-75.7203758,10.555079700000007
37,161,M161,DECK_CROSS,1.0535261133935199,CRITICO,-79.2387357,7.0367198
37,162,M162,DECK_CROSS,1.0413955319426846,CRITICO,-82.75709560000001,3.518359899999993
37,163,M163,DECK_CROSS,1.405817775,FALLA,-86.2754555,0.0
37,164,M164,DECK_CROSS,1.0002178679208278,CRITICO,-89.67497112500001,3.3995156250000065
37,165,M165,DECK_CROSS,0.9724211243561943,ALTO,-93.07448675,6.799031249999999
37,166,M166,DECK_CROSS,0.9993070741028108,ALTO,-96.474002375,10.198546874999991
37,167,M167,DECK_CROSS,0.8929098498369341,ALTO,-99.873518,13.598062499999997
37,168,M168,DECK_CROSS,0.9582396600985856,ALTO,-103.27303362500001,10.198546874999991
37,169,M169,DECK_CROSS,1.0461369192670673,CRITICO,-106.67254925,6.799031249999999
37,170,M170,DECK_CROSS,1.0345306592731718,CRITICO,-110.072064875,3.3995156250000065
37,171,M171,DECK_CROSS,1.390608,FALLA,-113.4715805,0.0
38,1,M001,DECK_LONG,1.3223858080492608,FALLA,-37.439940018749994,1.379242418749996
38,2,M002,ARCH,2.137704222022881,FALLA,-37.439940018749994,1.379242418749996
38,3,M003,DECK_LONG,1.0958668282446888,CRITICO,-40.19842485625,4.1377272562500025
38,4,M004,ARCH,1.7761860724624672,FALLA,-40.19842485625,4.1377272562500025
38,5,M005,DECK_LONG,1.1589508156536943,CRITICO,-42.95690969375,6.896212093750002
38,6,M006,ARCH,1.5951176378519472,FALLA,-42.95690969375,6.896212093750002
38,7,M007,DECK_LONG,1.0825825145729568,CRITICO,-45.71539453125,9.654696931250001
38,8,M008,ARCH,1.7468926130974745,FALLA,-45.71539453125,9.654696931250001
38,9,M009,DECK_LONG,1.036332945121264,CRITICO,-48.47387936875,9.654696931250001
38,10,M010,ARCH,1.6763902206406258,FALLA,-48.47387936875,9.654696931250001
38,11,M011,DECK_LONG,1.0165001084185665,CRITICO,-51.23236420625,6.896212093750002
38,12,M012,ARCH,1.6487350374436092,FALLA,-51.23236420625,6.896212093750002
38,13,M013,DECK_LONG,1.2213763624197216,CRITICO,-53.99084904375,4.137727256249995
38,14,M014,ARCH,1.6790955154468343,FALLA,-53.99084904375,4.137727256249995
38,15,M015,DECK_LONG,1.3504757026646852,FALLA,-56.749333881249996,1.3792424187500032
38,16,M016,ARCH,2.1805241833268822,FALLA,-56.749333881249996,1.3792424187500032
38,17,M017,DECK_LONG,1.258124147569506,FALLA,-59.887756249999995,1.7591799499999965
38,18,M018,ARCH,2.036536508143599,FALLA,-59.887756249999995,1.7591799499999965
38,19,M019,DECK_LONG,1.2183475438359883,CRITICO,-63.40611615,5.277539850000004
38,20,M020,ARCH,1.6803573847912145,FALLA,-63.40611615,5.277539850000004
38,21,M021,DECK_LONG,1.1113299448431981,CRITICO,-66.92447605000001,8.795899750000011
38,22,M022,ARCH,1.5260037293295001,FALLA,-66.92447605000001,8.795899750000011
38,23,M023,DECK_LONG,1.0475897999372645,CRITICO,-70.44283595,12.314259650000004
38,24,M024,ARCH,1.6925450878100787,FALLA,-70.44283595,12.314259650000004
38,25,M025,DECK_LONG,1.0018213135322385,CRITICO,-73.96119585,12.314259650000011
38,26,M026,ARCH,1.6227760536560756,FALLA,-73.96119585,12.314259650000011
38,27,M027,DECK_LONG,1.1457897880941499,CRITICO,-77.47955575,8.795899750000004
38,28,M028,ARCH,1.5785339781876582,FALLA,-77.47955575,8.795899750000004
38,29,M029,DECK_LONG,1.1567049597728576,CRITICO,-80.99791565000001,5.277539849999997
38,30,M030,ARCH,1.8655283466020887,FALLA,-80.99791565000001,5.277539849999997
38,31,M031,DECK_LONG,1.2854746725166697,FALLA,-84.51627555000002,1.7591799499999894
38,32,M032,ARCH,2.078229381538666,FALLA,-84.51627555000002,1.7591799499999894
38,33,M033,DECK_LONG,1.2335910879905383,CRITICO,-87.97521331250002,1.6997578125000103
38,34,M034,ARCH,1.9996138532673224,FALLA,-87.97521331250002,1.6997578125000103
38,35,M035,DECK_LONG,1.1982175242926232,CRITICO,-91.37472893750001,5.099273437500003
38,36,M036,ARCH,1.6488926380518805,FALLA,-91.37472893750001,5.099273437500003
38,37,M037,DECK_LONG,1.0898588502499549,CRITICO,-94.7742445625,8.498789062499995
38,38,M038,ARCH,1.7587881024288048,FALLA,-94.7742445625,8.498789062499995
38,39,M039,DECK_LONG,1.024979880651088,CRITICO,-98.1737601875,11.898304687499987
38,40,M040,ARCH,1.6581835110880394,FALLA,-98.1737601875,11.898304687499987
38,41,M041,DECK_LONG,0.9791612436021154,ALTO,-101.57327581250001,11.898304687499987
38,42,M042,ARCH,1.588338027781679,FALLA,-101.57327581250001,11.898304687499987
38,43,M043,DECK_LONG,1.1244027123814908,CRITICO,-104.9727914375,8.498789062499995
38,44,M044,ARCH,1.5455218804277073,FALLA,-104.9727914375,8.498789062499995
38,45,M045,DECK_LONG,1.1363035488732476,CRITICO,-108.3723070625,5.099273437500003
38,46,M046,ARCH,1.8348788447008302,FALLA,-108.3723070625,5.099273437500003
38,47,M047,DECK_LONG,1.2610511635793689,FALLA,-111.77182268749999,1.6997578125000103
38,48,M048,ARCH,2.041473724591759,FALLA,-111.77182268749999,1.6997578125000103
38,49,M049,SPANDREL,2.19614274,FALLA,-36.0606976,0.0
38,50,M050,SPANDREL,1.6159531080755754,FALLA,-38.8191824375,2.7584848374999993
38,51,M051,SPANDREL,1.5576300762212663,FALLA,-41.577667274999996,5.516969674999999
38,52,M052,SPANDREL,1.3465195675900312,FALLA,-44.3361521125,8.275454512500005
38,53,M053,SPANDREL,1.4085318973268572,FALLA,-47.094636949999995,11.033939349999997
38,54,M054,SPANDREL,1.518316891730828,FALLA,-49.8531217875,8.275454512499998
38,55,M055,SPANDREL,1.4270213431219676,FALLA,-52.611606625,5.516969674999999
38,56,M056,SPANDREL,1.6691970325591199,FALLA,-55.3700914625,2.7584848374999993
38,57,M057,SPANDREL,2.17323216,FALLA,-58.1285763,0.0
38,58,M058,SPANDREL,1.542944908647025,FALLA,-61.6469362,3.5183599
38,59,M059,SPANDREL,1.4998165269005215,FALLA,-65.1652961,7.036719800000007
38,60,M060,SPANDREL,1.5416500949161702,FALLA,-68.683656,10.5550797
38,61,M061,SPANDREL,1.3825775611799849,FALLA,-72.2020159,14.0734396
38,62,M062,SPANDREL,1.4798925985322882,FALLA,-75.7203758,10.555079700000007
38,63,M063,SPANDREL,1.3726735246201005,FALLA,-79.2387357,7.0367198
38,64,M064,SPANDREL,1.5943764056019265,FALLA,-82.75709560000001,3.518359899999993
38,65,M065,SPANDREL,2.15032158,FALLA,-86.2754555,0.0
38,66,M066,SPANDREL,1.5324772691298951,FALLA,-89.67497112500001,3.3995156250000065
38,67,M067,SPANDREL,1.488389298970998,FALLA,-93.07448675,6.799031249999999
38,68,M068,SPANDREL,1.5281736975458104,FALLA,-96.474002375,10.198546874999991
38,69,M069,SPANDREL,1.3676769475156016,FALLA,-99.873518,13.598062499999997
38,70,M070,SPANDREL,1.466313592847554,FALLA,-103.27303362500001,10.198546874999991
38,71,M071,SPANDREL,1.3608130733449126,FALLA,-106.67254925,6.799031249999999
38,72,M072,SPANDREL,1.5841628431309032,FALLA,-110.072064875,3.3995156250000065
38,73,M073,SPANDREL,2.127411,FALLA,-113.4715805,0.0
38,74,M074,DECK_LONG,1.2662060188184097,FALLA,-37.439940018749994,1.379242418749996
38,75,M075,ARCH,2.0520642994148766,FALLA,-37.439940018749994,1.379242418749996
38,76,M076,DECK_LONG,1.2363625754555463,CRITICO,-40.19842485625,4.1377272562500025
38,77,M077,ARCH,1.7019403523916887,FALLA,-40.19842485625,4.1377272562500025
38,78,M078,DECK_LONG,1.1132258972819247,CRITICO,-42.95690969375,6.896212093750002
38,79,M079,ARCH,1.79618288632068,FALLA,-42.95690969375,6.896212093750002
38,80,M080,DECK_LONG,1.0380458921379934,CRITICO,-45.71539453125,9.654696931250001
38,81,M081,ARCH,1.6790014203612496,FALLA,-45.71539453125,9.654696931250001
38,82,M082,DECK_LONG,0.9917963226863005,ALTO,-48.47387936875,9.654696931250001
38,83,M083,ARCH,1.608499027904401,FALLA,-48.47387936875,9.654696931250001
38,84,M084,DECK_LONG,1.1483989114140551,CRITICO,-51.23236420625,6.896212093750002
38,85,M085,ARCH,1.5790324179744484,FALLA,-51.23236420625,6.896212093750002
38,86,M086,DECK_LONG,1.172671170053291,CRITICO,-53.99084904375,4.137727256249995
38,87,M087,ARCH,1.8932658618048488,FALLA,-53.99084904375,4.137727256249995
38,88,M088,DECK_LONG,1.2942959134338343,FALLA,-56.749333881249996,1.3792424187500032
38,89,M089,ARCH,2.0948842607188776,FALLA,-56.749333881249996,1.3792424187500032
38,90,M090,DECK_LONG,1.4159156376492932,FALLA,-59.887756249999995,1.7591799499999965
38,91,M091,ARCH,1.9531507613534675,FALLA,-59.887756249999995,1.7591799499999965
38,92,M092,DECK_LONG,1.1712090971994766,CRITICO,-63.40611615,5.277539850000004
38,93,M093,ARCH,1.608499996625801,FALLA,-63.40611615,5.277539850000004
38,94,M094,DECK_LONG,1.0665321486169608,CRITICO,-66.92447605000001,8.795899750000011
38,95,M095,ARCH,1.722992162547594,FALLA,-66.92447605000001,8.795899750000011
38,96,M096,DECK_LONG,1.0035164426583507,CRITICO,-70.44283595,12.314259650000004
38,97,M097,ARCH,1.6253600919580755,FALLA,-70.44283595,12.314259650000004
38,98,M098,DECK_LONG,1.1289559979906445,CRITICO,-73.96119585,12.314259650000011
38,99,M099,ARCH,1.5555910578040724,FALLA,-73.96119585,12.314259650000011
38,100,M100,DECK_LONG,1.1009919918679125,CRITICO,-77.47955575,8.795899750000004
38,101,M101,ARCH,1.5102446546720525,FALLA,-77.47955575,8.795899750000004
38,102,M102,DECK_LONG,1.1095665131363464,CRITICO,-80.99791565000001,5.277539849999997
38,103,M103,ARCH,1.7936709584366748,FALLA,-80.99791565000001,5.277539849999997
38,104,M104,DECK_LONG,1.2307736226223434,CRITICO,-84.51627555000002,1.7591799499999894
38,105,M105,ARCH,1.9948436347485343,FALLA,-84.51627555000002,1.7591799499999894
38,106,M106,DECK_LONG,1.3920146010030217,FALLA,-87.97521331250002,1.6997578125000103
38,107,M107,ARCH,1.915894110618449,FALLA,-87.97521331250002,1.6997578125000103
38,108,M108,DECK_LONG,1.1508715430895713,CRITICO,-91.37472893750001,5.099273437500003
38,109,M109,ARCH,1.857086152957421,FALLA,-91.37472893750001,5.099273437500003
38,110,M110,DECK_LONG,1.0449518294789584,CRITICO,-94.7742445625,8.498789062499995
38,111,M111,ARCH,1.6903322780827736,FALLA,-94.7742445625,8.498789062499995
38,112,M112,DECK_LONG,0.9808582301594848,ALTO,-98.1737601875,11.898304687499987
38,113,M113,ARCH,1.5909248975337664,FALLA,-98.1737601875,11.898304687499987
38,114,M114,DECK_LONG,1.1064352354048168,CRITICO,-101.57327581250001,11.898304687499987
38,115,M115,ARCH,1.521079414227406,FALLA,-101.57327581250001,11.898304687499987
38,116,M116,DECK_LONG,1.079495691610494,CRITICO,-104.9727914375,8.498789062499995
38,117,M117,ARCH,1.7429906045027979,FALLA,-104.9727914375,8.498789062499995
38,118,M118,DECK_LONG,1.0889575676701957,CRITICO,-108.3723070625,5.099273437500003
38,119,M119,ARCH,1.7627050928669092,FALLA,-108.3723070625,5.099273437500003
38,120,M120,DECK_LONG,1.4194746765918524,FALLA,-111.77182268749999,1.6997578125000103
38,121,M121,ARCH,1.9577539819428857,FALLA,-111.77182268749999,1.6997578125000103
38,122,M122,SPANDREL,2.1110463,FALLA,-36.0606976,0.0
38,123,M123,SPANDREL,1.5467360062469675,FALLA,-38.8191824375,2.7584848374999993
38,124,M124,SPANDREL,1.4947443899141966,FALLA,-41.577667274999996,5.516969674999999
38,125,M125,SPANDREL,1.5206384771921904,FALLA,-44.3361521125,8.275454512500005
38,126,M126,SPANDREL,1.3491772306647853,FALLA,-47.094636949999995,11.033939349999997
38,127,M127,SPANDREL,1.4579556697354132,FALLA,-49.8531217875,8.275454512499998
38,128,M128,SPANDREL,1.608422361315438,FALLA,-52.611606625,5.516969674999999
38,129,M129,SPANDREL,1.599979930730512,FALLA,-55.3700914625,2.7584848374999993
38,130,M130,SPANDREL,2.08813572,FALLA,-58.1285763,0.0
38,131,M131,SPANDREL,1.7358130222279031,FALLA,-61.6469362,3.5183599
38,132,M132,SPANDREL,1.4385995258025408,FALLA,-65.1652961,7.036719800000007
38,133,M133,SPANDREL,1.4821799132131726,FALLA,-68.683656,10.5550797
38,134,M134,SPANDREL,1.3236480257854282,FALLA,-72.2020159,14.0734396
38,135,M135,SPANDREL,1.4204224168292905,FALLA,-75.7203758,10.555079700000007
38,136,M136,SPANDREL,1.5492610277873515,FALLA,-79.2387357,7.0367198
38,137,M137,SPANDREL,1.5275154595605556,FALLA,-82.75709560000001,3.518359899999993
38,138,M138,SPANDREL,2.06522514,FALLA,-86.2754555,0.0
38,139,M139,SPANDREL,1.7262981716336758,FALLA,-89.67497112500001,3.3995156250000065
38,140,M140,SPANDREL,1.4269637088547347,FALLA,-93.07448675,6.799031249999999
38,141,M141,SPANDREL,1.4686047078363784,FALLA,-96.474002375,10.198546874999991
38,142,M142,SPANDREL,1.3087058021832538,FALLA,-99.873518,13.598062499999997
38,143,M143,SPANDREL,1.406744603138122,FALLA,-103.27303362500001,10.198546874999991
38,144,M144,SPANDREL,1.5380022756033647,FALLA,-106.67254925,6.799031249999999
38,145,M145,SPANDREL,1.5169715969295925,FALLA,-110.072064875,3.3995156250000065
38,146,M146,SPANDREL,2.04231456,FALLA,-113.4715805,0.0
38,147,M147,DECK_CROSS,1.47505455,FALLA,-36.0606976,0.0
38,148,M148,DECK_CROSS,1.0836348721594111,CRITICO,-38.8191824375,2.7584848374999993
38,149,M149,DECK_CROSS,1.0455295048605477,CRITICO,-41.577667274999996,5.516969674999999
38,150,M150,DECK_CROSS,1.0621253485731712,CRITICO,-44.3361521125,8.275454512500005
38,151,M151,DECK_CROSS,0.9447976223044817,ALTO,-47.094636949999995,11.033939349999997
38,152,M152,DECK_CROSS,1.0193870707617319,CRITICO,-49.8531217875,8.275454512499998
38,153,M153,DECK_CROSS,0.9564780959292078,ALTO,-52.611606625,5.516969674999999
38,154,M154,DECK_CROSS,1.1199375479436462,CRITICO,-55.3700914625,2.7584848374999993
38,155,M155,DECK_CROSS,1.4594337,FALLA,-58.1285763,0.0
38,156,M156,DECK_CROSS,1.0344744273883462,CRITICO,-61.6469362,3.5183599
38,157,M157,DECK_CROSS,1.0065487680533325,CRITICO,-65.1652961,7.036719800000007
38,158,M158,DECK_CROSS,1.0355297373459034,CRITICO,-68.683656,10.5550797
38,159,M159,DECK_CROSS,0.9272129694947737,ALTO,-72.2020159,14.0734396
38,160,M160,DECK_CROSS,0.993422353447802,ALTO,-75.7203758,10.555079700000007
38,161,M161,DECK_CROSS,1.0819997921338853,CRITICO,-79.2387357,7.0367198
38,162,M162,DECK_CROSS,1.0695413571303245,CRITICO,-82.75709560000001,3.518359899999993
38,163,M163,DECK_CROSS,1.4438128500000003,FALLA,-86.2754555,0.0
38,164,M164,DECK_CROSS,1.0272507832700393,CRITICO,-89.67497112500001,3.3995156250000065
38,165,M165,DECK_CROSS,0.998702776365821,ALTO,-93.07448675,6.799031249999999
38,166,M166,DECK_CROSS,1.0263153734028867,CRITICO,-96.474002375,10.198546874999991
38,167,M167,DECK_CROSS,0.9170425484811756,ALTO,-99.873518,13.598062499999997
38,168,M168,DECK_CROSS,0.9841380292904391,ALTO,-103.27303362500001,10.198546874999991
38,169,M169,DECK_CROSS,1.074410890058069,CRITICO,-106.67254925,6.799031249999999
38,170,M170,DECK_CROSS,1.0624909473616357,CRITICO,-110.072064875,3.3995156250000065
38,171,M171,DECK_CROSS,1.4281920000000001,FALLA,-113.4715805,0.0
39,1,M001,DECK_LONG,1.357185434576873,FALLA,-37.439940018749994,1.379242418749996
39,2,M002,ARCH,2.1939595962866414,FALLA,-37.439940018749994,1.379242418749996
39,3,M003,DECK_LONG,1.12470542898797,CRITICO,-40.19842485625,4.1377272562500025
39,4,M004,ARCH,1.8229278112114797,FALLA,-40.19842485625,4.1377272562500025
39,5,M005,DECK_LONG,1.1894495213287917,CRITICO,-42.95690969375,6.896212093750002
39,6,M006,ARCH,1.6370944177954199,FALLA,-42.95690969375,6.896212093750002
39,7,M007,DECK_LONG,1.1110715281143506,CRITICO,-45.71539453125,9.654696931250001
39,8,M008,ARCH,1.7928634713368818,FALLA,-45.71539453125,9.654696931250001
39,9,M009,DECK_LONG,1.0636048647297185,CRITICO,-48.47387936875,9.654696931250001
39,10,M010,ARCH,1.7205057527627479,FALLA,-48.47387936875,9.654696931250001
39,11,M011,DECK_LONG,1.0432501112716868,CRITICO,-51.23236420625,6.896212093750002
39,12,M012,ARCH,1.6921228015868623,FALLA,-51.23236420625,6.896212093750002
39,13,M013,DECK_LONG,1.2535178456412934,FALLA,-53.99084904375,4.137727256249995
39,14,M014,ARCH,1.7232822395375407,FALLA,-53.99084904375,4.137727256249995
39,15,M015,DECK_LONG,1.386014536945335,FALLA,-56.749333881249996,1.3792424187500032
39,16,M016,ARCH,2.2379063986775902,FALLA,-56.749333881249996,1.3792424187500032
39,17,M017,DECK_LONG,1.2912326777687035,FALLA,-59.887756249999995,1.7591799499999965
39,18,M018,ARCH,2.090129574147378,FALLA,-59.887756249999995,1.7591799499999965
39,19,M019,DECK_LONG,1.2504093213053562,FALLA,-63.40611615,5.277539850000004
39,20,M020,ARCH,1.724577315969931,FALLA,-63.40611615,5.277539850000004
39,21,M021,DECK_LONG,1.1405754697074926,CRITICO,-66.92447605000001,8.795899750000011
39,22,M022,ARCH,1.5661617222065924,FALLA,-66.92447605000001,8.795899750000011
39,23,M023,DECK_LONG,1.0751579525671928,CRITICO,-70.44283595,12.314259650000004
39,24,M024,ARCH,1.7370857480156072,FALLA,-70.44283595,12.314259650000004
39,25,M025,DECK_LONG,1.0281850323094028,CRITICO,-73.96119585,12.314259650000011
39,26,M026,ARCH,1.665480686647025,FALLA,-73.96119585,12.314259650000011
39,27,M027,DECK_LONG,1.1759421509387327,CRITICO,-77.47955575,8.795899750000004
39,28,M028,ARCH,1.620074346034702,FALLA,-77.47955575,8.795899750000004
39,29,M029,DECK_LONG,1.1871445639774063,CRITICO,-80.99791565000001,5.277539849999997
39,30,M030,ARCH,1.9146211978284595,FALLA,-80.99791565000001,5.277539849999997
39,31,M031,DECK_LONG,1.3193029533723717,FALLA,-84.51627555000002,1.7591799499999894
39,32,M032,ARCH,2.1329196284212624,FALLA,-84.51627555000002,1.7591799499999894
39,33,M033,DECK_LONG,1.2660540113587104,FALLA,-87.97521331250002,1.6997578125000103
39,34,M034,ARCH,2.052235270458568,FALLA,-87.97521331250002,1.6997578125000103
39,35,M035,DECK_LONG,1.229749564405587,CRITICO,-91.37472893750001,5.099273437500003
39,36,M036,ARCH,1.6922845495795618,FALLA,-91.37472893750001,5.099273437500003
39,37,M037,DECK_LONG,1.1185393463091642,CRITICO,-94.7742445625,8.498789062499995
39,38,M038,ARCH,1.805071999861142,FALLA,-94.7742445625,8.498789062499995
39,39,M039,DECK_LONG,1.051953035405064,CRITICO,-98.1737601875,11.898304687499987
39,40,M040,ARCH,1.7018199192745669,FALLA,-98.1737601875,11.898304687499987
39,41,M041,DECK_LONG,1.0049286447495396,CRITICO,-101.57327581250001,11.898304687499987
39,42,M042,ARCH,1.6301363969338285,FALLA,-101.57327581250001,11.898304687499987
39,43,M043,DECK_LONG,1.1539922574441615,CRITICO,-104.9727914375,8.498789062499995
39,44,M044,ARCH,1.5861935088600156,FALLA,-104.9727914375,8.498789062499995
39,45,M045,DECK_LONG,1.166206273843596,CRITICO,-108.3723070625,5.099273437500003
39,46,M046,ARCH,1.8831651300876944,FALLA,-108.3723070625,5.099273437500003
39,47,M047,DECK_LONG,1.2942367205156682,FALLA,-111.77182268749999,1.6997578125000103
39,48,M048,ARCH,2.095196717344174,FALLA,-111.77182268749999,1.6997578125000103
39,49,M049,SPANDREL,2.2539359700000006,FALLA,-36.0606976,0.0
39,50,M050,SPANDREL,1.6584781898670384,FALLA,-38.8191824375,2.7584848374999993
39,51,M051,SPANDREL,1.598620341384984,FALLA,-41.577667274999996,5.516969674999999
39,52,M052,SPANDREL,1.381954293052927,FALLA,-44.3361521125,8.275454512500005
39,53,M053,SPANDREL,1.4455985262038797,FALLA,-47.094636949999995,11.033939349999997
39,54,M054,SPANDREL,1.5582725994079556,FALLA,-49.8531217875,8.275454512499998
39,55,M055,SPANDREL,1.4645745363620195,FALLA,-52.611606625,5.516969674999999
39,56,M056,SPANDREL,1.7131232702580446,FALLA,-55.3700914625,2.7584848374999993
39,57,M057,SPANDREL,2.2304224800000005,FALLA,-58.1285763,0.0
39,58,M058,SPANDREL,1.5835487220324733,FALLA,-61.6469362,3.5183599
39,59,M059,SPANDREL,1.539285382871588,FALLA,-65.1652961,7.036719800000007
39,60,M060,SPANDREL,1.5822198342560698,FALLA,-68.683656,10.5550797
39,61,M061,SPANDREL,1.4189611812110374,FALLA,-72.2020159,14.0734396
39,62,M062,SPANDREL,1.5188371405989278,FALLA,-75.7203758,10.555079700000007
39,63,M063,SPANDREL,1.4087965121101031,FALLA,-79.2387357,7.0367198
39,64,M064,SPANDREL,1.6363336794335563,FALLA,-82.75709560000001,3.518359899999993
39,65,M065,SPANDREL,2.2069089900000005,FALLA,-86.2754555,0.0
39,66,M066,SPANDREL,1.572805618317524,FALLA,-89.67497112500001,3.3995156250000065
39,67,M067,SPANDREL,1.5275574384176034,FALLA,-93.07448675,6.799031249999999
39,68,M068,SPANDREL,1.5683887948496478,FALLA,-96.474002375,10.198546874999991
39,69,M069,SPANDREL,1.4036684461344335,FALLA,-99.873518,13.598062499999997
39,70,M070,SPANDREL,1.504900792659332,FALLA,-103.27303362500001,10.198546874999991
39,71,M071,SPANDREL,1.3966239436960945,FALLA,-106.67254925,6.799031249999999
39,72,M072,SPANDREL,1.6258513390027693,FALLA,-110.072064875,3.3995156250000065
39,73,M073,SPANDREL,2.1833955000000005,FALLA,-113.4715805,0.0
39,74,M074,DECK_LONG,1.299527229839947,FALLA,-37.439940018749994,1.379242418749996
39,75,M075,ARCH,2.106065991504742,FALLA,-37.439940018749994,1.379242418749996
39,76,M076,DECK_LONG,1.2688984327043764,FALLA,-40.19842485625,4.1377272562500025
39,77,M077,ARCH,1.7467282564019964,FALLA,-40.19842485625,4.1377272562500025
39,78,M078,DECK_LONG,1.1425213156314493,CRITICO,-42.95690969375,6.896212093750002
39,79,M079,ARCH,1.84345085701333,FALLA,-42.95690969375,6.896212093750002
39,80,M080,DECK_LONG,1.0653628892995197,CRITICO,-45.71539453125,9.654696931250001
39,81,M081,ARCH,1.7231856682654934,FALLA,-45.71539453125,9.654696931250001
39,82,M082,DECK_LONG,1.0178962259148876,CRITICO,-48.47387936875,9.654696931250001
39,83,M083,ARCH,1.6508279496913592,FALLA,-48.47387936875,9.654696931250001
39,84,M084,DECK_LONG,1.1786199353986357,CRITICO,-51.23236420625,6.896212093750002
39,85,M085,ARCH,1.620585902657987,FALLA,-51.23236420625,6.896212093750002
39,86,M086,DECK_LONG,1.2035309376862724,CRITICO,-53.99084904375,4.137727256249995
39,87,M087,ARCH,1.9430886476418185,FALLA,-53.99084904375,4.137727256249995
39,88,M088,DECK_LONG,1.328356332208409,FALLA,-56.749333881249996,1.3792424187500032
39,89,M089,ARCH,2.1500127938956908,FALLA,-56.749333881249996,1.3792424187500032
39,90,M090,DECK_LONG,1.4531765754821697,FALLA,-59.887756249999995,1.7591799499999965
39,91,M091,ARCH,2.0045494655996117,FALLA,-59.887756249999995,1.7591799499999965
39,92,M092,DECK_LONG,1.2020303892310418,CRITICO,-63.40611615,5.277539850000004
39,93,M093,ARCH,1.6508289439054273,FALLA,-63.40611615,5.277539850000004
39,94,M094,DECK_LONG,1.0945987841068805,CRITICO,-66.92447605000001,8.795899750000011
39,95,M095,ARCH,1.7683340615620045,FALLA,-66.92447605000001,8.795899750000011
39,96,M096,DECK_LONG,1.0299247700967284,CRITICO,-70.44283595,12.314259650000004
39,97,M097,ARCH,1.6681327259569723,FALLA,-70.44283595,12.314259650000004
39,98,M098,DECK_LONG,1.1586653663588196,CRITICO,-73.96119585,12.314259650000011
39,99,M099,ARCH,1.5965276645883901,FALLA,-73.96119585,12.314259650000011
39,100,M100,DECK_LONG,1.1299654653381206,CRITICO,-77.47955575,8.795899750000004
39,101,M101,ARCH,1.5499879350581593,FALLA,-77.47955575,8.795899750000004
39,102,M102,DECK_LONG,1.138765631903092,CRITICO,-80.99791565000001,5.277539849999997
39,103,M103,ARCH,1.8408728257639557,FALLA,-80.99791565000001,5.277539849999997
39,104,M104,DECK_LONG,1.2631624021650367,FALLA,-84.51627555000002,1.7591799499999894
39,105,M105,ARCH,2.0473395198734963,FALLA,-84.51627555000002,1.7591799499999894
39,106,M106,DECK_LONG,1.4286465641873118,FALLA,-87.97521331250002,1.6997578125000103
39,107,M107,ARCH,1.9663123766873558,FALLA,-87.97521331250002,1.6997578125000103
39,108,M108,DECK_LONG,1.1811576363287706,CRITICO,-91.37472893750001,5.099273437500003
39,109,M109,ARCH,1.905956841193143,FALLA,-91.37472893750001,5.099273437500003
39,110,M110,DECK_LONG,1.0724505618336677,CRITICO,-94.7742445625,8.498789062499995
39,111,M111,ARCH,1.7348147064533732,FALLA,-94.7742445625,8.498789062499995
39,112,M112,DECK_LONG,1.0066702888478922,CRITICO,-98.1737601875,11.898304687499987
39,113,M113,ARCH,1.6327913422057077,FALLA,-98.1737601875,11.898304687499987
39,114,M114,DECK_LONG,1.1355519521259962,CRITICO,-101.57327581250001,11.898304687499987
39,115,M115,ARCH,1.5611078198649693,FALLA,-101.57327581250001,11.898304687499987
39,116,M116,DECK_LONG,1.107903472968665,CRITICO,-104.9727914375,8.498789062499995
39,117,M117,ARCH,1.7888587783055034,FALLA,-104.9727914375,8.498789062499995
39,118,M118,DECK_LONG,1.1176143457667798,CRITICO,-108.3723070625,5.099273437500003
39,119,M119,ARCH,1.809092068994986,FALLA,-108.3723070625,5.099273437500003
39,120,M120,DECK_LONG,1.4568292733442698,FALLA,-111.77182268749999,1.6997578125000103
39,121,M121,ARCH,2.0092738235729617,FALLA,-111.77182268749999,1.6997578125000103
39,122,M122,SPANDREL,2.1666001500000003,FALLA,-36.0606976,0.0
39,123,M123,SPANDREL,1.5874395853587304,FALLA,-38.8191824375,2.7584848374999993
39,124,M124,SPANDREL,1.5340797685961491,FALLA,-41.577667274999996,5.516969674999999
39,125,M125,SPANDREL,1.5606552792235642,FALLA,-44.3361521125,8.275454512500005
39,126,M126,SPANDREL,1.3846818946296482,FALLA,-47.094636949999995,11.033939349999997
39,127,M127,SPANDREL,1.496322924202135,FALLA,-49.8531217875,8.275454512499998
39,128,M128,SPANDREL,1.6507492655605813,FALLA,-52.611606625,5.516969674999999
39,129,M129,SPANDREL,1.6420846657497363,FALLA,-55.3700914625,2.7584848374999993
39,130,M130,SPANDREL,2.1430866600000003,FALLA,-58.1285763,0.0
39,131,M131,SPANDREL,1.7814923122865323,FALLA,-61.6469362,3.5183599
39,132,M132,SPANDREL,1.4764574080605026,FALLA,-65.1652961,7.036719800000007
39,133,M133,SPANDREL,1.5211846477714142,FALLA,-68.683656,10.5550797
39,134,M134,SPANDREL,1.3584808685692553,FALLA,-72.2020159,14.0734396
39,135,M135,SPANDREL,1.4578019541142722,FALLA,-75.7203758,10.555079700000007
39,136,M136,SPANDREL,1.5900310548343872,FALLA,-79.2387357,7.0367198
39,137,M137,SPANDREL,1.5677132348121492,FALLA,-82.75709560000001,3.518359899999993
39,138,M138,SPANDREL,2.1195731700000002,FALLA,-86.2754555,0.0
39,139,M139,SPANDREL,1.771727070887194,FALLA,-89.67497112500001,3.3995156250000065
39,140,M140,SPANDREL,1.4645153854035435,FALLA,-93.07448675,6.799031249999999
39,141,M141,SPANDREL,1.5072522001478623,FALLA,-96.474002375,10.198546874999991
39,142,M142,SPANDREL,1.3431454285564977,FALLA,-99.873518,13.598062499999997
39,143,M143,SPANDREL,1.4437641979575466,FALLA,-103.27303362500001,10.198546874999991
39,144,M144,SPANDREL,1.5784760196981902,FALLA,-106.67254925,6.799031249999999
39,145,M145,SPANDREL,1.5568919021119505,FALLA,-110.072064875,3.3995156250000065
39,146,M146,SPANDREL,2.0960596800000006,FALLA,-113.4715805,0.0
39,147,M147,DECK_CROSS,1.5138717750000001,FALLA,-36.0606976,0.0
39,148,M148,DECK_CROSS,1.112151579321501,CRITICO,-38.8191824375,2.7584848374999993
39,149,M149,DECK_CROSS,1.0730434391989834,CRITICO,-41.577667274999996,5.516969674999999
39,150,M150,DECK_CROSS,1.0900760156408864,CRITICO,-44.3361521125,8.275454512500005
39,151,M151,DECK_CROSS,0.9696607176282838,ALTO,-47.094636949999995,11.033939349999997
39,152,M152,DECK_CROSS,1.0462130463080934,CRITICO,-49.8531217875,8.275454512499998
39,153,M153,DECK_CROSS,0.9816485721378713,ALTO,-52.611606625,5.516969674999999
39,154,M154,DECK_CROSS,1.1494095886790052,CRITICO,-55.3700914625,2.7584848374999993
39,155,M155,DECK_CROSS,1.49783985,FALLA,-58.1285763,0.0
39,156,M156,DECK_CROSS,1.0616974386354083,CRITICO,-61.6469362,3.5183599
39,157,M157,DECK_CROSS,1.0330368935284204,CRITICO,-65.1652961,7.036719800000007
39,158,M158,DECK_CROSS,1.0627805199076379,CRITICO,-68.683656,10.5550797
39,159,M159,DECK_CROSS,0.9516133107972679,ALTO,-72.2020159,14.0734396
39,160,M160,DECK_CROSS,1.0195650469595863,CRITICO,-75.7203758,10.555079700000007
39,161,M161,DECK_CROSS,1.110473470874251,CRITICO,-79.2387357,7.0367198
39,162,M162,DECK_CROSS,1.097687182317965,CRITICO,-82.75709560000001,3.518359899999993
39,163,M163,DECK_CROSS,1.4818079250000002,FALLA,-86.2754555,0.0
39,164,M164,DECK_CROSS,1.0542836986192508,CRITICO,-89.67497112500001,3.3995156250000065
39,165,M165,DECK_CROSS,1.0249844283754481,CRITICO,-93.07448675,6.799031249999999
39,166,M166,DECK_CROSS,1.053323672702963,CRITICO,-96.474002375,10.198546874999991
39,167,M167,DECK_CROSS,0.9411752471254172,ALTO,-99.873518,13.598062499999997
39,168,M168,DECK_CROSS,1.010036398482293,CRITICO,-103.27303362500001,10.198546874999991
39,169,M169,DECK_CROSS,1.102684860849071,CRITICO,-106.67254925,6.799031249999999
39,170,M170,DECK_CROSS,1.0904512354501,CRITICO,-110.072064875,3.3995156250000065
39,171,M171,DECK_CROSS,1.4657760000000002,FALLA,-113.4715805,0.0
40,1,M001,DECK_LONG,1.391985061104485,FALLA,-37.439940018749994,1.379242418749996
40,2,M002,ARCH,2.2502149705504015,FALLA,-37.439940018749994,1.379242418749996
40,3,M003,DECK_LONG,1.1535440297312514,CRITICO,-40.19842485625,4.1377272562500025
40,4,M004,ARCH,1.8696695499604918,FALLA,-40.19842485625,4.1377272562500025
40,5,M005,DECK_LONG,1.2199482270038888,CRITICO,-42.95690969375,6.896212093750002
40,6,M006,ARCH,1.679071197738892,FALLA,-42.95690969375,6.896212093750002
40,7,M007,DECK_LONG,1.1395605416557442,CRITICO,-45.71539453125,9.654696931250001
40,8,M008,ARCH,1.838834329576289,FALLA,-45.71539453125,9.654696931250001
40,9,M009,DECK_LONG,1.0908767843381728,CRITICO,-48.47387936875,9.654696931250001
40,10,M010,ARCH,1.7646212848848695,FALLA,-48.47387936875,9.654696931250001
40,11,M011,DECK_LONG,1.070000114124807,CRITICO,-51.23236420625,6.896212093750002
40,12,M012,ARCH,1.7355105657301149,FALLA,-51.23236420625,6.896212093750002
40,13,M013,DECK_LONG,1.285659328862865,FALLA,-53.99084904375,4.137727256249995
40,14,M014,ARCH,1.7674689636282468,FALLA,-53.99084904375,4.137727256249995
40,15,M015,DECK_LONG,1.4215533712259845,FALLA,-56.749333881249996,1.3792424187500032
40,16,M016,ARCH,2.2952886140282973,FALLA,-56.749333881249996,1.3792424187500032
40,17,M017,DECK_LONG,1.3243412079679011,FALLA,-59.887756249999995,1.7591799499999965
40,18,M018,ARCH,2.1437226401511573,FALLA,-59.887756249999995,1.7591799499999965
40,19,M019,DECK_LONG,1.2824710987747243,FALLA,-63.40611615,5.277539850000004
40,20,M020,ARCH,1.768797247148647,FALLA,-63.40611615,5.277539850000004
40,21,M021,DECK_LONG,1.1698209945717872,CRITICO,-66.92447605000001,8.795899750000011
40,22,M022,ARCH,1.6063197150836845,FALLA,-66.92447605000001,8.795899750000011
40,23,M023,DECK_LONG,1.1027261051971207,CRITICO,-70.44283595,12.314259650000004
40,24,M024,ARCH,1.7816264082211355,FALLA,-70.44283595,12.314259650000004
40,25,M025,DECK_LONG,1.054548751086567,CRITICO,-73.96119585,12.314259650000011
40,26,M026,ARCH,1.7081853196379744,FALLA,-73.96119585,12.314259650000011
40,27,M027,DECK_LONG,1.2060945137833157,CRITICO,-77.47955575,8.795899750000004
40,28,M028,ARCH,1.6616147138817456,FALLA,-77.47955575,8.795899750000004
40,29,M029,DECK_LONG,1.2175841681819553,CRITICO,-80.99791565000001,5.277539849999997
40,30,M030,ARCH,1.9637140490548304,FALLA,-80.99791565000001,5.277539849999997
40,31,M031,DECK_LONG,1.3531312342280732,FALLA,-84.51627555000002,1.7591799499999894
40,32,M032,ARCH,2.187609875303859,FALLA,-84.51627555000002,1.7591799499999894
40,33,M033,DECK_LONG,1.2985169347268823,FALLA,-87.97521331250002,1.6997578125000103
40,34,M034,ARCH,2.1048566876498134,FALLA,-87.97521331250002,1.6997578125000103
40,35,M035,DECK_LONG,1.2612816045185506,FALLA,-91.37472893750001,5.099273437500003
40,36,M036,ARCH,1.735676461107243,FALLA,-91.37472893750001,5.099273437500003
40,37,M037,DECK_LONG,1.1472198423683735,CRITICO,-94.7742445625,8.498789062499995
40,38,M038,ARCH,1.8513558972934792,FALLA,-94.7742445625,8.498789062499995
40,39,M039,DECK_LONG,1.07892619015904,CRITICO,-98.1737601875,11.898304687499987
40,40,M040,ARCH,1.7454563274610944,FALLA,-98.1737601875,11.898304687499987
40,41,M041,DECK_LONG,1.0306960458969636,CRITICO,-101.57327581250001,11.898304687499987
40,42,M042,ARCH,1.671934766085978,FALLA,-101.57327581250001,11.898304687499987
40,43,M043,DECK_LONG,1.1835818025068323,CRITICO,-104.9727914375,8.498789062499995
40,44,M044,ARCH,1.6268651372923237,FALLA,-104.9727914375,8.498789062499995
40,45,M045,DECK_LONG,1.1961089988139448,CRITICO,-108.3723070625,5.099273437500003
40,46,M046,ARCH,1.9314514154745583,FALLA,-108.3723070625,5.099273437500003
40,47,M047,DECK_LONG,1.3274222774519673,FALLA,-111.77182268749999,1.6997578125000103
40,48,M048,ARCH,2.148919710096589,FALLA,-111.77182268749999,1.6997578125000103
40,49,M049,SPANDREL,2.3117292000000007,FALLA,-36.0606976,0.0
40,50,M050,SPANDREL,1.7010032716585008,FALLA,-38.8191824375,2.7584848374999993
40,51,M051,SPANDREL,1.6396106065487015,FALLA,-41.577667274999996,5.516969674999999
40,52,M052,SPANDREL,1.4173890185158224,FALLA,-44.3361521125,8.275454512500005
40,53,M053,SPANDREL,1.4826651550809022,FALLA,-47.094636949999995,11.033939349999997
40,54,M054,SPANDREL,1.5982283070850827,FALLA,-49.8531217875,8.275454512499998
40,55,M055,SPANDREL,1.5021277296020714,FALLA,-52.611606625,5.516969674999999
40,56,M056,SPANDREL,1.7570495079569688,FALLA,-55.3700914625,2.7584848374999993
40,57,M057,SPANDREL,2.2876128000000002,FALLA,-58.1285763,0.0
40,58,M058,SPANDREL,1.6241525354179212,FALLA,-61.6469362,3.5183599
40,59,M059,SPANDREL,1.578754238842654,FALLA,-65.1652961,7.036719800000007
40,60,M060,SPANDREL,1.622789573595969,FALLA,-68.683656,10.5550797
40,61,M061,SPANDREL,1.4553448012420895,FALLA,-72.2020159,14.0734396
40,62,M062,SPANDREL,1.5577816826655668,FALLA,-75.7203758,10.555079700000007
40,63,M063,SPANDREL,1.4449194996001058,FALLA,-79.2387357,7.0367198
40,64,M064,SPANDREL,1.678290953265186,FALLA,-82.75709560000001,3.518359899999993
40,65,M065,SPANDREL,2.2634964000000006,FALLA,-86.2754555,0.0
40,66,M066,SPANDREL,1.6131339675051528,FALLA,-89.67497112500001,3.3995156250000065
40,67,M067,SPANDREL,1.5667255778642086,FALLA,-93.07448675,6.799031249999999
40,68,M068,SPANDREL,1.6086038921534846,FALLA,-96.474002375,10.198546874999991
40,69,M069,SPANDREL,1.439659944753265,FALLA,-99.873518,13.598062499999997
40,70,M070,SPANDREL,1.5434879924711096,FALLA,-103.27303362500001,10.198546874999991
40,71,M071,SPANDREL,1.4324348140472765,FALLA,-106.67254925,6.799031249999999
40,72,M072,SPANDREL,1.667539834874635,FALLA,-110.072064875,3.3995156250000065
40,73,M073,SPANDREL,2.2393800000000006,FALLA,-113.4715805,0.0
40,74,M074,DECK_LONG,1.3328484408614838,FALLA,-37.439940018749994,1.379242418749996
40,75,M075,ARCH,2.1600676835946073,FALLA,-37.439940018749994,1.379242418749996
40,76,M076,DECK_LONG,1.3014342899532068,FALLA,-40.19842485625,4.1377272562500025
40,77,M077,ARCH,1.791516160412304,FALLA,-40.19842485625,4.1377272562500025
40,78,M078,DECK_LONG,1.1718167339809735,CRITICO,-42.95690969375,6.896212093750002
40,79,M079,ARCH,1.890718827705979,FALLA,-42.95690969375,6.896212093750002
40,80,M080,DECK_LONG,1.0926798864610459,CRITICO,-45.71539453125,9.654696931250001
40,81,M081,ARCH,1.7673699161697365,FALLA,-45.71539453125,9.654696931250001
40,82,M082,DECK_LONG,1.0439961291434745,CRITICO,-48.47387936875,9.654696931250001
40,83,M083,ARCH,1.693156871478317,FALLA,-48.47387936875,9.654696931250001
40,84,M084,DECK_LONG,1.208840959383216,CRITICO,-51.23236420625,6.896212093750002
40,85,M085,ARCH,1.6621393873415247,FALLA,-51.23236420625,6.896212093750002
40,86,M086,DECK_LONG,1.2343907053192538,CRITICO,-53.99084904375,4.137727256249995
40,87,M087,ARCH,1.9929114334787883,FALLA,-53.99084904375,4.137727256249995
40,88,M088,DECK_LONG,1.3624167509829836,FALLA,-56.749333881249996,1.3792424187500032
40,89,M089,ARCH,2.205141327072503,FALLA,-56.749333881249996,1.3792424187500032
40,90,M090,DECK_LONG,1.4904375133150458,FALLA,-59.887756249999995,1.7591799499999965
40,91,M091,ARCH,2.0559481698457556,FALLA,-59.887756249999995,1.7591799499999965
40,92,M092,DECK_LONG,1.232851681262607,CRITICO,-63.40611615,5.277539850000004
40,93,M093,ARCH,1.6931578911850536,FALLA,-63.40611615,5.277539850000004
40,94,M094,DECK_LONG,1.1226654195968007,CRITICO,-66.92447605000001,8.795899750000011
40,95,M095,ARCH,1.8136759605764148,FALLA,-66.92447605000001,8.795899750000011
40,96,M096,DECK_LONG,1.056333097535106,CRITICO,-70.44283595,12.314259650000004
40,97,M097,ARCH,1.710905359955869,FALLA,-70.44283595,12.314259650000004
40,98,M098,DECK_LONG,1.1883747347269944,CRITICO,-73.96119585,12.314259650000011
40,99,M099,ARCH,1.637464271372708,FALLA,-73.96119585,12.314259650000011
40,100,M100,DECK_LONG,1.1589389388083289,CRITICO,-77.47955575,8.795899750000004
40,101,M101,ARCH,1.589731215444266,FALLA,-77.47955575,8.795899750000004
40,102,M102,DECK_LONG,1.167964750669838,CRITICO,-80.99791565000001,5.277539849999997
40,103,M103,ARCH,1.8880746930912367,FALLA,-80.99791565000001,5.277539849999997
40,104,M104,DECK_LONG,1.2955511817077299,FALLA,-84.51627555000002,1.7591799499999894
40,105,M105,ARCH,2.0998354049984576,FALLA,-84.51627555000002,1.7591799499999894
40,106,M106,DECK_LONG,1.4652785273716018,FALLA,-87.97521331250002,1.6997578125000103
40,107,M107,ARCH,2.0167306427562623,FALLA,-87.97521331250002,1.6997578125000103
40,108,M108,DECK_LONG,1.2114437295679696,CRITICO,-91.37472893750001,5.099273437500003
40,109,M109,ARCH,1.9548275294288646,FALLA,-91.37472893750001,5.099273437500003
40,110,M110,DECK_LONG,1.0999492941883773,CRITICO,-94.7742445625,8.498789062499995
40,111,M111,ARCH,1.7792971348239726,FALLA,-94.7742445625,8.498789062499995
40,112,M112,DECK_LONG,1.0324823475362999,CRITICO,-98.1737601875,11.898304687499987
40,113,M113,ARCH,1.6746577868776489,FALLA,-98.1737601875,11.898304687499987
40,114,M114,DECK_LONG,1.1646686688471757,CRITICO,-101.57327581250001,11.898304687499987
40,115,M115,ARCH,1.6011362255025328,FALLA,-101.57327581250001,11.898304687499987
40,116,M116,DECK_LONG,1.1363112543268359,CRITICO,-104.9727914375,8.498789062499995
40,117,M117,ARCH,1.8347269521082086,FALLA,-104.9727914375,8.498789062499995
40,118,M118,DECK_LONG,1.1462711238633638,CRITICO,-108.3723070625,5.099273437500003
40,119,M119,ARCH,1.8554790451230627,FALLA,-108.3723070625,5.099273437500003
40,120,M120,DECK_LONG,1.4941838700966867,FALLA,-111.77182268749999,1.6997578125000103
40,121,M121,ARCH,2.060793665203038,FALLA,-111.77182268749999,1.6997578125000103
40,122,M122,SPANDREL,2.222154,FALLA,-36.0606976,0.0
40,123,M123,SPANDREL,1.6281431644704925,FALLA,-38.8191824375,2.7584848374999993
40,124,M124,SPANDREL,1.5734151472781017,FALLA,-41.577667274999996,5.516969674999999
40,125,M125,SPANDREL,1.6006720812549375,FALLA,-44.3361521125,8.275454512500005
40,126,M126,SPANDREL,1.4201865585945108,FALLA,-47.094636949999995,11.033939349999997
40,127,M127,SPANDREL,1.5346901786688563,FALLA,-49.8531217875,8.275454512499998
40,128,M128,SPANDREL,1.6930761698057244,FALLA,-52.611606625,5.516969674999999
40,129,M129,SPANDREL,1.6841894007689604,FALLA,-55.3700914625,2.7584848374999993
40,130,M130,SPANDREL,2.1980376,FALLA,-58.1285763,0.0
40,131,M131,SPANDREL,1.8271716023451614,FALLA,-61.6469362,3.5183599
40,132,M132,SPANDREL,1.514315290318464,FALLA,-65.1652961,7.036719800000007
40,133,M133,SPANDREL,1.5601893823296555,FALLA,-68.683656,10.5550797
40,134,M134,SPANDREL,1.3933137113530822,FALLA,-72.2020159,14.0734396
40,135,M135,SPANDREL,1.4951814913992534,FALLA,-75.7203758,10.555079700000007
40,136,M136,SPANDREL,1.6308010818814227,FALLA,-79.2387357,7.0367198
40,137,M137,SPANDREL,1.6079110100637428,FALLA,-82.75709560000001,3.518359899999993
40,138,M138,SPANDREL,2.1739212000000006,FALLA,-86.2754555,0.0
40,139,M139,SPANDREL,1.8171559701407116,FALLA,-89.67497112500001,3.3995156250000065
40,140,M140,SPANDREL,1.5020670619523524,FALLA,-93.07448675,6.799031249999999
40,141,M141,SPANDREL,1.5458996924593458,FALLA,-96.474002375,10.198546874999991
40,142,M142,SPANDREL,1.377585054929741,FALLA,-99.873518,13.598062499999997
40,143,M143,SPANDREL,1.4807837927769707,FALLA,-103.27303362500001,10.198546874999991
40,144,M144,SPANDREL,1.6189497637930157,FALLA,-106.67254925,6.799031249999999
40,145,M145,SPANDREL,1.596812207294308,FALLA,-110.072064875,3.3995156250000065
40,146,M146,SPANDREL,2.1498048000000005,FALLA,-113.4715805,0.0
40,147,M147,DECK_CROSS,1.5526890000000002,FALLA,-36.0606976,0.0
40,148,M148,DECK_CROSS,1.1406682864835909,CRITICO,-38.8191824375,2.7584848374999993
40,149,M149,DECK_CROSS,1.1005573735374188,CRITICO,-41.577667274999996,5.516969674999999
40,150,M150,DECK_CROSS,1.1180266827086014,CRITICO,-44.3361521125,8.275454512500005
40,151,M151,DECK_CROSS,0.9945238129520859,ALTO,-47.094636949999995,11.033939349999997
40,152,M152,DECK_CROSS,1.0730390218544548,CRITICO,-49.8531217875,8.275454512499998
40,153,M153,DECK_CROSS,1.0068190483465345,CRITICO,-52.611606625,5.516969674999999
40,154,M154,DECK_CROSS,1.1788816294143645,CRITICO,-55.3700914625,2.7584848374999993
40,155,M155,DECK_CROSS,1.5362460000000002,FALLA,-58.1285763,0.0
40,156,M156,DECK_CROSS,1.0889204498824698,CRITICO,-61.6469362,3.5183599
40,157,M157,DECK_CROSS,1.059525019003508,CRITICO,-65.1652961,7.036719800000007
40,158,M158,DECK_CROSS,1.090031302469372,CRITICO,-68.683656,10.5550797
40,159,M159,DECK_CROSS,0.9760136520997618,ALTO,-72.2020159,14.0734396
40,160,M160,DECK_CROSS,1.0457077404713704,CRITICO,-75.7203758,10.555079700000007
40,161,M161,DECK_CROSS,1.1389471496146162,CRITICO,-79.2387357,7.0367198
40,162,M162,DECK_CROSS,1.125833007505605,CRITICO,-82.75709560000001,3.518359899999993
40,163,M163,DECK_CROSS,1.5198030000000002,FALLA,-86.2754555,0.0
40,164,M164,DECK_CROSS,1.0813166139684625,CRITICO,-89.67497112500001,3.3995156250000065
40,165,M165,DECK_CROSS,1.0512660803850749,CRITICO,-93.07448675,6.799031249999999
40,166,M166,DECK_CROSS,1.0803319720030389,CRITICO,-96.474002375,10.198546874999991
40,167,M167,DECK_CROSS,0.9653079457696585,ALTO,-99.873518,13.598062499999997
40,168,M168,DECK_CROSS,1.0359347676741466,CRITICO,-103.27303362500001,10.198546874999991
40,169,M169,DECK_CROSS,1.1309588316400727,CRITICO,-106.67254925,6.799031249999999
40,170,M170,DECK_CROSS,1.118411523538564,CRITICO,-110.072064875,3.3995156250000065
40,171,M171,DECK_CROSS,1.5033600000000003,FALLA,-113.4715805,0.0
